{"features":[{"geometry":{"coordinates":[1.39221e6,-2.034558e6],"type":"Point"},"properties":{"alt":"","lat":-67.589,"lon":145.617,"name":"AAE Glacier","source":"SCAR CGA 18717 (Australia)","tier":3,"type":"glacier"},"type":"Feature"},{"geometry":{"coordinates":[2.400983e6,-849082.0],"type":"Point"},"properties":{"alt":"","lat":-66.868,"lon":109.476,"name":"ANZAC Glacier","source":"SCAR CGA 18719 (Australia)","tier":3,"type":"glacier"},"type":"Feature"},{"geometry":{"coordinates":[-2.309247e6,1.100628e6],"type":"Point"},"properties":{"alt":"Alderete, Glaciar","lat":-66.767,"lon":-64.517,"name":"Aagaard Glacier","source":"SCAR CGA 1 (United States of America)","tier":3,"type":"glacier"},"type":"Feature"},{"geometry":{"coordinates":[-529048.0,-6156.0],"type":"Point"},"properties":{"alt":"","lat":-85.133,"lon":-90.667,"name":"Aaron Glacier","source":"SCAR CGA 3 (United States of America)","tier":3,"type":"glacier"},"type":"Feature"},{"geometry":{"coordinates":[-1.877627e6,-197347.0],"type":"Point"},"properties":{"alt":"","lat":-72.75,"lon":-96.0,"name":"Abbot Ice Shelf","source":"SCAR CGA 6 (United States of America)","tier":3,"type":"iceshelf"},"type":"Feature"},{"geometry":{"coordinates":[-546861.0,303130.0],"type":"Point"},"properties":{"alt":"","lat":-84.25,"lon":-61.0,"name":"Academy Glacier","source":"SCAR CGA 27 (United States of America)","tier":3,"type":"glacier"},"type":"Feature"},{"geometry":{"coordinates":[-1.939304e6,-374037.0],"type":"Point"},"properties":{"alt":"","lat":-71.967,"lon":-100.917,"name":"Acosta Glacier","source":"SCAR CGA 17439 (United States of America)","tier":3,"type":"glacier"},"type":"Feature"},{"geometry":{"coordinates":[365082.0,-1.24311e6],"type":"Point"},"properties":{"alt":"","lat":-78.117,"lon":163.633,"name":"Adams Glacier","source":"SCAR CGA 55 (United States of America)","tier":3,"type":"glacier"},"type":"Feature"},{"geometry":{"coordinates":[2.40181e6,-858398.0],"type":"Point"},"properties":{"alt":"","lat":-66.833,"lon":109.667,"name":"Adams Glacier","source":"SCAR CGA 54 (United States of America)","tier":3,"type":"glacier"},"type":"Feature"},{"geometry":{"coordinates":[340908.0,-1.973648e6],"type":"Point"},"properties":{"alt":"","lat":-71.717,"lon":170.2,"name":"Adare Glacier","source":"SCAR CGA 67 (New Zealand)","tier":3,"type":"glacier"},"type":"Feature"},{"geometry":{"coordinates":[325538.0,-1.355964e6],"type":"Point"},"properties":{"alt":"","lat":-77.217,"lon":166.5,"name":"Adele Glacier","source":"SCAR CGA 76 (New Zealand)","tier":3,"type":"glacier"},"type":"Feature"},{"geometry":{"coordinates":[-2.635417e6,1.613929e6],"type":"Point"},"properties":{"alt":"","lat":-62.1,"lon":-58.517,"name":"Admiralen Glacier","source":"SCAR CGA 19902 (United Kingdom)","tier":3,"type":"glacier"},"type":"Feature"},{"geometry":{"coordinates":[516861.0,-1.756145e6],"type":"Point"},"properties":{"alt":"","lat":-73.267,"lon":163.6,"name":"Aeronaut Glacier","source":"SCAR CGA 99 (United States of America)","tier":3,"type":"glacier"},"type":"Feature"},{"geometry":{"coordinates":[318035.0,-835770.0],"type":"Point"},"properties":{"alt":"","lat":-81.783,"lon":159.167,"name":"Ahern Glacier","source":"SCAR CGA 123 (United States of America)","tier":3,"type":"glacier"},"type":"Feature"},{"geometry":{"coordinates":[-2.219217e6,999684.0],"type":"Point"},"properties":{"alt":"Ahlmann, glaciar, Ahlmann, Glaciar","lat":-67.867,"lon":-65.75,"name":"Ahlmann Glacier","source":"SCAR CGA 124 (United States of America)","tier":3,"type":"glacier"},"type":"Feature"},{"geometry":{"coordinates":[-1.101054e6,148868.0],"type":"Point"},"properties":{"alt":"","lat":-79.8,"lon":-82.3,"name":"Ahrnsbrak Glacier","source":"SCAR CGA 128 (United States of America)","tier":3,"type":"glacier"},"type":"Feature"},{"geometry":{"coordinates":[385309.0,-1.292492e6],"type":"Point"},"properties":{"alt":"","lat":-77.633,"lon":163.4,"name":"Aiken Glacier","source":"SCAR CGA 16638 (United States of America)","tier":3,"type":"glacier"},"type":"Feature"},{"geometry":{"coordinates":[460019.0,-1.282019e6],"type":"Point"},"properties":{"alt":"","lat":-77.512,"lon":160.261,"name":"Airdevronsix Glacier","source":"SCAR CGA 17995 (New Zealand)","tier":3,"type":"glacier"},"type":"Feature"},{"geometry":{"coordinates":[-2.0903e6,916129.0],"type":"Point"},"properties":{"alt":"","lat":-69.217,"lon":-66.333,"name":"Airy Glacier","source":"SCAR CGA 135 (United States of America)","tier":3,"type":"glacier"},"type":"Feature"},{"geometry":{"coordinates":[-2.460183e6,1.493857e6],"type":"Point"},"properties":{"alt":"","lat":-63.95,"lon":-58.733,"name":"Aitkenhead Glacier","source":"SCAR CGA 139 (United States of America)","tier":3,"type":"glacier"},"type":"Feature"},{"geometry":{"coordinates":[1.63719e6,1.762856e6],"type":"Point"},"properties":{"alt":"Akebono Hyôga, Daggrybreen","lat":-68.117,"lon":42.883,"name":"Akebono Glacier","source":"SCAR CGA 149 (United States of America)","tier":3,"type":"glacier"},"type":"Feature"},{"geometry":{"coordinates":[-217815.0,-392949.0],"type":"Point"},"properties":{"alt":"","lat":-85.867,"lon":-151.0,"name":"Albanus Glacier","source":"SCAR CGA 167 (United States of America)","tier":3,"type":"glacier"},"type":"Feature"},{"geometry":{"coordinates":[323436.0,-1.348938e6],"type":"Point"},"properties":{"alt":"","lat":-77.283,"lon":166.517,"name":"Albatross Glacier","source":"SCAR CGA 168 (New Zealand)","tier":3,"type":"glacier"},"type":"Feature"},{"geometry":{"coordinates":[426871.0,-1.283223e6],"type":"Point"},"properties":{"alt":"","lat":-77.6,"lon":161.6,"name":"Alberich Glacier","source":"SCAR CGA 169 (United States of America)","tier":3,"type":"glacier"},"type":"Feature"},{"geometry":{"coordinates":[-2.306006e6,1.081032e6],"type":"Point"},"properties":{"alt":"","lat":-66.867,"lon":-64.883,"name":"Alberts Glacier","source":"SCAR CGA 171 (United States of America)","tier":3,"type":"glacier"},"type":"Feature"},{"geometry":{"coordinates":[-2.458744e6,1.436774e6],"type":"Point"},"properties":{"alt":"Albone, glaciar","lat":-64.217,"lon":-59.7,"name":"Albone Glacier","source":"SCAR CGA 176 (United States of America)","tier":3,"type":"glacier"},"type":"Feature"},{"geometry":{"coordinates":[441564.0,-1.386384e6],"type":"Point"},"properties":{"alt":"","lat":-76.667,"lon":162.333,"name":"Albrecht Penck Glacier","source":"SCAR CGA 177 (United States of America)","tier":3,"type":"glacier"},"type":"Feature"},{"geometry":{"coordinates":[263343.0,-814514.0],"type":"Point"},"properties":{"alt":"","lat":-82.133,"lon":162.083,"name":"Algie Glacier","source":"SCAR CGA 217 (United States of America)","tier":3,"type":"glacier"},"type":"Feature"},{"geometry":{"coordinates":[113933.0,-646147.0],"type":"Point"},"properties":{"alt":"","lat":-83.967,"lon":170.0,"name":"Alice Glacier","source":"SCAR CGA 222 (United States of America)","tier":3,"type":"glacier"},"type":"Feature"},{"geometry":{"coordinates":[-1.913694e6,597270.0],"type":"Point"},"properties":{"alt":"","lat":-71.7,"lon":-72.667,"name":"Aljab'eva, lednik","source":"SCAR CGA 225 (Russia)","tier":3,"type":"glacier"},"type":"Feature"},{"geometry":{"coordinates":[407906.0,-1.013843e6],"type":"Point"},"properties":{"alt":"","lat":-79.967,"lon":158.083,"name":"Alley Glacier","source":"SCAR CGA 17019 (United States of America)","tier":3,"type":"glacier"},"type":"Feature"},{"geometry":{"coordinates":[1.696567e6,597465.0],"type":"Point"},"properties":{"alt":"","lat":-73.555,"lon":70.6,"name":"Allison Dome","source":"SCAR CGA 247 (Australia)","tier":3,"type":"dome"},"type":"Feature"},{"geometry":{"coordinates":[397046.0,-1.215964e6],"type":"Point"},"properties":{"alt":"","lat":-78.267,"lon":161.917,"name":"Allison Glacier","source":"SCAR CGA 248 (United States of America)","tier":3,"type":"glacier"},"type":"Feature"},{"geometry":{"coordinates":[-1.736814e6,433036.0],"type":"Point"},"properties":{"alt":"","lat":-73.633,"lon":-76.0,"name":"Alos Ice Rumples","source":"SCAR CGA 20083 (United Kingdom)","tier":3,"type":"glacier"},"type":"Feature"},{"geometry":{"coordinates":[-2.437578e6,1.530163e6],"type":"Point"},"properties":{"alt":"","lat":-63.951,"lon":-57.882,"name":"Alpha Glacier","source":"SCAR CGA 19897 (United Kingdom)","tier":3,"type":"glacier"},"type":"Feature"},{"geometry":{"coordinates":[622368.0,-1.975906e6],"type":"Point"},"properties":{"alt":"","lat":-71.1,"lon":162.517,"name":"Alt Glacier","source":"SCAR CGA 266 (United States of America)","tier":3,"type":"glacier"},"type":"Feature"},{"geometry":{"coordinates":[398496.0,1.97041e6],"type":"Point"},"properties":{"alt":"Altarduken","lat":-71.65,"lon":11.433,"name":"Altarduken Glacier","source":"SCAR CGA 270 (United States of America)","tier":3,"type":"glacier"},"type":"Feature"},{"geometry":{"coordinates":[-2.502035e6,1.266611e6],"type":"Point"},"properties":{"alt":"","lat":-64.597,"lon":-63.15,"name":"Altimir Glacier","source":"SCAR CGA 18574 (Bulgaria)","tier":3,"type":"glacier"},"type":"Feature"},{"geometry":{"coordinates":[636027.0,-1.996942e6],"type":"Point"},"properties":{"alt":"","lat":-70.883,"lon":162.333,"name":"Alvarez Glacier","source":"SCAR CGA 274 (United States of America)","tier":3,"type":"glacier"},"type":"Feature"},{"geometry":{"coordinates":[-1.913694e6,597270.0],"type":"Point"},"properties":{"alt":"","lat":-71.7,"lon":-72.667,"name":"Alyabiev Glacier","source":"SCAR CGA 18233 (United States of America)","tier":3,"type":"glacier"},"type":"Feature"},{"geometry":{"coordinates":[-2.377095e6,1.23129e6],"type":"Point"},"properties":{"alt":"","lat":-65.717,"lon":-62.617,"name":"Ambergris Glacier","source":"SCAR CGA 284 (United States of America)","tier":3,"type":"glacier"},"type":"Feature"},{"geometry":{"coordinates":[2.101395e6,723568.0],"type":"Point"},"properties":{"alt":"","lat":-69.75,"lon":71.0,"name":"Amery Ice Shelf","source":"SCAR CGA 295 (United States of America)","tier":3,"type":"iceshelf"},"type":"Feature"},{"geometry":{"coordinates":[462718.0,-1.606627e6],"type":"Point"},"properties":{"alt":"","lat":-74.7,"lon":163.933,"name":"Amorphous Glacier","source":"SCAR CGA 302 (New Zealand)","tier":3,"type":"glacier"},"type":"Feature"},{"geometry":{"coordinates":[373994.0,-1.274827e6],"type":"Point"},"properties":{"alt":"","lat":-77.817,"lon":163.65,"name":"Amos Glacier","source":"SCAR CGA 303 (United States of America)","tier":3,"type":"glacier"},"type":"Feature"},{"geometry":{"coordinates":[372031.0,-1.221945e6],"type":"Point"},"properties":{"alt":"","lat":-78.283,"lon":163.067,"name":"Amphitheatre Glacier","source":"SCAR CGA 309 (United States of America)","tier":3,"type":"glacier"},"type":"Feature"},{"geometry":{"coordinates":[-172057.0,-448224.0],"type":"Point"},"properties":{"alt":"","lat":-85.583,"lon":-159.0,"name":"Amundsen Glacier","source":"SCAR CGA 318 (United States of America)","tier":3,"type":"glacier"},"type":"Feature"},{"geometry":{"coordinates":[-1.013785e6,-1.211756e6],"type":"Point"},"properties":{"alt":"","lat":-75.533,"lon":-140.083,"name":"Anandakrishnan Glacier","source":"SCAR CGA 17443 (United States of America)","tier":3,"type":"glacier"},"type":"Feature"},{"geometry":{"coordinates":[-1.319122e6,105942.0],"type":"Point"},"properties":{"alt":"","lat":-77.864,"lon":-85.408,"name":"Anchialus Glacier","source":"SCAR CGA 19464 (Bulgaria)","tier":3,"type":"glacier"},"type":"Feature"},{"geometry":{"coordinates":[-1.800579e6,-122751.0],"type":"Point"},"properties":{"alt":"","lat":-73.5,"lon":-93.9,"name":"Anderson Dome","source":"SCAR CGA 350 (United States of America)","tier":3,"type":"dome"},"type":"Feature"},{"geometry":{"coordinates":[-2.334856e6,1.142991e6],"type":"Point"},"properties":{"alt":"Anderson, glaciar, Anderson, Glaciar","lat":-66.4,"lon":-63.917,"name":"Anderson Glacier","source":"SCAR CGA 351 (United States of America)","tier":3,"type":"glacier"},"type":"Feature"},{"geometry":{"coordinates":[-538087.0,-8296.0],"type":"Point"},"properties":{"alt":"","lat":-85.05,"lon":-90.883,"name":"Anderson Summit","source":"SCAR CGA 361 (United States of America)","tier":3,"type":"glacier"},"type":"Feature"},{"geometry":{"coordinates":[507027.0,-1.595136e6],"type":"Point"},"properties":{"alt":"","lat":-74.683,"lon":162.367,"name":"Anderton Glacier","source":"SCAR CGA 370 (United States of America)","tier":3,"type":"glacier"},"type":"Feature"},{"geometry":{"coordinates":[-2.490769e6,1.45743e6],"type":"Point"},"properties":{"alt":"","lat":-63.883,"lon":-59.667,"name":"Andrew Glacier","source":"SCAR CGA 381 (United States of America)","tier":3,"type":"glacier"},"type":"Feature"},{"geometry":{"coordinates":[2.577384e6,-634655.0],"type":"Point"},"properties":{"alt":"","lat":-65.917,"lon":103.833,"name":"Angarskij, lednik","source":"SCAR CGA 397 (Russia)","tier":3,"type":"glacier"},"type":"Feature"},{"geometry":{"coordinates":[-2.658281e6,1.487691e6],"type":"Point"},"properties":{"alt":"","lat":-62.483,"lon":-60.767,"name":"Anguita, Glaciar","source":"SCAR CGA 17590 (Chile)","tier":3,"type":"glacier"},"type":"Feature"},{"geometry":{"coordinates":[-2.632981e6,1.632518e6],"type":"Point"},"properties":{"alt":"","lat":-62.033,"lon":-58.2,"name":"Anna Glacier","source":"SCAR CGA 406 (United States of America)","tier":3,"type":"glacier"},"type":"Feature"},{"geometry":{"coordinates":[2.570596e6,-115979.0],"type":"Point"},"properties":{"alt":"","lat":-66.633,"lon":92.583,"name":"Annenkova, lednik","source":"SCAR CGA 410 (Russia)","tier":3,"type":"glacier"},"type":"Feature"},{"geometry":{"coordinates":[386734.0,-1.155826e6],"type":"Point"},"properties":{"alt":"","lat":-78.817,"lon":161.5,"name":"Ant Hill Glacier","source":"SCAR CGA 417 (United States of America)","tier":3,"type":"glacier"},"type":"Feature"},{"geometry":{"coordinates":[-2.294447e6,982610.0],"type":"Point"},"properties":{"alt":"Antevs, glaciar","lat":-67.317,"lon":-66.817,"name":"Antevs Glacier","source":"SCAR CGA 425 (United States of America)","tier":3,"type":"glacier"},"type":"Feature"},{"geometry":{"coordinates":[-1.972507e6,1.015908e6],"type":"Point"},"properties":{"alt":"Anthony, glaciar","lat":-69.783,"lon":-62.75,"name":"Anthony Glacier","source":"SCAR CGA 427 (United States of America)","tier":3,"type":"glacier"},"type":"Feature"},{"geometry":{"coordinates":[435320.0,-1.316285e6],"type":"Point"},"properties":{"alt":"Anu whakatoro Glacier","lat":-77.29,"lon":161.7,"name":"Anu Whakatoro Glacier","source":"SCAR CGA 17996 (United States of America)","tier":3,"type":"glacier"},"type":"Feature"},{"geometry":{"coordinates":[479416.0,1.99435e6],"type":"Point"},"properties":{"alt":"Anuchinbreen, Anuchina, lednik","lat":-71.283,"lon":13.517,"name":"Anuchin Glacier","source":"SCAR CGA 430 (United States of America)","tier":3,"type":"glacier"},"type":"Feature"},{"geometry":{"coordinates":[2.553531e6,-477110.0],"type":"Point"},"properties":{"alt":"","lat":-66.417,"lon":100.583,"name":"Apfel Glacier","source":"SCAR CGA 441 (United States of America)","tier":3,"type":"glacier"},"type":"Feature"},{"geometry":{"coordinates":[-2.10441e6,1.002251e6],"type":"Point"},"properties":{"alt":"Aphrodite, glaciar","lat":-68.783,"lon":-64.533,"name":"Aphrodite Glacier","source":"SCAR CGA 442 (United States of America)","tier":3,"type":"glacier"},"type":"Feature"},{"geometry":{"coordinates":[-2.103107e6,991889.0],"type":"Point"},"properties":{"alt":"Apolo, glaciar","lat":-68.833,"lon":-64.75,"name":"Apollo Glacier","source":"SCAR CGA 444 (United States of America)","tier":3,"type":"glacier"},"type":"Feature"},{"geometry":{"coordinates":[-2.459349e6,1.286629e6],"type":"Point"},"properties":{"alt":"Arago, glaciar","lat":-64.85,"lon":-62.383,"name":"Arago Glacier","source":"SCAR CGA 451 (United States of America)","tier":3,"type":"glacier"},"type":"Feature"},{"geometry":{"coordinates":[-2.660377e6,1.487852e6],"type":"Point"},"properties":{"alt":"","lat":-62.467,"lon":-60.783,"name":"Aranda, Glaciar","source":"SCAR CGA 17593 (Chile)","tier":3,"type":"glacier"},"type":"Feature"},{"geometry":{"coordinates":[-2.442754e6,1.240175e6],"type":"Point"},"properties":{"alt":"","lat":-65.167,"lon":-63.083,"name":"Archer Glacier","source":"SCAR CGA 460 (United States of America)","tier":3,"type":"glacier"},"type":"Feature"},{"geometry":{"coordinates":[-2.635424e6,1.606568e6],"type":"Point"},"properties":{"alt":"Arctowski Icefield (Dome), Arctowski Ice Cap","lat":-62.133,"lon":-58.633,"name":"Arctowski Dome","source":"SCAR CGA 469 (United States of America)","tier":3,"type":"dome"},"type":"Feature"},{"geometry":{"coordinates":[-1.914603e6,612869.0],"type":"Point"},"properties":{"alt":"Arenskogo, lednik","lat":-71.65,"lon":-72.25,"name":"Arensky Glacier","source":"SCAR CGA 485 (United States of America)","tier":3,"type":"glacier"},"type":"Feature"},{"geometry":{"coordinates":[-2.62873e6,1.493326e6],"type":"Point"},"properties":{"alt":"Argentina, Lóbulo","lat":-62.683,"lon":-60.4,"name":"Argentina Glacier","source":"SCAR CGA 491 (United States of America)","tier":3,"type":"glacier"},"type":"Feature"},{"geometry":{"coordinates":[276105.0,-666577.0],"type":"Point"},"properties":{"alt":"","lat":-83.367,"lon":157.5,"name":"Argo Glacier","source":"SCAR CGA 496 (United States of America)","tier":3,"type":"glacier"},"type":"Feature"},{"geometry":{"coordinates":[422411.0,-1.786923e6],"type":"Point"},"properties":{"alt":"","lat":-73.217,"lon":166.7,"name":"Argonaut Glacier","source":"SCAR CGA 498 (United States of America)","tier":3,"type":"glacier"},"type":"Feature"},{"geometry":{"coordinates":[284839.0,-690499.0],"type":"Point"},"properties":{"alt":"","lat":-83.133,"lon":157.583,"name":"Argosy Glacier","source":"SCAR CGA 499 (United States of America)","tier":3,"type":"glacier"},"type":"Feature"},{"geometry":{"coordinates":[-2.648174e6,1.37581e6],"type":"Point"},"properties":{"alt":"","lat":-63.024,"lon":-62.547,"name":"Armira Glacier","source":"SCAR CGA 18429 (Bulgaria)","tier":3,"type":"glacier"},"type":"Feature"},{"geometry":{"coordinates":[-1.870996e6,774992.0],"type":"Point"},"properties":{"alt":"","lat":-71.517,"lon":-67.5,"name":"Armstrong Glacier","source":"SCAR CGA 522 (United States of America)","tier":3,"type":"glacier"},"type":"Feature"},{"geometry":{"coordinates":[333171.0,-1.895948e6],"type":"Point"},"properties":{"alt":"","lat":-72.417,"lon":170.033,"name":"Arneb Glacier","source":"SCAR CGA 529 (United States of America)","tier":3,"type":"glacier"},"type":"Feature"},{"geometry":{"coordinates":[1.681585e6,667087.0],"type":"Point"},"properties":{"alt":"","lat":-73.461,"lon":68.362,"name":"Arriens Glacier","source":"SCAR CGA 535 (Australia)","tier":3,"type":"glacier"},"type":"Feature"},{"geometry":{"coordinates":[650396.0,-2.01969e6],"type":"Point"},"properties":{"alt":"","lat":-70.65,"lon":162.15,"name":"Arruiz Glacier","source":"SCAR CGA 545 (United States of America)","tier":3,"type":"glacier"},"type":"Feature"},{"geometry":{"coordinates":[-805307.0,-1.160846e6],"type":"Point"},"properties":{"alt":"","lat":-77.05,"lon":-145.25,"name":"Arthur Glacier","source":"SCAR CGA 549 (United States of America)","tier":3,"type":"glacier"},"type":"Feature"},{"geometry":{"coordinates":[-1.957537e6,683603.0],"type":"Point"},"properties":{"alt":"Asaf'eva, lednik","lat":-71.083,"lon":-70.75,"name":"Asafiev Glacier","source":"SCAR CGA 555 (United States of America)","tier":3,"type":"glacier"},"type":"Feature"},{"geometry":{"coordinates":[295397.0,-676138.0],"type":"Point"},"properties":{"alt":"","lat":-83.217,"lon":156.4,"name":"Ascent Glacier","source":"SCAR CGA 556 (United States of America)","tier":3,"type":"glacier"},"type":"Feature"},{"geometry":{"coordinates":[-1.864386e6,993399.0],"type":"Point"},"properties":{"alt":"Ashton, glaciar","lat":-70.733,"lon":-61.95,"name":"Ashton Glacier","source":"SCAR CGA 561 (United States of America)","tier":3,"type":"glacier"},"type":"Feature"},{"geometry":{"coordinates":[100715.0,-531224.0],"type":"Point"},"properties":{"alt":"","lat":-85.027,"lon":169.265,"name":"Ashworth Glacier","source":"SCAR CGA 18231 (United States of America)","tier":3,"type":"glacier"},"type":"Feature"},{"geometry":{"coordinates":[483154.0,1.981976e6],"type":"Point"},"properties":{"alt":"Asimutbreen","lat":-71.383,"lon":13.7,"name":"Asimutbreen Glacier","source":"SCAR CGA 567 (United States of America)","tier":3,"type":"glacier"},"type":"Feature"},{"geometry":{"coordinates":[1.784886e6,1.698732e6],"type":"Point"},"properties":{"alt":"","lat":-67.6,"lon":46.417,"name":"Assender Glacier","source":"SCAR CGA 572 (United States of America)","tier":3,"type":"glacier"},"type":"Feature"},{"geometry":{"coordinates":[604757.0,-2.02217e6],"type":"Point"},"properties":{"alt":"","lat":-70.75,"lon":163.35,"name":"Astakhov Glacier","source":"SCAR CGA 574 (United States of America)","tier":3,"type":"glacier"},"type":"Feature"},{"geometry":{"coordinates":[619818.0,-2.027333e6],"type":"Point"},"properties":{"alt":"","lat":-70.667,"lon":163.0,"name":"Astapenko Glacier","source":"SCAR CGA 575 (United States of America)","tier":3,"type":"glacier"},"type":"Feature"},{"geometry":{"coordinates":[-1.239672e6,108457.0],"type":"Point"},"properties":{"alt":"","lat":-78.583,"lon":-85.0,"name":"Aster Glacier","source":"SCAR CGA 18235 (United States of America)","tier":3,"type":"glacier"},"type":"Feature"},{"geometry":{"coordinates":[297652.0,-712724.0],"type":"Point"},"properties":{"alt":"","lat":-82.9,"lon":157.333,"name":"Astro Glacier","source":"SCAR CGA 583 (United States of America)","tier":3,"type":"glacier"},"type":"Feature"},{"geometry":{"coordinates":[1.648394e6,-1.958689e6],"type":"Point"},"properties":{"alt":"","lat":-66.75,"lon":139.917,"name":"Astrolabe Glacier","source":"SCAR CGA 587 (United States of America)","tier":3,"type":"glacier"},"type":"Feature"},{"geometry":{"coordinates":[507609.0,-1.780007e6],"type":"Point"},"properties":{"alt":"","lat":-73.083,"lon":164.083,"name":"Astronaut Glacier","source":"SCAR CGA 592 (United States of America)","tier":3,"type":"glacier"},"type":"Feature"},{"geometry":{"coordinates":[2.457107e6,-381843.0],"type":"Point"},"properties":{"alt":"","lat":-67.4,"lon":98.833,"name":"Astronomicheskij, lednik","source":"SCAR CGA 594 (Russia)","tier":3,"type":"glacier"},"type":"Feature"},{"geometry":{"coordinates":[-2.466374e6,1.264825e6],"type":"Point"},"properties":{"alt":"Astudillo, Ventisquero","lat":-64.883,"lon":-62.85,"name":"Astudillo Glacier","source":"SCAR CGA 597 (United States of America)","tier":3,"type":"glacier"},"type":"Feature"},{"geometry":{"coordinates":[-2.079852e6,1.014411e6],"type":"Point"},"properties":{"alt":"","lat":-68.933,"lon":-64.0,"name":"Athene Glacier","source":"SCAR CGA 601 (United States of America)","tier":3,"type":"glacier"},"type":"Feature"},{"geometry":{"coordinates":[459897.0,-1.378484e6],"type":"Point"},"properties":{"alt":"","lat":-76.683,"lon":161.55,"name":"Atka Glacier","source":"SCAR CGA 607 (United States of America)","tier":3,"type":"glacier"},"type":"Feature"},{"geometry":{"coordinates":[441602.0,-1.978324e6],"type":"Point"},"properties":{"alt":"","lat":-71.5,"lon":167.417,"name":"Atkinson Glacier","source":"SCAR CGA 610 (United States of America)","tier":3,"type":"glacier"},"type":"Feature"},{"geometry":{"coordinates":[-2.350476e6,1.158275e6],"type":"Point"},"properties":{"alt":"Attlee, glaciar, Attlee, Glaciar","lat":-66.217,"lon":-63.767,"name":"Attlee Glacier","source":"SCAR CGA 619 (United States of America)","tier":3,"type":"glacier"},"type":"Feature"},{"geometry":{"coordinates":[289239.0,-1.31919e6],"type":"Point"},"properties":{"alt":"","lat":-77.617,"lon":167.633,"name":"Aurora Glacier","source":"SCAR CGA 641 (United States of America)","tier":3,"type":"glacier"},"type":"Feature"},{"geometry":{"coordinates":[1.943084e6,1.587566e6],"type":"Point"},"properties":{"alt":"","lat":-67.2,"lon":50.75,"name":"Auster Glacier","source":"SCAR CGA 651 (United States of America)","tier":3,"type":"glacier"},"type":"Feature"},{"geometry":{"coordinates":[1.321086e6,1.837133e6],"type":"Point"},"properties":{"alt":"","lat":-69.39,"lon":35.72,"name":"Austisen","source":"SCAR CGA 19967 (Norway)","tier":3,"type":"iceshelf"},"type":"Feature"},{"geometry":{"coordinates":[290693.0,2.073643e6],"type":"Point"},"properties":{"alt":"","lat":-70.9,"lon":7.98,"name":"Austre Orvinbreen","source":"SCAR CGA 19969 (Norway)","tier":3,"type":"glacier"},"type":"Feature"},{"geometry":{"coordinates":[196485.0,1.980168e6],"type":"Point"},"properties":{"alt":"Skorvebreen, Austre","lat":-71.833,"lon":5.667,"name":"Austreskorve Glacier","source":"SCAR CGA 675 (United States of America)","tier":3,"type":"glacier"},"type":"Feature"},{"geometry":{"coordinates":[-2.462623e6,1.263808e6],"type":"Point"},"properties":{"alt":"","lat":-64.917,"lon":-62.833,"name":"Avalanche Glacier","source":"SCAR CGA 16929 (United Kingdom)","tier":3,"type":"glacier"},"type":"Feature"},{"geometry":{"coordinates":[456057.0,-1.707989e6],"type":"Point"},"properties":{"alt":"","lat":-73.833,"lon":165.05,"name":"Aviator Glacier","source":"SCAR CGA 694 (United States of America)","tier":3,"type":"glacier"},"type":"Feature"},{"geometry":{"coordinates":[91906.0,2.177643e6],"type":"Point"},"properties":{"alt":"","lat":-70.133,"lon":2.417,"name":"Avrora, Kupol","source":"SCAR CGA 702 (Russia)","tier":3,"type":"dome"},"type":"Feature"},{"geometry":{"coordinates":[-2.322634e6,973961.0],"type":"Point"},"properties":{"alt":"Avsyuk, glaciar","lat":-67.117,"lon":-67.25,"name":"Avsyuk Glacier","source":"SCAR CGA 703 (United States of America)","tier":3,"type":"glacier"},"type":"Feature"},{"geometry":{"coordinates":[-145672.0,-476471.0],"type":"Point"},"properties":{"alt":"Axel Heibergbreen","lat":-85.417,"lon":-163.0,"name":"Axel Heiberg Glacier","source":"SCAR CGA 705 (United States of America)","tier":3,"type":"glacier"},"type":"Feature"},{"geometry":{"coordinates":[2.42971e6,-803352.0],"type":"Point"},"properties":{"alt":"","lat":-66.758,"lon":108.296,"name":"BANZARE Glacier","source":"SCAR CGA 18720 (Australia)","tier":3,"type":"glacier"},"type":"Feature"},{"geometry":{"coordinates":[-1.874855e6,609177.0],"type":"Point"},"properties":{"alt":"Bach, barrera de hielos, Flores, Barrera de Hielos","lat":-72.0,"lon":-72.0,"name":"Bach Ice Shelf","source":"SCAR CGA 731 (United States of America)","tier":3,"type":"iceshelf"},"type":"Feature"},{"geometry":{"coordinates":[434039.0,-1.335834e6],"type":"Point"},"properties":{"alt":"","lat":-77.125,"lon":162.0,"name":"Bachtold Glacier","source":"SCAR CGA 18371 (United States of America)","tier":3,"type":"glacier"},"type":"Feature"},{"geometry":{"coordinates":[488963.0,-1.560283e6],"type":"Point"},"properties":{"alt":"","lat":-75.033,"lon":162.6,"name":"Backstairs Passage Glacier","source":"SCAR CGA 742 (United States of America)","tier":3,"type":"glacier"},"type":"Feature"},{"geometry":{"coordinates":[501368.0,-1.594988e6],"type":"Point"},"properties":{"alt":"","lat":-74.7,"lon":162.55,"name":"Backwater Glacier","source":"SCAR CGA 743 (New Zealand)","tier":3,"type":"glacier"},"type":"Feature"},{"geometry":{"coordinates":[-2.262211e6,971923.0],"type":"Point"},"properties":{"alt":"","lat":-67.617,"lon":-66.75,"name":"Bader Glacier","source":"SCAR CGA 746 (United States of America)","tier":3,"type":"glacier"},"type":"Feature"},{"geometry":{"coordinates":[-2.455408e6,1.273671e6],"type":"Point"},"properties":{"alt":"","lat":-64.933,"lon":-62.583,"name":"Bagshawe Glacier","source":"SCAR CGA 754 (United States of America)","tier":3,"type":"glacier"},"type":"Feature"},{"geometry":{"coordinates":[351806.0,-1.853014e6],"type":"Point"},"properties":{"alt":"","lat":-72.767,"lon":169.25,"name":"Baker Glacier","source":"SCAR CGA 787 (United States of America)","tier":3,"type":"glacier"},"type":"Feature"},{"geometry":{"coordinates":[-1.915509e6,690883.0],"type":"Point"},"properties":{"alt":"Balakireva, lednik","lat":-71.417,"lon":-70.167,"name":"Balakirev Glacier","source":"SCAR CGA 801 (United States of America)","tier":3,"type":"glacier"},"type":"Feature"},{"geometry":{"coordinates":[-2.510577e6,1.317769e6],"type":"Point"},"properties":{"alt":"","lat":-64.325,"lon":-62.306,"name":"Balanstra Glacier","source":"SCAR CGA 19584 (Bulgaria)","tier":3,"type":"glacier"},"type":"Feature"},{"geometry":{"coordinates":[-2.307848e6,1.085991e6],"type":"Point"},"properties":{"alt":"De Hoz, Glaciar","lat":-66.833,"lon":-64.8,"name":"Balch Glacier","source":"SCAR CGA 804 (United States of America)","tier":3,"type":"glacier"},"type":"Feature"},{"geometry":{"coordinates":[-848909.0,-1.219906e6],"type":"Point"},"properties":{"alt":"","lat":-76.383,"lon":-145.167,"name":"Balchen Glacier","source":"SCAR CGA 805 (United States of America)","tier":3,"type":"glacier"},"type":"Feature"},{"geometry":{"coordinates":[-26332.0,-532057.0],"type":"Point"},"properties":{"alt":"","lat":-85.1,"lon":-177.167,"name":"Baldwin Glacier","source":"SCAR CGA 816 (United States of America)","tier":3,"type":"glacier"},"type":"Feature"},{"geometry":{"coordinates":[-1.404172e6,-882886.0],"type":"Point"},"properties":{"alt":"","lat":-74.82,"lon":-122.16,"name":"Bali Glacier","source":"SCAR CGA 20430 (United Kingdom)","tier":3,"type":"glacier"},"type":"Feature"},{"geometry":{"coordinates":[-1.147741e6,110515.0],"type":"Point"},"properties":{"alt":"","lat":-79.417,"lon":-84.5,"name":"Balish Glacier","source":"SCAR CGA 833 (United States of America)","tier":3,"type":"glacier"},"type":"Feature"},{"geometry":{"coordinates":[-2.387007e6,1.52851e6],"type":"Point"},"properties":{"alt":"","lat":-64.333,"lon":-57.367,"name":"Ball Glacier","source":"SCAR CGA 836 (United States of America)","tier":3,"type":"glacier"},"type":"Feature"},{"geometry":{"coordinates":[384565.0,-1.244888e6],"type":"Point"},"properties":{"alt":"","lat":-78.05,"lon":162.833,"name":"Ball Glacier","source":"SCAR CGA 837 (United States of America)","tier":3,"type":"glacier"},"type":"Feature"},{"geometry":{"coordinates":[615624.0,-2.005264e6],"type":"Point"},"properties":{"alt":"","lat":-70.867,"lon":162.933,"name":"Ballgletscher","source":"SCAR CGA 845 (Germany)","tier":3,"type":"glacier"},"type":"Feature"},{"geometry":{"coordinates":[333707.0,-878490.0],"type":"Point"},"properties":{"alt":"","lat":-81.367,"lon":159.2,"name":"Bally Glacier","source":"SCAR CGA 17280 (United States of America)","tier":3,"type":"glacier"},"type":"Feature"},{"geometry":{"coordinates":[-432332.0,925734.0],"type":"Point"},"properties":{"alt":"","lat":-80.617,"lon":-25.033,"name":"Baltijskij, Kupol","source":"SCAR CGA 850 (Russia)","tier":3,"type":"dome"},"type":"Feature"},{"geometry":{"coordinates":[-2.336553e6,940079.0],"type":"Point"},"properties":{"alt":"","lat":-67.117,"lon":-68.083,"name":"Bamber Glacier","source":"SCAR CGA 20317 (United Kingdom)","tier":3,"type":"glacier"},"type":"Feature"},{"geometry":{"coordinates":[-2.5884e6,1.876175e6],"type":"Point"},"properties":{"alt":"","lat":-61.176,"lon":-54.064,"name":"Banari Glacier","source":"SCAR CGA 19535 (Bulgaria)","tier":3,"type":"glacier"},"type":"Feature"},{"geometry":{"coordinates":[-2.62373e6,1.610975e6],"type":"Point"},"properties":{"alt":"","lat":-62.2,"lon":-58.45,"name":"Baranowski Glacier","source":"SCAR CGA 872 (United States of America)","tier":3,"type":"glacier"},"type":"Feature"},{"geometry":{"coordinates":[636390.0,-2.049511e6],"type":"Point"},"properties":{"alt":"","lat":-70.433,"lon":162.75,"name":"Barber Glacier","source":"SCAR CGA 876 (United States of America)","tier":3,"type":"glacier"},"type":"Feature"},{"geometry":{"coordinates":[-1.520169e6,808288.0],"type":"Point"},"properties":{"alt":"Reconquista, glaciar, Herve, Glaciar","lat":-74.25,"lon":-62.0,"name":"Barcus Glacier","source":"SCAR CGA 881 (United States of America)","tier":3,"type":"glacier"},"type":"Feature"},{"geometry":{"coordinates":[360577.0,-1.81551e6],"type":"Point"},"properties":{"alt":"","lat":-73.083,"lon":168.767,"name":"Bargh Glacier","source":"SCAR CGA 892 (United States of America)","tier":3,"type":"glacier"},"type":"Feature"},{"geometry":{"coordinates":[362266.0,1.964179e6],"type":"Point"},"properties":{"alt":"Barkovbreen, Barkova, lednik","lat":-71.767,"lon":10.45,"name":"Barkov Glacier","source":"SCAR CGA 904 (United States of America)","tier":3,"type":"glacier"},"type":"Feature"},{"geometry":{"coordinates":[317233.0,-1.314627e6],"type":"Point"},"properties":{"alt":"","lat":-77.6,"lon":166.433,"name":"Barne Glacier","source":"SCAR CGA 913 (United States of America)","tier":3,"type":"glacier"},"type":"Feature"},{"geometry":{"coordinates":[-2.265137e6,988828.0],"type":"Point"},"properties":{"alt":"","lat":-67.533,"lon":-66.417,"name":"Barnes Glacier","source":"SCAR CGA 916 (United States of America)","tier":3,"type":"glacier"},"type":"Feature"},{"geometry":{"coordinates":[451195.0,-2.03521e6],"type":"Point"},"properties":{"alt":"","lat":-70.983,"lon":167.5,"name":"Barnett Glacier","source":"SCAR CGA 921 (United States of America)","tier":3,"type":"glacier"},"type":"Feature"},{"geometry":{"coordinates":[-2.413983e6,1.504911e6],"type":"Point"},"properties":{"alt":"","lat":-64.244,"lon":-58.06,"name":"Barnola Glacier","source":"SCAR CGA 19039 (United States of America)","tier":3,"type":"glacier"},"type":"Feature"},{"geometry":{"coordinates":[387413.0,-1.180637e6],"type":"Point"},"properties":{"alt":"","lat":-78.6,"lon":161.833,"name":"Baronick Glacier","source":"SCAR CGA 925 (United States of America)","tier":3,"type":"glacier"},"type":"Feature"},{"geometry":{"coordinates":[-59489.0,-582291.0],"type":"Point"},"properties":{"alt":"","lat":-84.617,"lon":-174.167,"name":"Barrett Glacier","source":"SCAR CGA 934 (United States of America)","tier":3,"type":"glacier"},"type":"Feature"},{"geometry":{"coordinates":[1.703183e6,-1.936421e6],"type":"Point"},"properties":{"alt":"","lat":-66.583,"lon":138.667,"name":"Barré Glacier","source":"SCAR CGA 929 (United States of America)","tier":3,"type":"glacier"},"type":"Feature"},{"geometry":{"coordinates":[-191350.0,-359877.0],"type":"Point"},"properties":{"alt":"","lat":-86.25,"lon":-152.0,"name":"Bartlett Glacier","source":"SCAR CGA 957 (United States of America)","tier":3,"type":"glacier"},"type":"Feature"},{"geometry":{"coordinates":[415274.0,-1.294723e6],"type":"Point"},"properties":{"alt":"","lat":-77.533,"lon":162.217,"name":"Bartley Glacier","source":"SCAR CGA 961 (United States of America)","tier":3,"type":"glacier"},"type":"Feature"},{"geometry":{"coordinates":[405646.0,-1.042217e6],"type":"Point"},"properties":{"alt":"","lat":-79.733,"lon":158.733,"name":"Bartrum Glacier","source":"SCAR CGA 966 (United States of America)","tier":3,"type":"glacier"},"type":"Feature"},{"geometry":{"coordinates":[-2.113753e6,727824.0],"type":"Point"},"properties":{"alt":"","lat":-69.633,"lon":-71.0,"name":"Bartók Glacier","source":"SCAR CGA 962 (United States of America)","tier":3,"type":"glacier"},"type":"Feature"},{"geometry":{"coordinates":[479920.0,-1.657294e6],"type":"Point"},"properties":{"alt":"","lat":-74.217,"lon":163.85,"name":"Bates Glacier","source":"SCAR CGA 995 (United States of America)","tier":3,"type":"glacier"},"type":"Feature"},{"geometry":{"coordinates":[1.941264e6,793828.0],"type":"Point"},"properties":{"alt":"","lat":-70.87,"lon":67.759,"name":"Battye Glacier","source":"SCAR CGA 1005 (United States of America)","tier":3,"type":"glacier"},"type":"Feature"},{"geometry":{"coordinates":[453242.0,-1.38261e6],"type":"Point"},"properties":{"alt":"","lat":-76.667,"lon":161.85,"name":"Baxter Glacier","source":"SCAR CGA 1018 (United States of America)","tier":3,"type":"glacier"},"type":"Feature"},{"geometry":{"coordinates":[528517.0,-2.014587e6],"type":"Point"},"properties":{"alt":"","lat":-71.0,"lon":165.3,"name":"Bayerngletscher","source":"SCAR CGA 1022 (Germany)","tier":3,"type":"glacier"},"type":"Feature"},{"geometry":{"coordinates":[-2.470311e6,1.322721e6],"type":"Point"},"properties":{"alt":"Bayly, glaciar","lat":-64.617,"lon":-61.833,"name":"Bayly Glacier","source":"SCAR CGA 1027 (United States of America)","tier":3,"type":"glacier"},"type":"Feature"},{"geometry":{"coordinates":[-558145.0,634579.0],"type":"Point"},"properties":{"alt":"","lat":-82.233,"lon":-41.333,"name":"Bazheevoj, lednik","source":"SCAR CGA 1031 (Russia)","tier":3,"type":"glacier"},"type":"Feature"},{"geometry":{"coordinates":[-232477.0,-350127.0],"type":"Point"},"properties":{"alt":"","lat":-86.133,"lon":-146.417,"name":"Beacon Dome","source":"SCAR CGA 1034 (United States of America)","tier":3,"type":"dome"},"type":"Feature"},{"geometry":{"coordinates":[-2.323558e6,1.127422e6],"type":"Point"},"properties":{"alt":"","lat":-66.55,"lon":-64.117,"name":"Beaglehole Glacier","source":"SCAR CGA 1042 (United States of America)","tier":3,"type":"glacier"},"type":"Feature"},{"geometry":{"coordinates":[-1.531945e6,-878536.0],"type":"Point"},"properties":{"alt":"","lat":-73.85,"lon":-119.833,"name":"Beakley Glacier","source":"SCAR CGA 1044 (United States of America)","tier":3,"type":"glacier"},"type":"Feature"},{"geometry":{"coordinates":[552907.0,-2.011883e6],"type":"Point"},"properties":{"alt":"","lat":-70.967,"lon":164.633,"name":"Beaman Glacier","source":"SCAR CGA 1049 (United States of America)","tier":3,"type":"glacier"},"type":"Feature"},{"geometry":{"coordinates":[106332.0,-671356.0],"type":"Point"},"properties":{"alt":"","lat":-83.75,"lon":171.0,"name":"Beardmore Glacier","source":"SCAR CGA 1054 (United States of America)","tier":3,"type":"glacier"},"type":"Feature"},{"geometry":{"coordinates":[-1.907734e6,-307848.0],"type":"Point"},"properties":{"alt":"","lat":-72.35,"lon":-99.167,"name":"Bearman Glacier","source":"SCAR CGA 17447 (United States of America)","tier":3,"type":"glacier"},"type":"Feature"},{"geometry":{"coordinates":[-1.737318e6,923748.0],"type":"Point"},"properties":{"alt":"","lat":-72.033,"lon":-62.0,"name":"Beaumont Glacier","source":"SCAR CGA 1063 (United States of America)","tier":3,"type":"glacier"},"type":"Feature"},{"geometry":{"coordinates":[130821.0,-705847.0],"type":"Point"},"properties":{"alt":"","lat":-83.4,"lon":169.5,"name":"Beaver Glacier","source":"SCAR CGA 1069 (United States of America)","tier":3,"type":"glacier"},"type":"Feature"},{"geometry":{"coordinates":[1.955334e6,1.602321e6],"type":"Point"},"properties":{"alt":"","lat":-67.033,"lon":50.667,"name":"Beaver Glacier","source":"SCAR CGA 1068 (United States of America)","tier":3,"type":"glacier"},"type":"Feature"},{"geometry":{"coordinates":[-1.960233e6,1.587365e6],"type":"Point"},"properties":{"alt":"","lat":-67.083,"lon":-51.0,"name":"Beaver Glacier","source":"SCAR CGA 1070 (Russia)","tier":3,"type":"glacier"},"type":"Feature"},{"geometry":{"coordinates":[386024.0,-1.829172e6],"type":"Point"},"properties":{"alt":"","lat":-72.917,"lon":168.083,"name":"Behr Glacier","source":"SCAR CGA 1099 (United States of America)","tier":3,"type":"glacier"},"type":"Feature"},{"geometry":{"coordinates":[-2.436681e6,1.197237e6],"type":"Point"},"properties":{"alt":"","lat":-65.383,"lon":-63.833,"name":"Belgica Glacier","source":"SCAR CGA 1116 (United States of America)","tier":3,"type":"glacier"},"type":"Feature"},{"geometry":{"coordinates":[2.104237e6,-1.467936e6],"type":"Point"},"properties":{"alt":"","lat":-66.7,"lon":124.9,"name":"Bell Glacier","source":"SCAR CGA 1128 (United States of America)","tier":3,"type":"glacier"},"type":"Feature"},{"geometry":{"coordinates":[-2.639416e6,1.592952e6],"type":"Point"},"properties":{"alt":"","lat":-62.165,"lon":-58.888,"name":"Bellingshausen Dome","source":"SCAR CGA 1137 (United Kingdom)","tier":3,"type":"dome"},"type":"Feature"},{"geometry":{"coordinates":[-19639.0,2.250399e6],"type":"Point"},"properties":{"alt":"","lat":-69.5,"lon":-0.5,"name":"Bellinsgauzena, shel'fovyj lednik","source":"SCAR CGA 1140 (Russia)","tier":3,"type":"glacier"},"type":"Feature"},{"geometry":{"coordinates":[-1.907382e6,-332319.0],"type":"Point"},"properties":{"alt":"","lat":-72.317,"lon":-99.883,"name":"Bellisime Glacier","source":"SCAR CGA 17448 (United States of America)","tier":3,"type":"glacier"},"type":"Feature"},{"geometry":{"coordinates":[334773.0,-868338.0],"type":"Point"},"properties":{"alt":"","lat":-81.45,"lon":158.917,"name":"Benbrook Glacier","source":"SCAR CGA 17281 (United States of America)","tier":3,"type":"glacier"},"type":"Feature"},{"geometry":{"coordinates":[-1.225699e6,100054.0],"type":"Point"},"properties":{"alt":"","lat":-78.717,"lon":-85.333,"name":"Bender Glacier","source":"SCAR CGA 18236 (United States of America)","tier":3,"type":"glacier"},"type":"Feature"},{"geometry":{"coordinates":[-1.906997e6,581208.0],"type":"Point"},"properties":{"alt":"","lat":-71.8,"lon":-73.05,"name":"Bennett Dome","source":"SCAR CGA 1174 (United States of America)","tier":3,"type":"dome"},"type":"Feature"},{"geometry":{"coordinates":[439741.0,-1.369634e6],"type":"Point"},"properties":{"alt":"","lat":-76.817,"lon":162.2,"name":"Benson Glacier","source":"SCAR CGA 1187 (United States of America)","tier":3,"type":"glacier"},"type":"Feature"},{"geometry":{"coordinates":[420873.0,-1.281352e6],"type":"Point"},"properties":{"alt":"","lat":-77.633,"lon":161.817,"name":"Beowulf Glacier","source":"SCAR CGA 1199 (United States of America)","tier":3,"type":"glacier"},"type":"Feature"},{"geometry":{"coordinates":[702321.0,2.039689e6],"type":"Point"},"properties":{"alt":"","lat":-70.333,"lon":19.0,"name":"Beregovogo, shel'fovyj lednik","source":"SCAR CGA 1202 (Russia)","tier":3,"type":"glacier"},"type":"Feature"},{"geometry":{"coordinates":[-2.647224e6,1.486902e6],"type":"Point"},"properties":{"alt":"","lat":-62.571,"lon":-60.678,"name":"Berkovitsa Glacier","source":"SCAR CGA 17930 (Bulgaria)","tier":3,"type":"glacier"},"type":"Feature"},{"geometry":{"coordinates":[-1.348773e6,-969192.0],"type":"Point"},"properties":{"alt":"","lat":-74.8,"lon":-125.7,"name":"Berlin Glacier","source":"SCAR CGA 20432 (United Kingdom)","tier":3,"type":"glacier"},"type":"Feature"},{"geometry":{"coordinates":[486368.0,-1.730309e6],"type":"Point"},"properties":{"alt":"","lat":-73.567,"lon":164.3,"name":"Berlindom","source":"SCAR CGA 1229 (Germany)","tier":3,"type":"dome"},"type":"Feature"},{"geometry":{"coordinates":[-1.178842e6,-1.138394e6],"type":"Point"},"properties":{"alt":"","lat":-75.0,"lon":-134.0,"name":"Berry Glacier","source":"SCAR CGA 1254 (United States of America)","tier":3,"type":"glacier"},"type":"Feature"},{"geometry":{"coordinates":[-2.584586e6,1.867493e6],"type":"Point"},"properties":{"alt":"","lat":-61.247,"lon":-54.15,"name":"Bersame Glacier","source":"SCAR CGA 19528 (Bulgaria)","tier":3,"type":"glacier"},"type":"Feature"},{"geometry":{"coordinates":[392360.0,-1.097828e6],"type":"Point"},"properties":{"alt":"","lat":-79.3,"lon":160.333,"name":"Bertoglio Glacier","source":"SCAR CGA 1265 (United States of America)","tier":3,"type":"glacier"},"type":"Feature"},{"geometry":{"coordinates":[-1.940939e6,805285.0],"type":"Point"},"properties":{"alt":"","lat":-70.833,"lon":-67.467,"name":"Bertram Glacier","source":"SCAR CGA 1267 (United States of America)","tier":3,"type":"glacier"},"type":"Feature"},{"geometry":{"coordinates":[-1.359159e6,715088.0],"type":"Point"},"properties":{"alt":"San Telmo, Glaciar","lat":-75.933,"lon":-62.25,"name":"Beruti, glaciar","source":"SCAR CGA 1270 (Argentina)","tier":3,"type":"glacier"},"type":"Feature"},{"geometry":{"coordinates":[144527.0,-569075.0],"type":"Point"},"properties":{"alt":"","lat":-84.6,"lon":165.75,"name":"Berwick Glacier","source":"SCAR CGA 1271 (United States of America)","tier":3,"type":"glacier"},"type":"Feature"},{"geometry":{"coordinates":[-2.436665e6,1.526545e6],"type":"Point"},"properties":{"alt":"","lat":-63.975,"lon":-57.933,"name":"Beta Glacier","source":"SCAR CGA 19898 (United Kingdom)","tier":3,"type":"glacier"},"type":"Feature"},{"geometry":{"coordinates":[-2.344044e6,1.154261e6],"type":"Point"},"properties":{"alt":"Bevin, glaciar, Bevin, Glaciar","lat":-66.283,"lon":-63.783,"name":"Bevin Glacier","source":"SCAR CGA 1290 (United States of America)","tier":3,"type":"glacier"},"type":"Feature"},{"geometry":{"coordinates":[474900.0,-1.313092e6],"type":"Point"},"properties":{"alt":"","lat":-77.2,"lon":160.117,"name":"Biker Glacier","source":"SCAR CGA 16653 (United States of America)","tier":3,"type":"glacier"},"type":"Feature"},{"geometry":{"coordinates":[-2.391161e6,1.126046e6],"type":"Point"},"properties":{"alt":"Bilgeri, glaciar","lat":-66.017,"lon":-64.783,"name":"Bilgeri Glacier","source":"SCAR CGA 1321 (United States of America)","tier":3,"type":"glacier"},"type":"Feature"},{"geometry":{"coordinates":[402187.0,-1.24892e6],"type":"Point"},"properties":{"alt":"","lat":-77.967,"lon":162.15,"name":"Bindschadler Glacier","source":"SCAR CGA 1335 (United States of America)","tier":3,"type":"glacier"},"type":"Feature"},{"geometry":{"coordinates":[-2.019832e6,1.021765e6],"type":"Point"},"properties":{"alt":"Bingham, glaciar, Bingham, Glaciar","lat":-69.383,"lon":-63.167,"name":"Bingham Glacier","source":"SCAR CGA 1339 (United States of America)","tier":3,"type":"glacier"},"type":"Feature"},{"geometry":{"coordinates":[133235.0,-584864.0],"type":"Point"},"properties":{"alt":"","lat":-84.483,"lon":167.167,"name":"Bingley Glacier","source":"SCAR CGA 1341 (United States of America)","tier":3,"type":"glacier"},"type":"Feature"},{"geometry":{"coordinates":[-2.387687e6,1.146551e6],"type":"Point"},"properties":{"alt":"Birley, glaciar, Birley, Glaciar","lat":-65.967,"lon":-64.35,"name":"Birley Glacier","source":"SCAR CGA 1361 (United States of America)","tier":3,"type":"glacier"},"type":"Feature"},{"geometry":{"coordinates":[-2.112322e6,708823.0],"type":"Point"},"properties":{"alt":"","lat":-69.7,"lon":-71.45,"name":"Bishop Glacier","source":"SCAR CGA 1371 (United States of America)","tier":3,"type":"glacier"},"type":"Feature"},{"geometry":{"coordinates":[529974.0,-1.937258e6],"type":"Point"},"properties":{"alt":"","lat":-71.667,"lon":164.7,"name":"Black Glacier","source":"SCAR CGA 1394 (United States of America)","tier":3,"type":"glacier"},"type":"Feature"},{"geometry":{"coordinates":[-144777.0,-390684.0],"type":"Point"},"properties":{"alt":"","lat":-86.167,"lon":-159.667,"name":"Blackwall Glacier","source":"SCAR CGA 1415 (United States of America)","tier":3,"type":"glacier"},"type":"Feature"},{"geometry":{"coordinates":[-448977.0,632942.0],"type":"Point"},"properties":{"alt":"","lat":-82.867,"lon":-35.35,"name":"Blackwall Ice Stream","source":"SCAR CGA 17012 (United Kingdom)","tier":3,"type":"glacier"},"type":"Feature"},{"geometry":{"coordinates":[358252.0,-1.266036e6],"type":"Point"},"properties":{"alt":"","lat":-77.933,"lon":164.2,"name":"Blackwelder Glacier","source":"SCAR CGA 1417 (United States of America)","tier":3,"type":"glacier"},"type":"Feature"},{"geometry":{"coordinates":[-612298.0,-1.201702e6],"type":"Point"},"properties":{"alt":"","lat":-77.633,"lon":-153.0,"name":"Blades Glacier","source":"SCAR CGA 1421 (United States of America)","tier":3,"type":"glacier"},"type":"Feature"},{"geometry":{"coordinates":[-2.329366e6,1.034393e6],"type":"Point"},"properties":{"alt":"","lat":-66.85,"lon":-66.056,"name":"Blagun Glacier","source":"SCAR CGA 19718 (Bulgaria)","tier":3,"type":"glacier"},"type":"Feature"},{"geometry":{"coordinates":[-514890.0,897232.0],"type":"Point"},"properties":{"alt":"","lat":-80.5,"lon":-29.85,"name":"Blaiklock Glacier","source":"SCAR CGA 1424 (United States of America)","tier":3,"type":"glacier"},"type":"Feature"},{"geometry":{"coordinates":[2.108931e6,-1.451233e6],"type":"Point"},"properties":{"alt":"","lat":-66.75,"lon":124.533,"name":"Blair Glacier","source":"SCAR CGA 1428 (United States of America)","tier":3,"type":"glacier"},"type":"Feature"},{"geometry":{"coordinates":[-2.464321e6,1.305711e6],"type":"Point"},"properties":{"alt":"Blanchard, glaciar","lat":-64.733,"lon":-62.083,"name":"Blanchard Glacier","source":"SCAR CGA 1441 (United States of America)","tier":3,"type":"glacier"},"type":"Feature"},{"geometry":{"coordinates":[410325.0,-1.24435e6],"type":"Point"},"properties":{"alt":"","lat":-77.983,"lon":161.75,"name":"Blankenship Glacier","source":"SCAR CGA 1448 (United States of America)","tier":3,"type":"glacier"},"type":"Feature"},{"geometry":{"coordinates":[376974.0,-860811.0],"type":"Point"},"properties":{"alt":"","lat":-81.367,"lon":156.35,"name":"Bledisloe Glacier","source":"SCAR CGA 17285 (United States of America)","tier":3,"type":"glacier"},"type":"Feature"},{"geometry":{"coordinates":[361984.0,-1.276394e6],"type":"Point"},"properties":{"alt":"","lat":-77.833,"lon":164.167,"name":"Blue Glacier","source":"SCAR CGA 1484 (United States of America)","tier":3,"type":"glacier"},"type":"Feature"},{"geometry":{"coordinates":[-2.474727e6,1.362366e6],"type":"Point"},"properties":{"alt":"","lat":-64.417,"lon":-61.167,"name":"Blériot Glacier","source":"SCAR CGA 1454 (United States of America)","tier":3,"type":"glacier"},"type":"Feature"},{"geometry":{"coordinates":[-1.618518e6,433681.0],"type":"Point"},"properties":{"alt":"","lat":-74.667,"lon":-75.0,"name":"Bogdashevskogo, lednik","source":"SCAR CGA 1518 (Russia)","tier":3,"type":"glacier"},"type":"Feature"},{"geometry":{"coordinates":[396383.0,-1.262289e6],"type":"Point"},"properties":{"alt":"","lat":-77.867,"lon":162.567,"name":"Bol Glacier","source":"SCAR CGA 1529 (United States of America)","tier":3,"type":"glacier"},"type":"Feature"},{"geometry":{"coordinates":[-2.455422e6,1.252898e6],"type":"Point"},"properties":{"alt":"Bolton, glaciar","lat":-65.017,"lon":-62.967,"name":"Bolton Glacier","source":"SCAR CGA 1549 (United States of America)","tier":3,"type":"glacier"},"type":"Feature"},{"geometry":{"coordinates":[-2.455938e6,1.418891e6],"type":"Point"},"properties":{"alt":"","lat":-64.317,"lon":-59.983,"name":"Bombardier Glacier","source":"SCAR CGA 1554 (United States of America)","tier":3,"type":"glacier"},"type":"Feature"},{"geometry":{"coordinates":[2.397381e6,-825485.0],"type":"Point"},"properties":{"alt":"","lat":-66.967,"lon":109.0,"name":"Bond Glacier","source":"SCAR CGA 1560 (United States of America)","tier":3,"type":"glacier"},"type":"Feature"},{"geometry":{"coordinates":[204612.0,-763624.0],"type":"Point"},"properties":{"alt":"","lat":-82.733,"lon":165.0,"name":"Bondeson Glacier","source":"SCAR CGA 1565 (United States of America)","tier":3,"type":"glacier"},"type":"Feature"},{"geometry":{"coordinates":[-1.726013e6,920316.0],"type":"Point"},"properties":{"alt":"","lat":-72.138,"lon":-61.933,"name":"Bone Glacier","source":"SCAR CGA 20297 (United Kingdom)","tier":3,"type":"glacier"},"type":"Feature"},{"geometry":{"coordinates":[-1.798142e6,-130997.0],"type":"Point"},"properties":{"alt":"","lat":-73.517,"lon":-94.167,"name":"Bonnabeau Dome","source":"SCAR CGA 1576 (United States of America)","tier":3,"type":"dome"},"type":"Feature"},{"geometry":{"coordinates":[368244.0,-1.268885e6],"type":"Point"},"properties":{"alt":"","lat":-77.883,"lon":163.817,"name":"Bonne Glacier","source":"SCAR CGA 1577 (United States of America)","tier":3,"type":"glacier"},"type":"Feature"},{"geometry":{"coordinates":[468250.0,-1.62229e6],"type":"Point"},"properties":{"alt":"","lat":-74.55,"lon":163.9,"name":"Boomerang Glacier","source":"SCAR CGA 1587 (United States of America)","tier":3,"type":"glacier"},"type":"Feature"},{"geometry":{"coordinates":[369391.0,-1.815617e6],"type":"Point"},"properties":{"alt":"","lat":-73.067,"lon":168.5,"name":"Borchgrevink Glacier","source":"SCAR CGA 1596 (United States of America)","tier":3,"type":"glacier"},"type":"Feature"},{"geometry":{"coordinates":[328675.0,-1.90614e6],"type":"Point"},"properties":{"alt":"","lat":-72.333,"lon":170.217,"name":"Bornmann Glacier","source":"SCAR CGA 1624 (United States of America)","tier":3,"type":"glacier"},"type":"Feature"},{"geometry":{"coordinates":[411310.0,-1.267139e6],"type":"Point"},"properties":{"alt":"","lat":-77.783,"lon":162.017,"name":"Borns Glacier","source":"SCAR CGA 1625 (United States of America)","tier":3,"type":"glacier"},"type":"Feature"},{"geometry":{"coordinates":[-1.553878e6,-612089.0],"type":"Point"},"properties":{"alt":"","lat":-74.717,"lon":-111.5,"name":"Boschert Glacier","source":"SCAR CGA 1632 (United States of America)","tier":3,"type":"glacier"},"type":"Feature"},{"geometry":{"coordinates":[459324.0,-1.601852e6],"type":"Point"},"properties":{"alt":"","lat":-74.75,"lon":164.0,"name":"Boulderclay Glacier","source":"SCAR CGA 1660 (New Zealand)","tier":3,"type":"glacier"},"type":"Feature"},{"geometry":{"coordinates":[375746.0,-1.238024e6],"type":"Point"},"properties":{"alt":"","lat":-78.133,"lon":163.117,"name":"Bowden Glacier","source":"SCAR CGA 1671 (United States of America)","tier":3,"type":"glacier"},"type":"Feature"},{"geometry":{"coordinates":[361436.0,-1.868132e6],"type":"Point"},"properties":{"alt":"","lat":-72.617,"lon":169.05,"name":"Bowers Glacier","source":"SCAR CGA 1677 (United States of America)","tier":3,"type":"glacier"},"type":"Feature"},{"geometry":{"coordinates":[362480.0,-1.289563e6],"type":"Point"},"properties":{"alt":"","lat":-77.717,"lon":164.3,"name":"Bowers Piedmont Glacier","source":"SCAR CGA 1681 (United States of America)","tier":3,"type":"glacier"},"type":"Feature"},{"geometry":{"coordinates":[25882.0,-555694.0],"type":"Point"},"properties":{"alt":"","lat":-84.883,"lon":177.333,"name":"Bowin Glacier","source":"SCAR CGA 1686 (United States of America)","tier":3,"type":"glacier"},"type":"Feature"},{"geometry":{"coordinates":[-148921.0,-458333.0],"type":"Point"},"properties":{"alt":"","lat":-85.567,"lon":-162.0,"name":"Bowman Glacier","source":"SCAR CGA 1696 (United States of America)","tier":3,"type":"glacier"},"type":"Feature"},{"geometry":{"coordinates":[-2.618773e6,1.506877e6],"type":"Point"},"properties":{"alt":"","lat":-62.7,"lon":-60.083,"name":"Boyana Glacier","source":"SCAR CGA 17195 (United States of America)","tier":3,"type":"glacier"},"type":"Feature"},{"geometry":{"coordinates":[-790484.0,-1.146587e6],"type":"Point"},"properties":{"alt":"","lat":-77.233,"lon":-145.417,"name":"Boyd Glacier","source":"SCAR CGA 1709 (United States of America)","tier":3,"type":"glacier"},"type":"Feature"},{"geometry":{"coordinates":[-2.445983e6,1.465822e6],"type":"Point"},"properties":{"alt":"Boydell, glaciar","lat":-64.183,"lon":-59.067,"name":"Boydell Glacier","source":"SCAR CGA 1714 (United States of America)","tier":3,"type":"glacier"},"type":"Feature"},{"geometry":{"coordinates":[400089.0,-1.782586e6],"type":"Point"},"properties":{"alt":"","lat":-73.3,"lon":167.35,"name":"Boyer Glacier","source":"SCAR CGA 1716 (United States of America)","tier":3,"type":"glacier"},"type":"Feature"},{"geometry":{"coordinates":[-2.462441e6,1.339318e6],"type":"Point"},"properties":{"alt":"","lat":-64.608,"lon":-61.458,"name":"Bozhinov Glacier","source":"SCAR CGA 18598 (Bulgaria)","tier":3,"type":"glacier"},"type":"Feature"},{"geometry":{"coordinates":[-2.39861e6,1.154373e6],"type":"Point"},"properties":{"alt":"","lat":-65.85,"lon":-64.3,"name":"Bradford Glacier","source":"SCAR CGA 1732 (United States of America)","tier":3,"type":"glacier"},"type":"Feature"},{"geometry":{"coordinates":[-1.948932e6,570524.0],"type":"Point"},"properties":{"alt":"","lat":-71.467,"lon":-73.683,"name":"Brahms Ice Shelf","source":"SCAR CGA 1744 (United States of America)","tier":3,"type":"iceshelf"},"type":"Feature"},{"geometry":{"coordinates":[62769.0,-550915.0],"type":"Point"},"properties":{"alt":"","lat":-84.9,"lon":173.5,"name":"Brandau Glacier","source":"SCAR CGA 1753 (United States of America)","tier":3,"type":"glacier"},"type":"Feature"},{"geometry":{"coordinates":[-1.246973e6,85375.0],"type":"Point"},"properties":{"alt":"","lat":-78.533,"lon":-86.083,"name":"Branscomb Glacier","source":"SCAR CGA 1759 (United States of America)","tier":3,"type":"glacier"},"type":"Feature"},{"geometry":{"coordinates":[-2.62904e6,1.531164e6],"type":"Point"},"properties":{"alt":"Bravo, Glaciar","lat":-62.517,"lon":-59.783,"name":"Bravo Glacier","source":"SCAR CGA 1790 (United States of America)","tier":3,"type":"glacier"},"type":"Feature"},{"geometry":{"coordinates":[388050.0,-935297.0],"type":"Point"},"properties":{"alt":"","lat":-80.7,"lon":157.467,"name":"Brecher Glacier","source":"SCAR CGA 17289 (United States of America)","tier":3,"type":"glacier"},"type":"Feature"},{"geometry":{"coordinates":[-2.490854e6,1.392091e6],"type":"Point"},"properties":{"alt":"Breguet, glaciar","lat":-64.167,"lon":-60.8,"name":"Breguet Glacier","source":"SCAR CGA 1811 (United States of America)","tier":3,"type":"glacier"},"type":"Feature"},{"geometry":{"coordinates":[-2.295462e6,1.0769e6],"type":"Point"},"properties":{"alt":"Breitfuss, glaciar, Breitfuss, Glaciar","lat":-66.967,"lon":-64.867,"name":"Breitfuss Glacier","source":"SCAR CGA 1820 (United States of America)","tier":3,"type":"glacier"},"type":"Feature"},{"geometry":{"coordinates":[932097.0,1.971866e6],"type":"Point"},"properties":{"alt":"","lat":-70.12,"lon":25.3,"name":"Breitunga","source":"SCAR CGA 19973 (Norway)","tier":3,"type":"glacier"},"type":"Feature"},{"geometry":{"coordinates":[-1.729305e6,895112.0],"type":"Point"},"properties":{"alt":"","lat":-72.217,"lon":-62.633,"name":"Bremner Glacier","source":"SCAR CGA 20298 (United Kingdom)","tier":3,"type":"glacier"},"type":"Feature"},{"geometry":{"coordinates":[332155.0,-1.899895e6],"type":"Point"},"properties":{"alt":"","lat":-72.383,"lon":170.083,"name":"Bridgman Glacier","source":"SCAR CGA 1852 (United States of America)","tier":3,"type":"glacier"},"type":"Feature"},{"geometry":{"coordinates":[-1.816478e6,572733.0],"type":"Point"},"properties":{"alt":"","lat":-72.6,"lon":-72.5,"name":"Britten Ice Shelf","source":"SCAR CGA 1873 (United States of America)","tier":3,"type":"iceshelf"},"type":"Feature"},{"geometry":{"coordinates":[-1.227197e6,104129.0],"type":"Point"},"properties":{"alt":"","lat":-78.7,"lon":-85.15,"name":"Brook Glacier","source":"SCAR CGA 18239 (United States of America)","tier":3,"type":"glacier"},"type":"Feature"},{"geometry":{"coordinates":[-1.503559e6,696867.0],"type":"Point"},"properties":{"alt":"","lat":-74.833,"lon":-65.133,"name":"Brown Glacier","source":"SCAR CGA 1909 (United States of America)","tier":3,"type":"glacier"},"type":"Feature"},{"geometry":{"coordinates":[415860.0,-1.76379e6],"type":"Point"},"properties":{"alt":"","lat":-73.433,"lon":166.733,"name":"Browngletscher","source":"SCAR CGA 1921 (Germany)","tier":3,"type":"glacier"},"type":"Feature"},{"geometry":{"coordinates":[2.263479e6,481117.0],"type":"Point"},"properties":{"alt":"","lat":-68.933,"lon":78.0,"name":"Browns Glacier","source":"SCAR CGA 1927 (United States of America)","tier":3,"type":"glacier"},"type":"Feature"},{"geometry":{"coordinates":[-39456.0,-516696.0],"type":"Point"},"properties":{"alt":"","lat":-85.233,"lon":-175.633,"name":"Brunner Glacier","source":"SCAR CGA 1950 (United States of America)","tier":3,"type":"glacier"},"type":"Feature"},{"geometry":{"coordinates":[-637706.0,1.539558e6],"type":"Point"},"properties":{"alt":"","lat":-74.75,"lon":-22.5,"name":"Brunt Ice Shelf","source":"SCAR CGA 1958 (United States of America)","tier":3,"type":"iceshelf"},"type":"Feature"},{"geometry":{"coordinates":[2.24407e6,961810.0],"type":"Point"},"properties":{"alt":"","lat":-67.8,"lon":66.8,"name":"Brunvoll Glacier","source":"SCAR CGA 1960 (United States of America)","tier":3,"type":"glacier"},"type":"Feature"},{"geometry":{"coordinates":[-1.5768e6,-624299.0],"type":"Point"},"properties":{"alt":"","lat":-74.483,"lon":-111.6,"name":"Brush Glacier","source":"SCAR CGA 1964 (United States of America)","tier":3,"type":"glacier"},"type":"Feature"},{"geometry":{"coordinates":[-1.586803e6,859772.0],"type":"Point"},"properties":{"alt":"","lat":-73.5,"lon":-61.55,"name":"Bryan Glacier","source":"SCAR CGA 1969 (United States of America)","tier":3,"type":"glacier"},"type":"Feature"},{"geometry":{"coordinates":[448896.0,-1.298475e6],"type":"Point"},"properties":{"alt":"","lat":-77.404,"lon":160.929,"name":"Bryan Glacier","source":"SCAR CGA 17998 (New Zealand)","tier":3,"type":"glacier"},"type":"Feature"},{"geometry":{"coordinates":[-2.299314e6,976001.0],"type":"Point"},"properties":{"alt":"","lat":-67.3,"lon":-67.0,"name":"Brückner Glacier","source":"SCAR CGA 1942 (United States of America)","tier":3,"type":"glacier"},"type":"Feature"},{"geometry":{"coordinates":[-2.26017e6,967156.0],"type":"Point"},"properties":{"alt":"","lat":-67.65,"lon":-66.833,"name":"Bucher Glacier","source":"SCAR CGA 1981 (United States of America)","tier":3,"type":"glacier"},"type":"Feature"},{"geometry":{"coordinates":[2.308736e6,855553.0],"type":"Point"},"properties":{"alt":"","lat":-67.617,"lon":69.667,"name":"Buhtovyj, lednik","source":"SCAR CGA 2020 (Russia)","tier":3,"type":"glacier"},"type":"Feature"},{"geometry":{"coordinates":[-1.899945e6,-285644.0],"type":"Point"},"properties":{"alt":"","lat":-72.45,"lon":-98.55,"name":"Bulbur Glacier","source":"SCAR CGA 17452 (United States of America)","tier":3,"type":"glacier"},"type":"Feature"},{"geometry":{"coordinates":[-863725.0,331553.0],"type":"Point"},"properties":{"alt":"","lat":-81.5,"lon":-69.0,"name":"Bungenstockrücken","source":"SCAR CGA 2045 (Germany)","tier":3,"type":"dome"},"type":"Feature"},{"geometry":{"coordinates":[-1.588477e6,-599181.0],"type":"Point"},"properties":{"alt":"","lat":-74.467,"lon":-110.667,"name":"Bunner Glacier","source":"SCAR CGA 2050 (United States of America)","tier":3,"type":"glacier"},"type":"Feature"},{"geometry":{"coordinates":[-1.279764e6,88368.0],"type":"Point"},"properties":{"alt":"","lat":-78.233,"lon":-86.05,"name":"Burdenis Glacier","source":"SCAR CGA 19448 (Bulgaria)","tier":3,"type":"glacier"},"type":"Feature"},{"geometry":{"coordinates":[-2.540523e6,1.330978e6],"type":"Point"},"properties":{"alt":"","lat":-64.039,"lon":-62.35,"name":"Burevestnik Glacier","source":"SCAR CGA 19612 (Bulgaria)","tier":3,"type":"glacier"},"type":"Feature"},{"geometry":{"coordinates":[69805.0,-491503.0],"type":"Point"},"properties":{"alt":"","lat":-85.433,"lon":171.917,"name":"Burgess Glacier","source":"SCAR CGA 2067 (United States of America)","tier":3,"type":"glacier"},"type":"Feature"},{"geometry":{"coordinates":[-560180.0,454706.0],"type":"Point"},"properties":{"alt":"","lat":-83.367,"lon":-50.933,"name":"Burmester Dome","source":"SCAR CGA 2081 (United States of America)","tier":3,"type":"dome"},"type":"Feature"},{"geometry":{"coordinates":[340304.0,-1.939858e6],"type":"Point"},"properties":{"alt":"","lat":-72.017,"lon":170.05,"name":"Burnette Glacier","source":"SCAR CGA 2084 (United States of America)","tier":3,"type":"glacier"},"type":"Feature"},{"geometry":{"coordinates":[476352.0,-1.689017e6],"type":"Point"},"properties":{"alt":"","lat":-73.95,"lon":164.25,"name":"Burns Glacier","source":"SCAR CGA 2092 (United States of America)","tier":3,"type":"glacier"},"type":"Feature"},{"geometry":{"coordinates":[511598.0,-1.492837e6],"type":"Point"},"properties":{"alt":"","lat":-75.55,"lon":161.083,"name":"Burrage Dome","source":"SCAR CGA 2096 (United States of America)","tier":3,"type":"dome"},"type":"Feature"},{"geometry":{"coordinates":[361102.0,-1.253803e6],"type":"Point"},"properties":{"alt":"","lat":-78.033,"lon":163.933,"name":"Burrows Glacier","source":"SCAR CGA 17384 (United States of America)","tier":3,"type":"glacier"},"type":"Feature"},{"geometry":{"coordinates":[2.552429e6,-14848.0],"type":"Point"},"properties":{"alt":"","lat":-66.817,"lon":90.333,"name":"Burton Island Glacier","source":"SCAR CGA 2106 (United States of America)","tier":3,"type":"glacier"},"type":"Feature"},{"geometry":{"coordinates":[-2.452412e6,1.195237e6],"type":"Point"},"properties":{"alt":"","lat":-65.267,"lon":-64.017,"name":"Bussey Glacier","source":"SCAR CGA 2115 (United States of America)","tier":3,"type":"glacier"},"type":"Feature"},{"geometry":{"coordinates":[-630341.0,-1.221264e6],"type":"Point"},"properties":{"alt":"","lat":-77.4,"lon":-152.7,"name":"Butler Glacier","source":"SCAR CGA 2119 (United States of America)","tier":3,"type":"glacier"},"type":"Feature"},{"geometry":{"coordinates":[439833.0,-1.284647e6],"type":"Point"},"properties":{"alt":"","lat":-77.55,"lon":161.1,"name":"Butler Summit","source":"SCAR CGA 17771 (United States of America)","tier":3,"type":"glacier"},"type":"Feature"},{"geometry":{"coordinates":[377257.0,-982788.0],"type":"Point"},"properties":{"alt":"","lat":-80.333,"lon":159.0,"name":"Byrd Glacier","source":"SCAR CGA 2153 (United States of America)","tier":3,"type":"glacier"},"type":"Feature"},{"geometry":{"coordinates":[-2.349594e6,1.085665e6],"type":"Point"},"properties":{"alt":"","lat":-66.5,"lon":-65.2,"name":"Byway Glacier","source":"SCAR CGA 2165 (United States of America)","tier":3,"type":"glacier"},"type":"Feature"},{"geometry":{"coordinates":[-1.693645e6,922765.0],"type":"Point"},"properties":{"alt":"","lat":-72.383,"lon":-61.417,"name":"Böhnecke Glacier","source":"SCAR CGA 1524 (United States of America)","tier":3,"type":"glacier"},"type":"Feature"},{"geometry":{"coordinates":[-2.411854e6,1.187652e6],"type":"Point"},"properties":{"alt":"Cadman, glaciar, Cadman, Glaciar","lat":-65.617,"lon":-63.783,"name":"Cadman Glacier","source":"SCAR CGA 2183 (United States of America)","tier":3,"type":"glacier"},"type":"Feature"},{"geometry":{"coordinates":[-1.243192e6,86932.0],"type":"Point"},"properties":{"alt":"","lat":-78.567,"lon":-86.0,"name":"Cairns Glacier","source":"SCAR CGA 18241 (United States of America)","tier":3,"type":"glacier"},"type":"Feature"},{"geometry":{"coordinates":[405965.0,-1.270776e6],"type":"Point"},"properties":{"alt":"","lat":-77.767,"lon":162.283,"name":"Calkin Glacier","source":"SCAR CGA 2208 (United States of America)","tier":3,"type":"glacier"},"type":"Feature"},{"geometry":{"coordinates":[474892.0,-1.342298e6],"type":"Point"},"properties":{"alt":"","lat":-76.95,"lon":160.517,"name":"Cambridge Glacier","source":"SCAR CGA 2224 (United States of America)","tier":3,"type":"glacier"},"type":"Feature"},{"geometry":{"coordinates":[1.74747e6,1.706542e6],"type":"Point"},"properties":{"alt":"","lat":-67.791,"lon":45.679,"name":"Campbell Glacier","source":"SCAR CGA 2245 (Australia)","tier":3,"type":"glacier"},"type":"Feature"},{"geometry":{"coordinates":[458993.0,-1.640247e6],"type":"Point"},"properties":{"alt":"","lat":-74.417,"lon":164.367,"name":"Campbell Glacier","source":"SCAR CGA 2246 (United States of America)","tier":3,"type":"glacier"},"type":"Feature"},{"geometry":{"coordinates":[395232.0,-1.291399e6],"type":"Point"},"properties":{"alt":"","lat":-77.617,"lon":162.983,"name":"Canada Glacier","source":"SCAR CGA 2258 (United States of America)","tier":3,"type":"glacier"},"type":"Feature"},{"geometry":{"coordinates":[582328.0,-1.904711e6],"type":"Point"},"properties":{"alt":"","lat":-71.817,"lon":163.0,"name":"Canham Glacier","source":"SCAR CGA 2266 (United States of America)","tier":3,"type":"glacier"},"type":"Feature"},{"geometry":{"coordinates":[52574.0,-655830.0],"type":"Point"},"properties":{"alt":"","lat":-83.95,"lon":175.417,"name":"Canyon Glacier","source":"SCAR CGA 2292 (United States of America)","tier":3,"type":"glacier"},"type":"Feature"},{"geometry":{"coordinates":[-163445.0,-418495.0],"type":"Point"},"properties":{"alt":"","lat":-85.867,"lon":-158.667,"name":"Cappellari Glacier","source":"SCAR CGA 2304 (United States of America)","tier":3,"type":"glacier"},"type":"Feature"},{"geometry":{"coordinates":[500668.0,-1.672345e6],"type":"Point"},"properties":{"alt":"","lat":-74.033,"lon":163.333,"name":"Capsize Glacier","source":"SCAR CGA 2305 (United States of America)","tier":3,"type":"glacier"},"type":"Feature"},{"geometry":{"coordinates":[-2.438646e6,1.252395e6],"type":"Point"},"properties":{"alt":"Carbutt, glaciar","lat":-65.15,"lon":-62.817,"name":"Carbutt Glacier","source":"SCAR CGA 2314 (United States of America)","tier":3,"type":"glacier"},"type":"Feature"},{"geometry":{"coordinates":[-2.364452e6,1.075883e6],"type":"Point"},"properties":{"alt":"","lat":-66.417,"lon":-65.533,"name":"Cardell Glacier","source":"SCAR CGA 2315 (United States of America)","tier":3,"type":"glacier"},"type":"Feature"},{"geometry":{"coordinates":[-1.204685e6,128389.0],"type":"Point"},"properties":{"alt":"","lat":-78.883,"lon":-83.917,"name":"Carey Glacier","source":"SCAR CGA 2320 (United States of America)","tier":3,"type":"glacier"},"type":"Feature"},{"geometry":{"coordinates":[392899.0,-1.246117e6],"type":"Point"},"properties":{"alt":"","lat":-78.017,"lon":162.5,"name":"Carleton Glacier","source":"SCAR CGA 2325 (United States of America)","tier":3,"type":"glacier"},"type":"Feature"},{"geometry":{"coordinates":[-2.096007e6,844715.0],"type":"Point"},"properties":{"alt":"","lat":-69.417,"lon":-68.05,"name":"Carlson Glacier","source":"SCAR CGA 2330 (United States of America)","tier":3,"type":"glacier"},"type":"Feature"},{"geometry":{"coordinates":[391853.0,-1.066938e6],"type":"Point"},"properties":{"alt":"","lat":-79.567,"lon":159.833,"name":"Carlyon Glacier","source":"SCAR CGA 2335 (United States of America)","tier":3,"type":"glacier"},"type":"Feature"},{"geometry":{"coordinates":[492158.0,-1.599786e6],"type":"Point"},"properties":{"alt":"","lat":-74.683,"lon":162.9,"name":"Carnein Glacier","source":"SCAR CGA 2339 (United States of America)","tier":3,"type":"glacier"},"type":"Feature"},{"geometry":{"coordinates":[612244.0,-1.957659e6],"type":"Point"},"properties":{"alt":"","lat":-71.283,"lon":162.633,"name":"Carryer Glacier","source":"SCAR CGA 2359 (United States of America)","tier":3,"type":"glacier"},"type":"Feature"},{"geometry":{"coordinates":[386869.0,-2.004292e6],"type":"Point"},"properties":{"alt":"","lat":-71.372,"lon":169.075,"name":"Cascade Glacier","source":"SCAR CGA 20219 (New Zealand)","tier":3,"type":"glacier"},"type":"Feature"},{"geometry":{"coordinates":[-2.070172e6,1.017157e6],"type":"Point"},"properties":{"alt":"Casey, glaciar, Casey, Glaciar","lat":-69.0,"lon":-63.833,"name":"Casey Glacier","source":"SCAR CGA 2377 (United States of America)","tier":3,"type":"glacier"},"type":"Feature"},{"geometry":{"coordinates":[452987.0,-1.254784e6],"type":"Point"},"properties":{"alt":"","lat":-77.767,"lon":160.15,"name":"Cassidy Glacier","source":"SCAR CGA 2386 (United States of America)","tier":3,"type":"glacier"},"type":"Feature"},{"geometry":{"coordinates":[368614.0,-1.268778e6],"type":"Point"},"properties":{"alt":"","lat":-77.883,"lon":163.8,"name":"Cassini Glacier","source":"SCAR CGA 2387 (United States of America)","tier":3,"type":"glacier"},"type":"Feature"},{"geometry":{"coordinates":[420605.0,-1.271793e6],"type":"Point"},"properties":{"alt":"","lat":-77.717,"lon":161.7,"name":"Catspaw Glacier","source":"SCAR CGA 2419 (United States of America)","tier":3,"type":"glacier"},"type":"Feature"},{"geometry":{"coordinates":[-2.378291e6,1.109015e6],"type":"Point"},"properties":{"alt":"Caulfield Glacier","lat":-66.183,"lon":-65.0,"name":"Caulfeild Glacier","source":"SCAR CGA 2424 (United States of America)","tier":3,"type":"glacier"},"type":"Feature"},{"geometry":{"coordinates":[-2.48869e6,1.241721e6],"type":"Point"},"properties":{"alt":"","lat":-64.8,"lon":-63.483,"name":"Caupolicán, Ventisquero","source":"SCAR CGA 2425 (Chile)","tier":3,"type":"glacier"},"type":"Feature"},{"geometry":{"coordinates":[-2.478273e6,1.375613e6],"type":"Point"},"properties":{"alt":"Cayley, glaciar","lat":-64.333,"lon":-60.967,"name":"Cayley Glacier","source":"SCAR CGA 2436 (United States of America)","tier":3,"type":"glacier"},"type":"Feature"},{"geometry":{"coordinates":[-2.204864e6,938940.0],"type":"Point"},"properties":{"alt":"Centurión, glaciar, Centurión, Glaciar","lat":-68.2,"lon":-66.933,"name":"Centurion Glacier","source":"SCAR CGA 2464 (United States of America)","tier":3,"type":"glacier"},"type":"Feature"},{"geometry":{"coordinates":[425268.0,-1.30111e6],"type":"Point"},"properties":{"alt":"","lat":-77.45,"lon":161.9,"name":"Cerberus Glacier","source":"SCAR CGA 16659 (United States of America)","tier":3,"type":"glacier"},"type":"Feature"},{"geometry":{"coordinates":[-1.262813e6,94581.0],"type":"Point"},"properties":{"alt":"","lat":-78.383,"lon":-85.717,"name":"Cervellati Glacier","source":"SCAR CGA 18242 (United States of America)","tier":3,"type":"glacier"},"type":"Feature"},{"geometry":{"coordinates":[-2.246492e6,1.021419e6],"type":"Point"},"properties":{"alt":"","lat":-67.567,"lon":-65.55,"name":"Chamberlin Glacier","source":"SCAR CGA 2486 (United States of America)","tier":3,"type":"glacier"},"type":"Feature"},{"geometry":{"coordinates":[-554854.0,475287.0],"type":"Point"},"properties":{"alt":"","lat":-83.283,"lon":-49.417,"name":"Chambers Glacier","source":"SCAR CGA 2488 (United States of America)","tier":3,"type":"glacier"},"type":"Feature"},{"geometry":{"coordinates":[548740.0,-1.960964e6],"type":"Point"},"properties":{"alt":"","lat":-71.417,"lon":164.367,"name":"Champness Glacier","source":"SCAR CGA 2494 (United States of America)","tier":3,"type":"glacier"},"type":"Feature"},{"geometry":{"coordinates":[-2.486768e6,1.249806e6],"type":"Point"},"properties":{"alt":"Canal, glaciar, Casais, Glaciar","lat":-64.783,"lon":-63.317,"name":"Channel Glacier","source":"SCAR CGA 2507 (United States of America)","tier":3,"type":"glacier"},"type":"Feature"},{"geometry":{"coordinates":[2.254323e6,479171.0],"type":"Point"},"properties":{"alt":"","lat":-69.017,"lon":78.0,"name":"Chaos Glacier","source":"SCAR CGA 2512 (United States of America)","tier":3,"type":"glacier"},"type":"Feature"},{"geometry":{"coordinates":[-2.00414e6,813116.0],"type":"Point"},"properties":{"alt":"","lat":-70.283,"lon":-67.917,"name":"Chapman Glacier","source":"SCAR CGA 2518 (United States of America)","tier":3,"type":"glacier"},"type":"Feature"},{"geometry":{"coordinates":[497180.0,-2.055097e6],"type":"Point"},"properties":{"alt":"","lat":-70.717,"lon":166.4,"name":"Chapman Glacier","source":"SCAR CGA 2519 (United States of America)","tier":3,"type":"glacier"},"type":"Feature"},{"geometry":{"coordinates":[-2.622002e6,1.493544e6],"type":"Point"},"properties":{"alt":"Charity, glaciar","lat":-62.733,"lon":-60.333,"name":"Charity Glacier","source":"SCAR CGA 2541 (United States of America)","tier":3,"type":"glacier"},"type":"Feature"},{"geometry":{"coordinates":[-114283.0,1.904905e6],"type":"Point"},"properties":{"alt":"Charlesbreen","lat":-72.567,"lon":-3.433,"name":"Charles Glacier","source":"SCAR CGA 2544 (United States of America)","tier":3,"type":"glacier"},"type":"Feature"},{"geometry":{"coordinates":[1.984397e6,821964.0],"type":"Point"},"properties":{"alt":"","lat":-70.417,"lon":67.5,"name":"Charybdis Glacier","source":"SCAR CGA 2558 (United States of America)","tier":3,"type":"glacier"},"type":"Feature"},{"geometry":{"coordinates":[484539.0,-1.383625e6],"type":"Point"},"properties":{"alt":"","lat":-76.567,"lon":160.7,"name":"Chattahoochee Glacier","source":"SCAR CGA 2565 (United States of America)","tier":3,"type":"glacier"},"type":"Feature"},{"geometry":{"coordinates":[-1.724801e6,-343084.0],"type":"Point"},"properties":{"alt":"","lat":-73.917,"lon":-101.25,"name":"Chavez Glacier","source":"SCAR CGA 17454 (United States of America)","tier":3,"type":"glacier"},"type":"Feature"},{"geometry":{"coordinates":[132831.0,-583091.0],"type":"Point"},"properties":{"alt":"","lat":-84.5,"lon":167.167,"name":"Cherry Glacier","source":"SCAR CGA 2594 (New Zealand)","tier":3,"type":"glacier"},"type":"Feature"},{"geometry":{"coordinates":[1.657668e6,1.753959e6],"type":"Point"},"properties":{"alt":"Tizire Hyôga, Rukkebreen","lat":-68.05,"lon":43.383,"name":"Chijire Glacier","source":"SCAR CGA 2620 (United States of America)","tier":3,"type":"glacier"},"type":"Feature"},{"geometry":{"coordinates":[-613172.0,373303.0],"type":"Point"},"properties":{"alt":"","lat":-83.4,"lon":-58.667,"name":"Childs Glacier","source":"SCAR CGA 2623 (United States of America)","tier":3,"type":"glacier"},"type":"Feature"},{"geometry":{"coordinates":[416753.0,-1.301935e6],"type":"Point"},"properties":{"alt":"","lat":-77.467,"lon":162.25,"name":"Chinn Glacier","source":"SCAR CGA 16812 (United States of America)","tier":3,"type":"glacier"},"type":"Feature"},{"geometry":{"coordinates":[1.17829e6,1.644805e6],"type":"Point"},"properties":{"alt":"Christiaensen, Glacier","lat":-71.533,"lon":35.617,"name":"Christiaensen Glacier","source":"SCAR CGA 2657 (United States of America)","tier":3,"type":"glacier"},"type":"Feature"},{"geometry":{"coordinates":[-134506.0,-401996.0],"type":"Point"},"properties":{"alt":"","lat":-86.1,"lon":-161.5,"name":"Christy Glacier","source":"SCAR CGA 2672 (United States of America)","tier":3,"type":"glacier"},"type":"Feature"},{"geometry":{"coordinates":[612890.0,-2.023605e6],"type":"Point"},"properties":{"alt":"Chugunova, lednik","lat":-70.717,"lon":163.15,"name":"Chugunov Glacier","source":"SCAR CGA 2675 (United States of America)","tier":3,"type":"glacier"},"type":"Feature"},{"geometry":{"coordinates":[2.619965e6,-437647.0],"type":"Point"},"properties":{"alt":"","lat":-65.9,"lon":99.483,"name":"Chugunova, Kupol","source":"SCAR CGA 2677 (Russia)","tier":3,"type":"dome"},"type":"Feature"},{"geometry":{"coordinates":[-2.653738e6,1.379601e6],"type":"Point"},"properties":{"alt":"","lat":-62.965,"lon":-62.531,"name":"Chuprene Glacier","source":"SCAR CGA 18436 (Bulgaria)","tier":3,"type":"glacier"},"type":"Feature"},{"geometry":{"coordinates":[428029.0,-1.941409e6],"type":"Point"},"properties":{"alt":"","lat":-71.85,"lon":167.567,"name":"Church Glacier","source":"SCAR CGA 2681 (United States of America)","tier":3,"type":"glacier"},"type":"Feature"},{"geometry":{"coordinates":[111925.0,2.135656e6],"type":"Point"},"properties":{"alt":"","lat":-70.5,"lon":3.0,"name":"Ciolkovskogo, Kupol","source":"SCAR CGA 2698 (Russia)","tier":3,"type":"dome"},"type":"Feature"},{"geometry":{"coordinates":[1.656497e6,825899.0],"type":"Point"},"properties":{"alt":"","lat":-73.083,"lon":63.5,"name":"Ciolkovskogo, lednik","source":"SCAR CGA 2699 (Russia)","tier":3,"type":"glacier"},"type":"Feature"},{"geometry":{"coordinates":[414623.0,-1.308381e6],"type":"Point"},"properties":{"alt":"","lat":-77.417,"lon":162.417,"name":"Clark Glacier","source":"SCAR CGA 2715 (United States of America)","tier":3,"type":"glacier"},"type":"Feature"},{"geometry":{"coordinates":[484900.0,-1.499785e6],"type":"Point"},"properties":{"alt":"","lat":-75.567,"lon":162.083,"name":"Clarke Glacier","source":"SCAR CGA 2728 (United States of America)","tier":3,"type":"glacier"},"type":"Feature"},{"geometry":{"coordinates":[-2.142808e6,912514.0],"type":"Point"},"properties":{"alt":"Clarke, glaciar","lat":-68.8,"lon":-66.933,"name":"Clarke Glacier","source":"SCAR CGA 2727 (United States of America)","tier":3,"type":"glacier"},"type":"Feature"},{"geometry":{"coordinates":[-1.059724e6,-1.223379e6],"type":"Point"},"properties":{"alt":"","lat":-75.183,"lon":-139.1,"name":"Clarke Glacier","source":"SCAR CGA 17455 (United States of America)","tier":3,"type":"glacier"},"type":"Feature"},{"geometry":{"coordinates":[-2.071103e6,742243.0],"type":"Point"},"properties":{"alt":"","lat":-69.95,"lon":-70.283,"name":"Clarsach Glacier","source":"SCAR CGA 2736 (United States of America)","tier":3,"type":"glacier"},"type":"Feature"},{"geometry":{"coordinates":[-1.399619e6,-566904.0],"type":"Point"},"properties":{"alt":"","lat":-76.167,"lon":-112.05,"name":"Clausen Glacier","source":"SCAR CGA 2738 (United States of America)","tier":3,"type":"glacier"},"type":"Feature"},{"geometry":{"coordinates":[461129.0,-1.683676e6],"type":"Point"},"properties":{"alt":"","lat":-74.033,"lon":164.683,"name":"Clausnitzer Glacier","source":"SCAR CGA 2739 (United States of America)","tier":3,"type":"glacier"},"type":"Feature"},{"geometry":{"coordinates":[198496.0,-740796.0],"type":"Point"},"properties":{"alt":"","lat":-82.95,"lon":165.0,"name":"Cleaves Glacier","source":"SCAR CGA 2748 (United States of America)","tier":3,"type":"glacier"},"type":"Feature"},{"geometry":{"coordinates":[440724.0,-1.357754e6],"type":"Point"},"properties":{"alt":"","lat":-76.917,"lon":162.017,"name":"Cleveland Glacier","source":"SCAR CGA 2760 (United States of America)","tier":3,"type":"glacier"},"type":"Feature"},{"geometry":{"coordinates":[-1.908518e6,993511.0],"type":"Point"},"properties":{"alt":"Clifford, glaciar","lat":-70.383,"lon":-62.5,"name":"Clifford Glacier","source":"SCAR CGA 2763 (United States of America)","tier":3,"type":"glacier"},"type":"Feature"},{"geometry":{"coordinates":[-1.773349e6,942907.0],"type":"Point"},"properties":{"alt":"","lat":-71.667,"lon":-62.0,"name":"Cline Glacier","source":"SCAR CGA 2766 (United States of America)","tier":3,"type":"glacier"},"type":"Feature"},{"geometry":{"coordinates":[423564.0,-1.303596e6],"type":"Point"},"properties":{"alt":"","lat":-77.433,"lon":162.0,"name":"Clio Glacier","source":"SCAR CGA 16815 (United States of America)","tier":3,"type":"glacier"},"type":"Feature"},{"geometry":{"coordinates":[-1.628426e6,914454.0],"type":"Point"},"properties":{"alt":"","lat":-72.933,"lon":-60.683,"name":"Clowes Glacier","source":"SCAR CGA 2780 (United States of America)","tier":3,"type":"glacier"},"type":"Feature"},{"geometry":{"coordinates":[495809.0,-1.771812e6],"type":"Point"},"properties":{"alt":"Co-Pilot Glacier","lat":-73.183,"lon":164.367,"name":"Co-pilot Glacier","source":"SCAR CGA 2783 (United States of America)","tier":3,"type":"glacier"},"type":"Feature"},{"geometry":{"coordinates":[381153.0,-1.17307e6],"type":"Point"},"properties":{"alt":"","lat":-78.683,"lon":162.0,"name":"Cocks Glacier","source":"SCAR CGA 2804 (United States of America)","tier":3,"type":"glacier"},"type":"Feature"},{"geometry":{"coordinates":[-141644.0,-502233.0],"type":"Point"},"properties":{"alt":"","lat":-85.2,"lon":-164.25,"name":"Cohen Glacier","source":"SCAR CGA 2811 (United States of America)","tier":3,"type":"glacier"},"type":"Feature"},{"geometry":{"coordinates":[-2.13958e6,948131.0],"type":"Point"},"properties":{"alt":"","lat":-68.7,"lon":-66.1,"name":"Cole Glacier","source":"SCAR CGA 2827 (United States of America)","tier":3,"type":"glacier"},"type":"Feature"},{"geometry":{"coordinates":[-1.143584e6,-1.049739e6],"type":"Point"},"properties":{"alt":"","lat":-75.783,"lon":-132.55,"name":"Coleman Glacier","source":"SCAR CGA 2832 (United States of America)","tier":3,"type":"glacier"},"type":"Feature"},{"geometry":{"coordinates":[-2.40103e6,1.545384e6],"type":"Point"},"properties":{"alt":"","lat":-64.15,"lon":-57.233,"name":"Coley Glacier","source":"SCAR CGA 2835 (United States of America)","tier":3,"type":"glacier"},"type":"Feature"},{"geometry":{"coordinates":[-2.403767e6,1.546404e6],"type":"Point"},"properties":{"alt":"","lat":-64.125,"lon":-57.246,"name":"Coley North Glacier","source":"SCAR CGA 18117 (United Kingdom)","tier":3,"type":"glacier"},"type":"Feature"},{"geometry":{"coordinates":[-2.39953e6,1.542441e6],"type":"Point"},"properties":{"alt":"","lat":-64.175,"lon":-57.267,"name":"Coley South Glacier","source":"SCAR CGA 18118 (United Kingdom)","tier":3,"type":"glacier"},"type":"Feature"},{"geometry":{"coordinates":[1.629114e6,728168.0],"type":"Point"},"properties":{"alt":"","lat":-73.683,"lon":65.917,"name":"Collins Glacier","source":"SCAR CGA 2846 (United States of America)","tier":3,"type":"glacier"},"type":"Feature"},{"geometry":{"coordinates":[-326818.0,-305652.0],"type":"Point"},"properties":{"alt":"","lat":-85.883,"lon":-133.083,"name":"Colorado Glacier","source":"SCAR CGA 2858 (United States of America)","tier":3,"type":"glacier"},"type":"Feature"},{"geometry":{"coordinates":[387531.0,-1.209433e6],"type":"Point"},"properties":{"alt":"","lat":-78.35,"lon":162.233,"name":"Comberiate Glacier","source":"SCAR CGA 16661 (United States of America)","tier":3,"type":"glacier"},"type":"Feature"},{"geometry":{"coordinates":[403154.0,-1.302379e6],"type":"Point"},"properties":{"alt":"","lat":-77.5,"lon":162.8,"name":"Commanda Glacier","source":"SCAR CGA 16818 (United States of America)","tier":3,"type":"glacier"},"type":"Feature"},{"geometry":{"coordinates":[1.785412e6,-1.886918e6],"type":"Point"},"properties":{"alt":"","lat":-66.417,"lon":136.583,"name":"Commandant Charcot Glacier","source":"SCAR CGA 2873 (United States of America)","tier":3,"type":"glacier"},"type":"Feature"},{"geometry":{"coordinates":[388764.0,-1.297193e6],"type":"Point"},"properties":{"alt":"","lat":-77.583,"lon":163.317,"name":"Commonwealth Glacier","source":"SCAR CGA 2877 (United States of America)","tier":3,"type":"glacier"},"type":"Feature"},{"geometry":{"coordinates":[-2.404393e6,1.155436e6],"type":"Point"},"properties":{"alt":"Comrie, Glaciar","lat":-65.8,"lon":-64.333,"name":"Comrie Glacier","source":"SCAR CGA 2883 (United States of America)","tier":3,"type":"glacier"},"type":"Feature"},{"geometry":{"coordinates":[-1.859038e6,779560.0],"type":"Point"},"properties":{"alt":"","lat":-71.6,"lon":-67.25,"name":"Conchie Glacier","source":"SCAR CGA 2888 (United States of America)","tier":3,"type":"glacier"},"type":"Feature"},{"geometry":{"coordinates":[391240.0,-1.263893e6],"type":"Point"},"properties":{"alt":"","lat":-77.867,"lon":162.8,"name":"Condit Glacier","source":"SCAR CGA 2890 (United States of America)","tier":3,"type":"glacier"},"type":"Feature"},{"geometry":{"coordinates":[2.567638e6,-618806.0],"type":"Point"},"properties":{"alt":"","lat":-66.033,"lon":103.55,"name":"Conger Glacier","source":"SCAR CGA 2903 (United States of America)","tier":3,"type":"glacier"},"type":"Feature"},{"geometry":{"coordinates":[416406.0,-1.290503e6],"type":"Point"},"properties":{"alt":"","lat":-77.567,"lon":162.117,"name":"Conrow Glacier","source":"SCAR CGA 2914 (United States of America)","tier":3,"type":"glacier"},"type":"Feature"},{"geometry":{"coordinates":[327930.0,-911694.0],"type":"Point"},"properties":{"alt":"","lat":-81.1,"lon":160.217,"name":"Constellation Dome","source":"SCAR CGA 2920 (United States of America)","tier":3,"type":"dome"},"type":"Feature"},{"geometry":{"coordinates":[-2.631185e6,1.496745e6],"type":"Point"},"properties":{"alt":"","lat":-62.65,"lon":-60.367,"name":"Contell Glacier","source":"SCAR CGA 2927 (United States of America)","tier":3,"type":"glacier"},"type":"Feature"},{"geometry":{"coordinates":[1.082333e6,-2.079143e6],"type":"Point"},"properties":{"alt":"","lat":-68.667,"lon":152.5,"name":"Cook Ice Shelf","source":"SCAR CGA 2935 (United States of America)","tier":3,"type":"iceshelf"},"type":"Feature"},{"geometry":{"coordinates":[-2.505164e6,1.309668e6],"type":"Point"},"properties":{"alt":"","lat":-64.4,"lon":-62.4,"name":"Cook Summit","source":"SCAR CGA 2941 (United States of America)","tier":3,"type":"glacier"},"type":"Feature"},{"geometry":{"coordinates":[-1.889233e6,47271.0],"type":"Point"},"properties":{"alt":"","lat":-72.733,"lon":-88.567,"name":"Cooke Glacier","source":"SCAR CGA 17459 (United States of America)","tier":3,"type":"glacier"},"type":"Feature"},{"geometry":{"coordinates":[-130727.0,-471386.0],"type":"Point"},"properties":{"alt":"","lat":-85.5,"lon":-164.5,"name":"Cooper Glacier","source":"SCAR CGA 2949 (United States of America)","tier":3,"type":"glacier"},"type":"Feature"},{"geometry":{"coordinates":[-2.49331e6,1.249466e6],"type":"Point"},"properties":{"alt":"Copper, Ventisquero","lat":-64.733,"lon":-63.383,"name":"Copper Col","source":"SCAR CGA 2960 (United States of America)","tier":3,"type":"glacier"},"type":"Feature"},{"geometry":{"coordinates":[382463.0,-1.871505e6],"type":"Point"},"properties":{"alt":"","lat":-72.55,"lon":168.45,"name":"Coral Sea Glacier","source":"SCAR CGA 2973 (United States of America)","tier":3,"type":"glacier"},"type":"Feature"},{"geometry":{"coordinates":[-1.944883e6,1.012442e6],"type":"Point"},"properties":{"alt":"","lat":-70.017,"lon":-62.5,"name":"Cordini Glacier","source":"SCAR CGA 2978 (United States of America)","tier":3,"type":"glacier"},"type":"Feature"},{"geometry":{"coordinates":[477962.0,-1.630982e6],"type":"Point"},"properties":{"alt":"","lat":-74.45,"lon":163.667,"name":"Corner Glacier","source":"SCAR CGA 2988 (United States of America)","tier":3,"type":"glacier"},"type":"Feature"},{"geometry":{"coordinates":[228885.0,-718634.0],"type":"Point"},"properties":{"alt":"","lat":-83.067,"lon":162.333,"name":"Cornwall Glacier","source":"SCAR CGA 3002 (United States of America)","tier":3,"type":"glacier"},"type":"Feature"},{"geometry":{"coordinates":[-444097.0,899878.0],"type":"Point"},"properties":{"alt":"","lat":-80.783,"lon":-26.267,"name":"Cornwall Glacier","source":"SCAR CGA 3001 (United States of America)","tier":3,"type":"glacier"},"type":"Feature"},{"geometry":{"coordinates":[-1.29038e6,338525.0],"type":"Point"},"properties":{"alt":"","lat":-77.767,"lon":-75.3,"name":"Corr Dome","source":"SCAR CGA 20304 (United Kingdom)","tier":3,"type":"dome"},"type":"Feature"},{"geometry":{"coordinates":[2.12708e6,1.26967e6],"type":"Point"},"properties":{"alt":"","lat":-67.483,"lon":59.167,"name":"Cosgrove Glacier","source":"SCAR CGA 3020 (United States of America)","tier":3,"type":"glacier"},"type":"Feature"},{"geometry":{"coordinates":[-1.768025e6,-323431.0],"type":"Point"},"properties":{"alt":"","lat":-73.567,"lon":-100.367,"name":"Cosgrove Ice Shelf","source":"SCAR CGA 3021 (United States of America)","tier":3,"type":"iceshelf"},"type":"Feature"},{"geometry":{"coordinates":[484277.0,-1.746245e6],"type":"Point"},"properties":{"alt":"","lat":-73.433,"lon":164.5,"name":"Cosmonaut Glacier","source":"SCAR CGA 3023 (United States of America)","tier":3,"type":"glacier"},"type":"Feature"},{"geometry":{"coordinates":[468288.0,-1.729549e6],"type":"Point"},"properties":{"alt":"","lat":-73.617,"lon":164.85,"name":"Cosmonette Glacier","source":"SCAR CGA 3024 (United States of America)","tier":3,"type":"glacier"},"type":"Feature"},{"geometry":{"coordinates":[442089.0,-1.334153e6],"type":"Point"},"properties":{"alt":"","lat":-77.117,"lon":161.667,"name":"Cotton Glacier","source":"SCAR CGA 3026 (United States of America)","tier":3,"type":"glacier"},"type":"Feature"},{"geometry":{"coordinates":[401324.0,-1.8827e6],"type":"Point"},"properties":{"alt":"","lat":-72.417,"lon":167.967,"name":"Coulston Glacier","source":"SCAR CGA 3033 (United States of America)","tier":3,"type":"glacier"},"type":"Feature"},{"geometry":{"coordinates":[-2.155442e6,709369.0],"type":"Point"},"properties":{"alt":"","lat":-69.333,"lon":-71.783,"name":"Coulter Glacier","source":"SCAR CGA 3034 (United States of America)","tier":3,"type":"glacier"},"type":"Feature"},{"geometry":{"coordinates":[384288.0,-1.262202e6],"type":"Point"},"properties":{"alt":"","lat":-77.9,"lon":163.067,"name":"Covert Glacier","source":"SCAR CGA 3051 (United States of America)","tier":3,"type":"glacier"},"type":"Feature"},{"geometry":{"coordinates":[-182839.0,-343869.0],"type":"Point"},"properties":{"alt":"","lat":-86.417,"lon":-152.0,"name":"Cowie Dome","source":"SCAR CGA 3056 (United States of America)","tier":3,"type":"dome"},"type":"Feature"},{"geometry":{"coordinates":[-1.913065e6,-373016.0],"type":"Point"},"properties":{"alt":"","lat":-72.2,"lon":-101.033,"name":"Cox Glacier","source":"SCAR CGA 3058 (United States of America)","tier":3,"type":"glacier"},"type":"Feature"},{"geometry":{"coordinates":[-2.618634e6,1.8209e6],"type":"Point"},"properties":{"alt":"","lat":-61.24,"lon":-55.187,"name":"Crab Glacier","source":"SCAR CGA 20349 (United Kingdom)","tier":3,"type":"glacier"},"type":"Feature"},{"geometry":{"coordinates":[468862.0,-1.952949e6],"type":"Point"},"properties":{"alt":"","lat":-71.667,"lon":166.5,"name":"Cracktrack Glacier","source":"SCAR CGA 3074 (United States of America)","tier":3,"type":"glacier"},"type":"Feature"},{"geometry":{"coordinates":[-1.910862e6,-384142.0],"type":"Point"},"properties":{"alt":"","lat":-72.2,"lon":-101.367,"name":"Craft Glacier","source":"SCAR CGA 3076 (United States of America)","tier":3,"type":"glacier"},"type":"Feature"},{"geometry":{"coordinates":[-2.407699e6,1.266751e6],"type":"Point"},"properties":{"alt":"Crane, glaciar, Crane, Glaciar","lat":-65.333,"lon":-62.25,"name":"Crane Glacier","source":"SCAR CGA 3086 (United States of America)","tier":3,"type":"glacier"},"type":"Feature"},{"geometry":{"coordinates":[605163.0,-2.00651e6],"type":"Point"},"properties":{"alt":"","lat":-70.883,"lon":163.217,"name":"Crawford Glacier","source":"SCAR CGA 3101 (United States of America)","tier":3,"type":"glacier"},"type":"Feature"},{"geometry":{"coordinates":[421788.0,-1.236637e6],"type":"Point"},"properties":{"alt":"","lat":-78.017,"lon":161.167,"name":"Creagh Glacier","source":"SCAR CGA 3103 (United States of America)","tier":3,"type":"glacier"},"type":"Feature"},{"geometry":{"coordinates":[388009.0,-1.287851e6],"type":"Point"},"properties":{"alt":"","lat":-77.667,"lon":163.233,"name":"Crescent Glacier","source":"SCAR CGA 3113 (United States of America)","tier":3,"type":"glacier"},"type":"Feature"},{"geometry":{"coordinates":[-817889.0,-1.190037e6],"type":"Point"},"properties":{"alt":"","lat":-76.767,"lon":-145.5,"name":"Crevasse Valley Glacier","source":"SCAR CGA 3122 (United States of America)","tier":3,"type":"glacier"},"type":"Feature"},{"geometry":{"coordinates":[426852.0,-1.329487e6],"type":"Point"},"properties":{"alt":"","lat":-77.2,"lon":162.2,"name":"Crisp Glacier","source":"SCAR CGA 3125 (United States of America)","tier":3,"type":"glacier"},"type":"Feature"},{"geometry":{"coordinates":[421576.0,-1.870682e6],"type":"Point"},"properties":{"alt":"","lat":-72.483,"lon":167.3,"name":"Croll Glacier","source":"SCAR CGA 3135 (United States of America)","tier":3,"type":"glacier"},"type":"Feature"},{"geometry":{"coordinates":[-2.089442e6,1.01608e6],"type":"Point"},"properties":{"alt":"Cronus, glaciar","lat":-68.85,"lon":-64.067,"name":"Cronus Glacier","source":"SCAR CGA 3139 (United States of America)","tier":3,"type":"glacier"},"type":"Feature"},{"geometry":{"coordinates":[-1.915325e6,1.000597e6],"type":"Point"},"properties":{"alt":"","lat":-70.3,"lon":-62.417,"name":"Croom Glacier","source":"SCAR CGA 3143 (United States of America)","tier":3,"type":"glacier"},"type":"Feature"},{"geometry":{"coordinates":[-1.549992e6,-548881.0],"type":"Point"},"properties":{"alt":"","lat":-74.95,"lon":-109.5,"name":"Crosson Ice Shelf","source":"SCAR CGA 3150 (United States of America)","tier":3,"type":"iceshelf"},"type":"Feature"},{"geometry":{"coordinates":[-1.273209e6,102440.0],"type":"Point"},"properties":{"alt":"","lat":-78.283,"lon":-85.4,"name":"Crosswell Glacier","source":"SCAR CGA 3152 (United States of America)","tier":3,"type":"glacier"},"type":"Feature"},{"geometry":{"coordinates":[373581.0,-1.986621e6],"type":"Point"},"properties":{"alt":"","lat":-71.55,"lon":169.35,"name":"Crume Glacier","source":"SCAR CGA 3171 (United States of America)","tier":3,"type":"glacier"},"type":"Feature"},{"geometry":{"coordinates":[489672.0,-1.556194e6],"type":"Point"},"properties":{"alt":"","lat":-75.067,"lon":162.533,"name":"Crummer, Ghiacciaio","source":"SCAR CGA 17180 (Italy)","tier":3,"type":"glacier"},"type":"Feature"},{"geometry":{"coordinates":[-1.716209e6,626346.0],"type":"Point"},"properties":{"alt":"","lat":-73.3,"lon":-69.95,"name":"Cryosat Ice Stream","source":"SCAR CGA 20080 (United Kingdom)","tier":3,"type":"glacier"},"type":"Feature"},{"geometry":{"coordinates":[-2.633482e6,1.649848e6],"type":"Point"},"properties":{"alt":"","lat":-61.95,"lon":-57.933,"name":"Crystal Glacier","source":"SCAR CGA 3180 (Poland)","tier":3,"type":"glacier"},"type":"Feature"},{"geometry":{"coordinates":[-606927.0,-1.255489e6],"type":"Point"},"properties":{"alt":"","lat":-77.217,"lon":-154.2,"name":"Cumbie Glacier","source":"SCAR CGA 3195 (United States of America)","tier":3,"type":"glacier"},"type":"Feature"},{"geometry":{"coordinates":[-2.296884e6,1.06943e6],"type":"Point"},"properties":{"alt":"","lat":-66.983,"lon":-65.033,"name":"Cumpston Glacier","source":"SCAR CGA 3199 (United States of America)","tier":3,"type":"glacier"},"type":"Feature"},{"geometry":{"coordinates":[67872.0,-619731.0],"type":"Point"},"properties":{"alt":"","lat":-84.267,"lon":173.75,"name":"Cunningham Glacier","source":"SCAR CGA 3204 (United States of America)","tier":3,"type":"glacier"},"type":"Feature"},{"geometry":{"coordinates":[473754.0,-1.313506e6],"type":"Point"},"properties":{"alt":"","lat":-77.2,"lon":160.167,"name":"Cycle Glacier","source":"SCAR CGA 16662 (United States of America)","tier":3,"type":"glacier"},"type":"Feature"},{"geometry":{"coordinates":[-2.323776e6,1.012013e6],"type":"Point"},"properties":{"alt":"","lat":-66.975,"lon":-66.467,"name":"Dabrava Glacier","source":"SCAR CGA 19735 (Bulgaria)","tier":3,"type":"glacier"},"type":"Feature"},{"geometry":{"coordinates":[-2.455014e6,1.228485e6],"type":"Point"},"properties":{"alt":"Daguerre, glaciar","lat":-65.117,"lon":-63.417,"name":"Daguerre Glacier","source":"SCAR CGA 3250 (United States of America)","tier":3,"type":"glacier"},"type":"Feature"},{"geometry":{"coordinates":[429022.0,-1.32301e6],"type":"Point"},"properties":{"alt":"","lat":-77.25,"lon":162.033,"name":"Dahe Glacier","source":"SCAR CGA 18027 (United States of America)","tier":3,"type":"glacier"},"type":"Feature"},{"geometry":{"coordinates":[423715.0,2.067126e6],"type":"Point"},"properties":{"alt":"","lat":-70.755,"lon":11.584,"name":"Dakshin Gangotri (DG) Glacier","source":"SCAR CGA 16554 (India)","tier":3,"type":"glacier"},"type":"Feature"},{"geometry":{"coordinates":[394009.0,-1.215036e6],"type":"Point"},"properties":{"alt":"","lat":-78.283,"lon":162.033,"name":"Dale Glacier","source":"SCAR CGA 3262 (United States of America)","tier":3,"type":"glacier"},"type":"Feature"},{"geometry":{"coordinates":[-2.656527e6,1.385147e6],"type":"Point"},"properties":{"alt":"","lat":-62.921,"lon":-62.462,"name":"Dalgopol Glacier","source":"SCAR CGA 18437 (Bulgaria)","tier":3,"type":"glacier"},"type":"Feature"},{"geometry":{"coordinates":[-628738.0,-1.20352e6],"type":"Point"},"properties":{"alt":"","lat":-77.55,"lon":-152.417,"name":"Dalton Glacier","source":"SCAR CGA 3288 (United States of America)","tier":3,"type":"glacier"},"type":"Feature"},{"geometry":{"coordinates":[410854.0,-1.772544e6],"type":"Point"},"properties":{"alt":"","lat":-73.367,"lon":166.95,"name":"Damaskegletscher","source":"SCAR CGA 3295 (Germany)","tier":3,"type":"glacier"},"type":"Feature"},{"geometry":{"coordinates":[-1.853704e6,969781.0],"type":"Point"},"properties":{"alt":"","lat":-70.917,"lon":-62.383,"name":"Dana Glacier","source":"SCAR CGA 3302 (United States of America)","tier":3,"type":"glacier"},"type":"Feature"},{"geometry":{"coordinates":[-2.617997e6,1.658228e6],"type":"Point"},"properties":{"alt":"","lat":-62.025,"lon":-57.65,"name":"Danowski Glacier","source":"SCAR CGA 3320 (Poland)","tier":3,"type":"glacier"},"type":"Feature"},{"geometry":{"coordinates":[-1.879587e6,653317.0],"type":"Point"},"properties":{"alt":"Dargomyzhskogo, lednik","lat":-71.833,"lon":-70.833,"name":"Dargomyzhsky Glacier","source":"SCAR CGA 3328 (United States of America)","tier":3,"type":"glacier"},"type":"Feature"},{"geometry":{"coordinates":[399687.0,-1.261247e6],"type":"Point"},"properties":{"alt":"","lat":-77.867,"lon":162.417,"name":"Darkowski Glacier","source":"SCAR CGA 3329 (United States of America)","tier":3,"type":"glacier"},"type":"Feature"},{"geometry":{"coordinates":[394905.0,-1.028762e6],"type":"Point"},"properties":{"alt":"","lat":-79.883,"lon":159.0,"name":"Darwin Glacier","source":"SCAR CGA 3343 (United States of America)","tier":3,"type":"glacier"},"type":"Feature"},{"geometry":{"coordinates":[-2.188421e6,985812.0],"type":"Point"},"properties":{"alt":"","lat":-68.167,"lon":-65.75,"name":"Daspit Glacier","source":"SCAR CGA 3350 (United States of America)","tier":3,"type":"glacier"},"type":"Feature"},{"geometry":{"coordinates":[-1.27162e6,120577.0],"type":"Point"},"properties":{"alt":"","lat":-78.283,"lon":-84.583,"name":"Dater Glacier","source":"SCAR CGA 3351 (United States of America)","tier":3,"type":"glacier"},"type":"Feature"},{"geometry":{"coordinates":[495605.0,-1.525316e6],"type":"Point"},"properties":{"alt":"","lat":-75.317,"lon":162.0,"name":"David Glacier","source":"SCAR CGA 3362 (United States of America)","tier":3,"type":"glacier"},"type":"Feature"},{"geometry":{"coordinates":[187509.0,-758636.0],"type":"Point"},"properties":{"alt":"","lat":-82.817,"lon":166.117,"name":"Davidson Glacier","source":"SCAR CGA 3366 (United States of America)","tier":3,"type":"glacier"},"type":"Feature"},{"geometry":{"coordinates":[-2.448659e6,1.527122e6],"type":"Point"},"properties":{"alt":"","lat":-63.883,"lon":-58.05,"name":"Davies Dome","source":"SCAR CGA 3372 (United States of America)","tier":3,"type":"dome"},"type":"Feature"},{"geometry":{"coordinates":[476525.0,-1.481242e6],"type":"Point"},"properties":{"alt":"","lat":-75.75,"lon":162.167,"name":"Davis Glacier","source":"SCAR CGA 3380 (United States of America)","tier":3,"type":"glacier"},"type":"Feature"},{"geometry":{"coordinates":[-401289.0,-319200.0],"type":"Point"},"properties":{"alt":"","lat":-85.283,"lon":-128.5,"name":"Davisville Glacier","source":"SCAR CGA 3395 (United States of America)","tier":3,"type":"glacier"},"type":"Feature"},{"geometry":{"coordinates":[2.003203e6,-1.538963e6],"type":"Point"},"properties":{"alt":"","lat":-67.05,"lon":127.533,"name":"De Haven Glacier","source":"SCAR CGA 3420 (United States of America)","tier":3,"type":"glacier"},"type":"Feature"},{"geometry":{"coordinates":[338570.0,-1.953343e6],"type":"Point"},"properties":{"alt":"","lat":-71.9,"lon":170.167,"name":"DeAngelo Glacier","source":"SCAR CGA 3438 (United States of America)","tier":3,"type":"glacier"},"type":"Feature"},{"geometry":{"coordinates":[228508.0,-739712.0],"type":"Point"},"properties":{"alt":"","lat":-82.883,"lon":162.833,"name":"DeBreuck Glacier","source":"SCAR CGA 3447 (United States of America)","tier":3,"type":"glacier"},"type":"Feature"},{"geometry":{"coordinates":[-85080.0,-513000.0],"type":"Point"},"properties":{"alt":"","lat":-85.217,"lon":-170.583,"name":"DeGanahl Glacier","source":"SCAR CGA 3477 (United States of America)","tier":3,"type":"glacier"},"type":"Feature"},{"geometry":{"coordinates":[-1.236805e6,-1.075139e6],"type":"Point"},"properties":{"alt":"De Vicq Glacier","lat":-75.0,"lon":-131.0,"name":"DeVicq Glacier","source":"SCAR CGA 3585 (United States of America)","tier":3,"type":"glacier"},"type":"Feature"},{"geometry":{"coordinates":[402854.0,-972576.0],"type":"Point"},"properties":{"alt":"Devries Glacier","lat":-80.333,"lon":157.5,"name":"DeVries Glacier","source":"SCAR CGA 3597 (United States of America)","tier":3,"type":"glacier"},"type":"Feature"},{"geometry":{"coordinates":[435531.0,-1.886493e6],"type":"Point"},"properties":{"alt":"","lat":-72.317,"lon":167.0,"name":"DeWald Glacier","source":"SCAR CGA 3598 (United States of America)","tier":3,"type":"glacier"},"type":"Feature"},{"geometry":{"coordinates":[-2.622003e6,1.609215e6],"type":"Point"},"properties":{"alt":"","lat":-62.221,"lon":-58.461,"name":"Dead Glacier","source":"SCAR CGA 17262 (Poland)","tier":3,"type":"glacier"},"type":"Feature"},{"geometry":{"coordinates":[-1.957015e6,-221244.0],"type":"Point"},"properties":{"alt":"","lat":-72.017,"lon":-96.45,"name":"Deadmond Glacier","source":"SCAR CGA 3432 (United States of America)","tier":3,"type":"glacier"},"type":"Feature"},{"geometry":{"coordinates":[-2.634965e6,1.517449e6],"type":"Point"},"properties":{"alt":"","lat":-62.532,"lon":-60.063,"name":"Debelt Glacier","source":"SCAR CGA 17942 (Bulgaria)","tier":3,"type":"glacier"},"type":"Feature"},{"geometry":{"coordinates":[417878.0,-1.336172e6],"type":"Point"},"properties":{"alt":"","lat":-77.167,"lon":162.633,"name":"Debenham Glacier","source":"SCAR CGA 3444 (United States of America)","tier":3,"type":"glacier"},"type":"Feature"},{"geometry":{"coordinates":[456402.0,-1.161616e6],"type":"Point"},"properties":{"alt":"","lat":-78.55,"lon":158.55,"name":"Deception Glacier","source":"SCAR CGA 3456 (United States of America)","tier":3,"type":"glacier"},"type":"Feature"},{"geometry":{"coordinates":[404617.0,-1.305758e6],"type":"Point"},"properties":{"alt":"","lat":-77.467,"lon":162.783,"name":"Decker Glacier","source":"SCAR CGA 3460 (United States of America)","tier":3,"type":"glacier"},"type":"Feature"},{"geometry":{"coordinates":[-1.681659e6,909903.0],"type":"Point"},"properties":{"alt":"","lat":-72.533,"lon":-61.583,"name":"Defant Glacier","source":"SCAR CGA 3474 (United States of America)","tier":3,"type":"glacier"},"type":"Feature"},{"geometry":{"coordinates":[457206.0,-1.286349e6],"type":"Point"},"properties":{"alt":"","lat":-77.483,"lon":160.433,"name":"Delinski Glacier","source":"SCAR CGA 17776 (United States of America)","tier":3,"type":"glacier"},"type":"Feature"},{"geometry":{"coordinates":[-2.116146e6,726583.0],"type":"Point"},"properties":{"alt":"","lat":-69.617,"lon":-71.05,"name":"Delius Glacier","source":"SCAR CGA 3494 (United States of America)","tier":3,"type":"glacier"},"type":"Feature"},{"geometry":{"coordinates":[-1.24158e6,107532.0],"type":"Point"},"properties":{"alt":"","lat":-78.567,"lon":-85.05,"name":"Della Pia Glacier","source":"SCAR CGA 18248 (United States of America)","tier":3,"type":"glacier"},"type":"Feature"},{"geometry":{"coordinates":[394191.0,-1.16682e6],"type":"Point"},"properties":{"alt":"","lat":-78.7,"lon":161.333,"name":"Delta Glacier","source":"SCAR CGA 3500 (United States of America)","tier":3,"type":"glacier"},"type":"Feature"},{"geometry":{"coordinates":[-1.277249e6,89251.0],"type":"Point"},"properties":{"alt":"","lat":-78.256,"lon":-86.003,"name":"Delyo Glacier","source":"SCAR CGA 19447 (Bulgaria)","tier":3,"type":"glacier"},"type":"Feature"},{"geometry":{"coordinates":[393022.0,-1.931764e6],"type":"Point"},"properties":{"alt":"","lat":-72.0,"lon":168.5,"name":"Deming Glacier","source":"SCAR CGA 3512 (United States of America)","tier":3,"type":"glacier"},"type":"Feature"},{"geometry":{"coordinates":[-2.267627e6,1.029438e6],"type":"Point"},"properties":{"alt":"Demorest, glaciar, Demorest, Glaciar","lat":-67.367,"lon":-65.583,"name":"Demorest Glacier","source":"SCAR CGA 3513 (United States of America)","tier":3,"type":"glacier"},"type":"Feature"},{"geometry":{"coordinates":[2.524904e6,-422524.0],"type":"Point"},"properties":{"alt":"","lat":-66.75,"lon":99.5,"name":"Denman Glacier","source":"SCAR CGA 3526 (United States of America)","tier":3,"type":"glacier"},"type":"Feature"},{"geometry":{"coordinates":[428779.0,-2.017247e6],"type":"Point"},"properties":{"alt":"","lat":-71.183,"lon":168.0,"name":"Dennistoun Glacier","source":"SCAR CGA 3529 (United States of America)","tier":3,"type":"glacier"},"type":"Feature"},{"geometry":{"coordinates":[408246.0,-1.302715e6],"type":"Point"},"properties":{"alt":"","lat":-77.483,"lon":162.6,"name":"Denton Glacier","source":"SCAR CGA 3531 (United States of America)","tier":3,"type":"glacier"},"type":"Feature"},{"geometry":{"coordinates":[-2.466417e6,1.598652e6],"type":"Point"},"properties":{"alt":"","lat":-63.417,"lon":-57.05,"name":"Depot Glacier","source":"SCAR CGA 3537 (United States of America)","tier":3,"type":"glacier"},"type":"Feature"},{"geometry":{"coordinates":[-488737.0,901391.0],"type":"Point"},"properties":{"alt":"","lat":-80.583,"lon":-28.467,"name":"Derzhavina, lednik","source":"SCAR CGA 3558 (Russia)","tier":3,"type":"glacier"},"type":"Feature"},{"geometry":{"coordinates":[390309.0,-1.2661e6],"type":"Point"},"properties":{"alt":"","lat":-77.85,"lon":162.867,"name":"Descent Glacier","source":"SCAR CGA 3562 (United States of America)","tier":3,"type":"glacier"},"type":"Feature"},{"geometry":{"coordinates":[-2.468879e6,1.280658e6],"type":"Point"},"properties":{"alt":"Deville, glaciar","lat":-64.8,"lon":-62.583,"name":"Deville Glacier","source":"SCAR CGA 3587 (United States of America)","tier":3,"type":"glacier"},"type":"Feature"},{"geometry":{"coordinates":[-101739.0,-379694.0],"type":"Point"},"properties":{"alt":"","lat":-86.383,"lon":-165.0,"name":"Devils Glacier","source":"SCAR CGA 3589 (United States of America)","tier":3,"type":"glacier"},"type":"Feature"},{"geometry":{"coordinates":[429089.0,-1.349937e6],"type":"Point"},"properties":{"alt":"","lat":-77.017,"lon":162.367,"name":"Dewdrop Glacier","source":"SCAR CGA 3602 (United States of America)","tier":3,"type":"glacier"},"type":"Feature"},{"geometry":{"coordinates":[396211.0,-1.032165e6],"type":"Point"},"properties":{"alt":"","lat":-79.85,"lon":159.0,"name":"Diamond Glacier","source":"SCAR CGA 3609 (United States of America)","tier":3,"type":"glacier"},"type":"Feature"},{"geometry":{"coordinates":[1.8604e6,-1.834604e6],"type":"Point"},"properties":{"alt":"","lat":-66.283,"lon":134.6,"name":"Dibble Glacier","source":"SCAR CGA 3619 (United States of America)","tier":3,"type":"glacier"},"type":"Feature"},{"geometry":{"coordinates":[-40420.0,-554826.0],"type":"Point"},"properties":{"alt":"","lat":-84.883,"lon":-175.833,"name":"Dick Glacier","source":"SCAR CGA 3622 (United States of America)","tier":3,"type":"glacier"},"type":"Feature"},{"geometry":{"coordinates":[298245.0,-866167.0],"type":"Point"},"properties":{"alt":"","lat":-81.583,"lon":161.0,"name":"Dickey Glacier","source":"SCAR CGA 3627 (United States of America)","tier":3,"type":"glacier"},"type":"Feature"},{"geometry":{"coordinates":[390745.0,-1.162195e6],"type":"Point"},"properties":{"alt":"","lat":-78.75,"lon":161.417,"name":"Dilemma Glacier","source":"SCAR CGA 3643 (United States of America)","tier":3,"type":"glacier"},"type":"Feature"},{"geometry":{"coordinates":[-2.508387e6,1.29868e6],"type":"Point"},"properties":{"alt":"","lat":-64.419,"lon":-62.628,"name":"Dimkov Glacier","source":"SCAR CGA 18575 (Bulgaria)","tier":3,"type":"glacier"},"type":"Feature"},{"geometry":{"coordinates":[1.903584e6,1.660602e6],"type":"Point"},"properties":{"alt":"","lat":-67.05,"lon":48.9,"name":"Dingle Dome","source":"SCAR CGA 3652 (United States of America)","tier":3,"type":"dome"},"type":"Feature"},{"geometry":{"coordinates":[2.236587e6,916530.0],"type":"Point"},"properties":{"alt":"","lat":-68.017,"lon":67.717,"name":"Dingsør Dome","source":"SCAR CGA 3655 (United States of America)","tier":3,"type":"dome"},"type":"Feature"},{"geometry":{"coordinates":[-2.451e6,1.416038e6],"type":"Point"},"properties":{"alt":"","lat":-64.367,"lon":-59.983,"name":"Dinsmoor Glacier","source":"SCAR CGA 3657 (United States of America)","tier":3,"type":"glacier"},"type":"Feature"},{"geometry":{"coordinates":[-2.467431e6,1.268997e6],"type":"Point"},"properties":{"alt":"","lat":-64.858,"lon":-62.783,"name":"Diorite Glacier","source":"SCAR CGA 16940 (Poland)","tier":3,"type":"glacier"},"type":"Feature"},{"geometry":{"coordinates":[-2.453013e6,1.48365e6],"type":"Point"},"properties":{"alt":"","lat":-64.05,"lon":-58.833,"name":"Diplock Glacier","source":"SCAR CGA 3662 (United States of America)","tier":3,"type":"glacier"},"type":"Feature"},{"geometry":{"coordinates":[339884.0,-1.22558e6],"type":"Point"},"properties":{"alt":"","lat":-78.333,"lon":164.5,"name":"Discovery Glacier","source":"SCAR CGA 16825 (United States of America)","tier":3,"type":"glacier"},"type":"Feature"},{"geometry":{"coordinates":[-2.522499e6,1.316865e6],"type":"Point"},"properties":{"alt":"","lat":-64.236,"lon":-62.433,"name":"Djerassi Glacier","source":"SCAR CGA 18577 (Bulgaria)","tier":3,"type":"glacier"},"type":"Feature"},{"geometry":{"coordinates":[-1.15063e6,98982.0],"type":"Point"},"properties":{"alt":"","lat":-79.4,"lon":-85.083,"name":"Dobbratz Glacier","source":"SCAR CGA 3709 (United States of America)","tier":3,"type":"glacier"},"type":"Feature"},{"geometry":{"coordinates":[-2.57984e6,1.869401e6],"type":"Point"},"properties":{"alt":"","lat":-61.271,"lon":-54.072,"name":"Dobrodan Glacier","source":"SCAR CGA 19524 (Bulgaria)","tier":3,"type":"glacier"},"type":"Feature"},{"geometry":{"coordinates":[-2.629401e6,1.626558e6],"type":"Point"},"properties":{"alt":"","lat":-62.087,"lon":-58.259,"name":"Dobrowolski Glacier","source":"SCAR CGA 3711 (United Kingdom)","tier":3,"type":"glacier"},"type":"Feature"},{"geometry":{"coordinates":[-2.619566e6,1.5152e6],"type":"Point"},"properties":{"alt":"","lat":-62.658,"lon":-59.954,"name":"Dobrudzha Glacier","source":"SCAR CGA 17404 (Bulgaria)","tier":3,"type":"glacier"},"type":"Feature"},{"geometry":{"coordinates":[-2.430581e6,1.523714e6],"type":"Point"},"properties":{"alt":"","lat":-64.033,"lon":-57.917,"name":"Dobson Dome","source":"SCAR CGA 3716 (United States of America)","tier":3,"type":"dome"},"type":"Feature"},{"geometry":{"coordinates":[-2.540797e6,1.323597e6],"type":"Point"},"properties":{"alt":"","lat":-64.067,"lon":-62.483,"name":"Dodelen Glacier","source":"SCAR CGA 19606 (Bulgaria)","tier":3,"type":"glacier"},"type":"Feature"},{"geometry":{"coordinates":[407467.0,1.970474e6],"type":"Point"},"properties":{"alt":"Dokuchaeva, lednik","lat":-71.633,"lon":11.683,"name":"Dokuchaevbreen","source":"SCAR CGA 3740 (Norway)","tier":3,"type":"glacier"},"type":"Feature"},{"geometry":{"coordinates":[-2.332832e6,1.039727e6],"type":"Point"},"properties":{"alt":"","lat":-66.803,"lon":-65.978,"name":"Dolie Glacier","source":"SCAR CGA 19717 (Bulgaria)","tier":3,"type":"glacier"},"type":"Feature"},{"geometry":{"coordinates":[1.723752e6,689452.0],"type":"Point"},"properties":{"alt":"","lat":-73.033,"lon":68.2,"name":"Dolinnyj, lednik","source":"SCAR CGA 3746 (Russia)","tier":3,"type":"glacier"},"type":"Feature"},{"geometry":{"coordinates":[954694.0,220408.0],"type":"Point"},"properties":{"alt":"","lat":-81.0,"lon":77.0,"name":"Dome Argus","source":"SCAR CGA 501 (United States of America)","tier":3,"type":"dome"},"type":"Feature"},{"geometry":{"coordinates":[1.342413e6,-939967.0],"type":"Point"},"properties":{"alt":"Dome C","lat":-75.0,"lon":125.0,"name":"Dome Charlie","source":"SCAR CGA 2550 (United States of America)","tier":3,"type":"dome"},"type":"Feature"},{"geometry":{"coordinates":[-2.636803e6,1.619002e6],"type":"Point"},"properties":{"alt":"","lat":-62.067,"lon":-58.45,"name":"Domeyko Glacier","source":"SCAR CGA 3754 (United States of America)","tier":3,"type":"glacier"},"type":"Feature"},{"geometry":{"coordinates":[322521.0,-853526.0],"type":"Point"},"properties":{"alt":"","lat":-81.617,"lon":159.3,"name":"Donnally Glacier","source":"SCAR CGA 3776 (United States of America)","tier":3,"type":"glacier"},"type":"Feature"},{"geometry":{"coordinates":[-1.239238e6,91004.0],"type":"Point"},"properties":{"alt":"","lat":-78.6,"lon":-85.8,"name":"Donnellan Glacier","source":"SCAR CGA 18250 (United States of America)","tier":3,"type":"glacier"},"type":"Feature"},{"geometry":{"coordinates":[399089.0,-1.278708e6],"type":"Point"},"properties":{"alt":"","lat":-77.717,"lon":162.667,"name":"Doran Glacier","source":"SCAR CGA 16668 (United States of America)","tier":3,"type":"glacier"},"type":"Feature"},{"geometry":{"coordinates":[-1.524813e6,-676764.0],"type":"Point"},"properties":{"alt":"","lat":-74.733,"lon":-113.933,"name":"Dorchuck Glacier","source":"SCAR CGA 3785 (United States of America)","tier":3,"type":"glacier"},"type":"Feature"},{"geometry":{"coordinates":[624760.0,-2.014127e6],"type":"Point"},"properties":{"alt":"","lat":-70.767,"lon":162.767,"name":"Dorngletscher","source":"SCAR CGA 3787 (Germany)","tier":3,"type":"glacier"},"type":"Feature"},{"geometry":{"coordinates":[231626.0,-761571.0],"type":"Point"},"properties":{"alt":"","lat":-82.683,"lon":163.083,"name":"Dorrer Glacier","source":"SCAR CGA 3790 (United States of America)","tier":3,"type":"glacier"},"type":"Feature"},{"geometry":{"coordinates":[247416.0,-777599.0],"type":"Point"},"properties":{"alt":"","lat":-82.5,"lon":162.35,"name":"Doss Glacier","source":"SCAR CGA 3799 (United States of America)","tier":3,"type":"glacier"},"type":"Feature"},{"geometry":{"coordinates":[-1.576825e6,-648848.0],"type":"Point"},"properties":{"alt":"","lat":-74.4,"lon":-112.367,"name":"Dotson Ice Shelf","source":"SCAR CGA 3803 (United States of America)","tier":3,"type":"iceshelf"},"type":"Feature"},{"geometry":{"coordinates":[382155.0,-1.291514e6],"type":"Point"},"properties":{"alt":"","lat":-77.65,"lon":163.517,"name":"Double Curtain Glacier","source":"SCAR CGA 3808 (United States of America)","tier":3,"type":"glacier"},"type":"Feature"},{"geometry":{"coordinates":[-1.588164e6,853351.0],"type":"Point"},"properties":{"alt":"","lat":-73.517,"lon":-61.75,"name":"Douglas Glacier","source":"SCAR CGA 3816 (United States of America)","tier":3,"type":"glacier"},"type":"Feature"},{"geometry":{"coordinates":[2.112297e6,1.40252e6],"type":"Point"},"properties":{"alt":"","lat":-66.967,"lon":56.417,"name":"Downer Glacier","source":"SCAR CGA 3840 (United States of America)","tier":3,"type":"glacier"},"type":"Feature"},{"geometry":{"coordinates":[-2.402938e6,1.105228e6],"type":"Point"},"properties":{"alt":"Doyle, glaciar","lat":-66.0,"lon":-65.3,"name":"Doyle Glacier","source":"SCAR CGA 3846 (United States of America)","tier":3,"type":"glacier"},"type":"Feature"},{"geometry":{"coordinates":[-2.615286e6,1.847159e6],"type":"Point"},"properties":{"alt":"","lat":-61.133,"lon":-54.767,"name":"Doyle Glacier","source":"SCAR CGA 19900 (United Kingdom)","tier":3,"type":"glacier"},"type":"Feature"},{"geometry":{"coordinates":[-2.64866e6,1.376814e6],"type":"Point"},"properties":{"alt":"","lat":-63.016,"lon":-62.534,"name":"Dragoman Glacier","source":"SCAR CGA 18439 (Bulgaria)","tier":3,"type":"glacier"},"type":"Feature"},{"geometry":{"coordinates":[-2.629837e6,1.619672e6],"type":"Point"},"properties":{"alt":"","lat":-62.115,"lon":-58.372,"name":"Dragon Glacier","source":"SCAR CGA 3853 (United Kingdom)","tier":3,"type":"glacier"},"type":"Feature"},{"geometry":{"coordinates":[-2.639425e6,1.643965e6],"type":"Point"},"properties":{"alt":"","lat":-61.933,"lon":-58.083,"name":"Drake Glacier","source":"SCAR CGA 3858 (United Kingdom)","tier":3,"type":"glacier"},"type":"Feature"},{"geometry":{"coordinates":[1.598346e6,669150.0],"type":"Point"},"properties":{"alt":"","lat":-74.15,"lon":67.283,"name":"Driackogo, lednik","source":"SCAR CGA 3875 (Russia)","tier":3,"type":"glacier"},"type":"Feature"},{"geometry":{"coordinates":[-1.113659e6,136740.0],"type":"Point"},"properties":{"alt":"","lat":-79.7,"lon":-83.0,"name":"Driscoll Glacier","source":"SCAR CGA 3880 (United States of America)","tier":3,"type":"glacier"},"type":"Feature"},{"geometry":{"coordinates":[369367.0,-1.220838e6],"type":"Point"},"properties":{"alt":"","lat":-78.3,"lon":163.167,"name":"Dromedary Glacier","source":"SCAR CGA 3883 (United States of America)","tier":3,"type":"glacier"},"type":"Feature"},{"geometry":{"coordinates":[-2.342098e6,1.056676e6],"type":"Point"},"properties":{"alt":"","lat":-66.667,"lon":-65.717,"name":"Drummond Glacier","source":"SCAR CGA 3888 (United States of America)","tier":3,"type":"glacier"},"type":"Feature"},{"geometry":{"coordinates":[-2.434524e6,1.364331e6],"type":"Point"},"properties":{"alt":"Drygalski, bahía, Drygalski, Glaciar","lat":-64.717,"lon":-60.733,"name":"Drygalski Glacier","source":"SCAR CGA 3901 (United States of America)","tier":3,"type":"glacier"},"type":"Feature"},{"geometry":{"coordinates":[2.495016e6,-736690.0],"type":"Point"},"properties":{"alt":"Du Beau Glacier","lat":-66.383,"lon":106.45,"name":"DuBeau Glacier","source":"SCAR CGA 3910 (United States of America)","tier":3,"type":"glacier"},"type":"Feature"},{"geometry":{"coordinates":[355172.0,-1.980568e6],"type":"Point"},"properties":{"alt":"","lat":-71.633,"lon":169.833,"name":"Dugdale Glacier","source":"SCAR CGA 3939 (United States of America)","tier":3,"type":"glacier"},"type":"Feature"},{"geometry":{"coordinates":[351689.0,-1.986981e6],"type":"Point"},"properties":{"alt":"","lat":-71.582,"lon":169.963,"name":"Dugdale Ice Tongue","source":"SCAR CGA 20221 (New Zealand)","tier":3,"type":"glacier"},"type":"Feature"},{"geometry":{"coordinates":[405957.0,-1.266938e6],"type":"Point"},"properties":{"alt":"","lat":-77.8,"lon":162.233,"name":"Dun Glacier","source":"SCAR CGA 3954 (United States of America)","tier":3,"type":"glacier"},"type":"Feature"},{"geometry":{"coordinates":[441012.0,-1.738614e6],"type":"Point"},"properties":{"alt":"","lat":-73.6,"lon":165.767,"name":"Dunn Glacier","source":"SCAR CGA 3969 (United States of America)","tier":3,"type":"glacier"},"type":"Feature"},{"geometry":{"coordinates":[2.195112e6,529026.0],"type":"Point"},"properties":{"alt":"","lat":-69.433,"lon":76.45,"name":"Dålk Glacier","source":"SCAR CGA 3269 (United States of America)","tier":3,"type":"glacier"},"type":"Feature"},{"geometry":{"coordinates":[469841.0,-1.665929e6],"type":"Point"},"properties":{"alt":"","lat":-74.167,"lon":164.25,"name":"Dürbaumgletscher","source":"SCAR CGA 3975 (Germany)","tier":3,"type":"glacier"},"type":"Feature"},{"geometry":{"coordinates":[-2.119039e6,979883.0],"type":"Point"},"properties":{"alt":"","lat":-68.75,"lon":-65.183,"name":"Earnshaw Glacier","source":"SCAR CGA 4022 (United States of America)","tier":3,"type":"glacier"},"type":"Feature"},{"geometry":{"coordinates":[274638.0,-1.322307e6],"type":"Point"},"properties":{"alt":"","lat":-77.617,"lon":168.267,"name":"Eastwind Glacier","source":"SCAR CGA 16830 (United States of America)","tier":3,"type":"glacier"},"type":"Feature"},{"geometry":{"coordinates":[546364.0,-2.004039e6],"type":"Point"},"properties":{"alt":"","lat":-71.05,"lon":164.75,"name":"Ebbe Glacier","source":"SCAR CGA 4047 (United States of America)","tier":3,"type":"glacier"},"type":"Feature"},{"geometry":{"coordinates":[-2.625837e6,1.611215e6],"type":"Point"},"properties":{"alt":"","lat":-62.183,"lon":-58.467,"name":"Ecology Glacier","source":"SCAR CGA 4060 (United States of America)","tier":3,"type":"glacier"},"type":"Feature"},{"geometry":{"coordinates":[-2.341624e6,1.180276e6],"type":"Point"},"properties":{"alt":"Eden, glaciar, Edén, Glaciar","lat":-66.2,"lon":-63.25,"name":"Eden Glacier","source":"SCAR CGA 4064 (United States of America)","tier":3,"type":"glacier"},"type":"Feature"},{"geometry":{"coordinates":[-636623.0,513384.0],"type":"Point"},"properties":{"alt":"","lat":-82.483,"lon":-51.117,"name":"Edge Glacier","source":"SCAR CGA 4067 (United States of America)","tier":3,"type":"glacier"},"type":"Feature"},{"geometry":{"coordinates":[-2.447714e6,1.417937e6],"type":"Point"},"properties":{"alt":"","lat":-64.383,"lon":-59.917,"name":"Edgeworth Glacier","source":"SCAR CGA 4071 (United States of America)","tier":3,"type":"glacier"},"type":"Feature"},{"geometry":{"coordinates":[337483.0,-1.891426e6],"type":"Point"},"properties":{"alt":"","lat":-72.45,"lon":169.883,"name":"Edisto Glacier","source":"SCAR CGA 4076 (United States of America)","tier":3,"type":"glacier"},"type":"Feature"},{"geometry":{"coordinates":[2.580658e6,-486067.0],"type":"Point"},"properties":{"alt":"Edisto Glacier","lat":-66.167,"lon":100.667,"name":"Edisto Ice Tongue","source":"SCAR CGA 4077 (United States of America)","tier":3,"type":"glacier"},"type":"Feature"},{"geometry":{"coordinates":[2.128133e6,1.405912e6],"type":"Point"},"properties":{"alt":"King Edward Ice Shelf","lat":-66.833,"lon":56.55,"name":"Edward VIII Ice Shelf","source":"SCAR CGA 4089 (United States of America)","tier":3,"type":"iceshelf"},"type":"Feature"},{"geometry":{"coordinates":[673533.0,-1.901997e6],"type":"Point"},"properties":{"alt":"","lat":-71.583,"lon":160.5,"name":"Edwards Glacier","source":"SCAR CGA 4092 (United States of America)","tier":3,"type":"glacier"},"type":"Feature"},{"geometry":{"coordinates":[356482.0,-1.98787e6],"type":"Point"},"properties":{"alt":"","lat":-71.567,"lon":169.833,"name":"Egeberg Glacier","source":"SCAR CGA 4106 (United States of America)","tier":3,"type":"glacier"},"type":"Feature"},{"geometry":{"coordinates":[684963.0,1.917243e6],"type":"Point"},"properties":{"alt":"","lat":-71.42,"lon":19.66,"name":"Einsetebreen","source":"SCAR CGA 19975 (Norway)","tier":3,"type":"glacier"},"type":"Feature"},{"geometry":{"coordinates":[166023.0,-735703.0],"type":"Point"},"properties":{"alt":"","lat":-83.067,"lon":167.283,"name":"Ekblad Glacier","source":"SCAR CGA 4135 (United States of America)","tier":3,"type":"glacier"},"type":"Feature"},{"geometry":{"coordinates":[-289864.0,2.062491e6],"type":"Point"},"properties":{"alt":"Ekströmisen","lat":-71.0,"lon":-8.0,"name":"Ekström Ice Shelf","source":"SCAR CGA 4145 (United States of America)","tier":3,"type":"iceshelf"},"type":"Feature"},{"geometry":{"coordinates":[-966496.0,-1.231143e6],"type":"Point"},"properties":{"alt":"","lat":-75.667,"lon":-141.867,"name":"El-Sayed Glacier","source":"SCAR CGA 4150 (United States of America)","tier":3,"type":"glacier"},"type":"Feature"},{"geometry":{"coordinates":[371392.0,-1.869961e6],"type":"Point"},"properties":{"alt":"","lat":-72.583,"lon":168.767,"name":"Elder Glacier","source":"SCAR CGA 4155 (United States of America)","tier":3,"type":"glacier"},"type":"Feature"},{"geometry":{"coordinates":[-2.641402e6,1.633485e6],"type":"Point"},"properties":{"alt":"","lat":-61.967,"lon":-58.267,"name":"Eldred Glacier","source":"SCAR CGA 4157 (United States of America)","tier":3,"type":"glacier"},"type":"Feature"},{"geometry":{"coordinates":[-2.448338e6,1.44698e6],"type":"Point"},"properties":{"alt":"","lat":-64.25,"lon":-59.417,"name":"Eliason Glacier","source":"SCAR CGA 4172 (United States of America)","tier":3,"type":"glacier"},"type":"Feature"},{"geometry":{"coordinates":[-1.278719e6,123127.0],"type":"Point"},"properties":{"alt":"","lat":-78.217,"lon":-84.5,"name":"Ellen Glacier","source":"SCAR CGA 4182 (United States of America)","tier":3,"type":"glacier"},"type":"Feature"},{"geometry":{"coordinates":[2.336199e6,-1.100991e6],"type":"Point"},"properties":{"alt":"","lat":-66.55,"lon":115.233,"name":"Elliott Glacier","source":"SCAR CGA 4185 (United States of America)","tier":3,"type":"glacier"},"type":"Feature"},{"geometry":{"coordinates":[812235.0,1.800299e6],"type":"Point"},"properties":{"alt":"Ellisbreen","lat":-71.967,"lon":24.283,"name":"Ellis Glacier","source":"SCAR CGA 4198 (United States of America)","tier":3,"type":"glacier"},"type":"Feature"},{"geometry":{"coordinates":[-1.305598e6,110398.0],"type":"Point"},"properties":{"alt":"Embrée Glacier","lat":-77.983,"lon":-85.167,"name":"Embree Glacier","source":"SCAR CGA 4220 (United States of America)","tier":3,"type":"glacier"},"type":"Feature"},{"geometry":{"coordinates":[405894.0,-1.25542e6],"type":"Point"},"properties":{"alt":"","lat":-77.9,"lon":162.083,"name":"Emmanuel Glacier","source":"SCAR CGA 4237 (United States of America)","tier":3,"type":"glacier"},"type":"Feature"},{"geometry":{"coordinates":[317368.0,-1.339083e6],"type":"Point"},"properties":{"alt":"","lat":-77.383,"lon":166.667,"name":"Endeavour Piedmont Glacier","source":"SCAR CGA 16833 (United States of America)","tier":3,"type":"glacier"},"type":"Feature"},{"geometry":{"coordinates":[-2.623884e6,1.828181e6],"type":"Point"},"properties":{"alt":"Endurance, glaciar","lat":-61.167,"lon":-55.133,"name":"Endurance Glacier","source":"SCAR CGA 4258 (United States of America)","tier":3,"type":"glacier"},"type":"Feature"},{"geometry":{"coordinates":[1.677796e6,666537.0],"type":"Point"},"properties":{"alt":"","lat":-73.495,"lon":68.334,"name":"England Glacier","source":"SCAR CGA 4269 (Australia)","tier":3,"type":"glacier"},"type":"Feature"},{"geometry":{"coordinates":[341966.0,-939545.0],"type":"Point"},"properties":{"alt":"","lat":-80.817,"lon":160.0,"name":"Entrikin Glacier","source":"SCAR CGA 4288 (United States of America)","tier":3,"type":"glacier"},"type":"Feature"},{"geometry":{"coordinates":[535459.0,2.070468e6],"type":"Point"},"properties":{"alt":"Entusiastbreen, Éntuziastov, shel'fovyj lednik","lat":-70.5,"lon":14.5,"name":"Entuziasty Glacier","source":"SCAR CGA 4289 (United States of America)","tier":3,"type":"glacier"},"type":"Feature"},{"geometry":{"coordinates":[-1.720004e6,673775.0],"type":"Point"},"properties":{"alt":"","lat":-73.117,"lon":-68.608,"name":"Envisat Ice Stream","source":"SCAR CGA 20079 (United Kingdom)","tier":3,"type":"glacier"},"type":"Feature"},{"geometry":{"coordinates":[421866.0,-1.298369e6],"type":"Point"},"properties":{"alt":"","lat":-77.483,"lon":162.0,"name":"Enyo Glacier","source":"SCAR CGA 16834 (United States of America)","tier":3,"type":"glacier"},"type":"Feature"},{"geometry":{"coordinates":[418645.0,-1.301328e6],"type":"Point"},"properties":{"alt":"","lat":-77.467,"lon":162.167,"name":"Eos Glacier","source":"SCAR CGA 16835 (United States of America)","tier":3,"type":"glacier"},"type":"Feature"},{"geometry":{"coordinates":[-132697.0,-385380.0],"type":"Point"},"properties":{"alt":"","lat":-86.25,"lon":-161.0,"name":"Epler Glacier","source":"SCAR CGA 4297 (United States of America)","tier":3,"type":"glacier"},"type":"Feature"},{"geometry":{"coordinates":[302156.0,-1.308782e6],"type":"Point"},"properties":{"alt":"","lat":-77.683,"lon":167.0,"name":"Erebus Glacier","source":"SCAR CGA 4302 (United States of America)","tier":3,"type":"glacier"},"type":"Feature"},{"geometry":{"coordinates":[-1766.0,-607098.0],"type":"Point"},"properties":{"alt":"","lat":-84.417,"lon":-179.833,"name":"Erickson Glacier","source":"SCAR CGA 4311 (United States of America)","tier":3,"type":"glacier"},"type":"Feature"},{"geometry":{"coordinates":[-1.904513e6,756616.0],"type":"Point"},"properties":{"alt":"","lat":-71.3,"lon":-68.333,"name":"Eros Glacier","source":"SCAR CGA 4320 (United States of America)","tier":3,"type":"glacier"},"type":"Feature"},{"geometry":{"coordinates":[271453.0,-786871.0],"type":"Point"},"properties":{"alt":"","lat":-82.35,"lon":160.967,"name":"Errant Glacier","source":"SCAR CGA 4321 (United States of America)","tier":3,"type":"glacier"},"type":"Feature"},{"geometry":{"coordinates":[-1.777458e6,586692.0],"type":"Point"},"properties":{"alt":"","lat":-72.896,"lon":-71.733,"name":"Ers Ice Stream","source":"SCAR CGA 20085 (United Kingdom)","tier":3,"type":"glacier"},"type":"Feature"},{"geometry":{"coordinates":[-2.360081e6,1.067269e6],"type":"Point"},"properties":{"alt":"Erskine, glaciar","lat":-66.483,"lon":-65.667,"name":"Erskine Glacier","source":"SCAR CGA 4326 (United States of America)","tier":3,"type":"glacier"},"type":"Feature"},{"geometry":{"coordinates":[-2.073111e6,806189.0],"type":"Point"},"properties":{"alt":"","lat":-69.733,"lon":-68.75,"name":"Eureka Glacier","source":"SCAR CGA 4368 (United States of America)","tier":3,"type":"glacier"},"type":"Feature"},{"geometry":{"coordinates":[117403.0,-665825.0],"type":"Point"},"properties":{"alt":"","lat":-83.783,"lon":170.0,"name":"Evans Glacier","source":"SCAR CGA 4376 (United States of America)","tier":3,"type":"glacier"},"type":"Feature"},{"geometry":{"coordinates":[-2.419697e6,1.304687e6],"type":"Point"},"properties":{"alt":"Evans, ensenada, Evans, Ensenada","lat":-65.083,"lon":-61.667,"name":"Evans Glacier","source":"SCAR CGA 4375 (United States of America)","tier":3,"type":"glacier"},"type":"Feature"},{"geometry":{"coordinates":[431305.0,-1.381932e6],"type":"Point"},"properties":{"alt":"","lat":-76.733,"lon":162.667,"name":"Evans Piedmont Glacier","source":"SCAR CGA 4384 (United States of America)","tier":3,"type":"glacier"},"type":"Feature"},{"geometry":{"coordinates":[558140.0,-1.927407e6],"type":"Point"},"properties":{"alt":"","lat":-71.683,"lon":163.85,"name":"Evison Glacier","source":"SCAR CGA 4397 (United States of America)","tier":3,"type":"glacier"},"type":"Feature"},{"geometry":{"coordinates":[388071.0,-1.13995e6],"type":"Point"},"properties":{"alt":"","lat":-78.95,"lon":161.2,"name":"Evteev Glacier","source":"SCAR CGA 4399 (United States of America)","tier":3,"type":"glacier"},"type":"Feature"},{"geometry":{"coordinates":[443947.0,-1.014547e6],"type":"Point"},"properties":{"alt":"","lat":-79.833,"lon":156.367,"name":"Exodus Glacier","source":"SCAR CGA 4407 (United States of America)","tier":3,"type":"glacier"},"type":"Feature"},{"geometry":{"coordinates":[-1.799834e6,-133223.0],"type":"Point"},"properties":{"alt":"","lat":-73.5,"lon":-94.233,"name":"Exum Glacier","source":"SCAR CGA 4420 (United States of America)","tier":3,"type":"glacier"},"type":"Feature"},{"geometry":{"coordinates":[-666934.0,-1.140558e6],"type":"Point"},"properties":{"alt":"","lat":-77.883,"lon":-149.683,"name":"Fahnestock Glacier","source":"SCAR CGA 17469 (United States of America)","tier":3,"type":"glacier"},"type":"Feature"},{"geometry":{"coordinates":[74372.0,-534822.0],"type":"Point"},"properties":{"alt":"","lat":-85.033,"lon":172.083,"name":"Falkenhof Glacier","source":"SCAR CGA 4438 (United States of America)","tier":3,"type":"glacier"},"type":"Feature"},{"geometry":{"coordinates":[304778.0,-1.33073e6],"type":"Point"},"properties":{"alt":"","lat":-77.483,"lon":167.1,"name":"Fang Glacier","source":"SCAR CGA 4454 (United States of America)","tier":3,"type":"glacier"},"type":"Feature"},{"geometry":{"coordinates":[-957627.0,-1.214744e6],"type":"Point"},"properties":{"alt":"","lat":-75.833,"lon":-141.75,"name":"Farbo Glacier","source":"SCAR CGA 4463 (United States of America)","tier":3,"type":"glacier"},"type":"Feature"},{"geometry":{"coordinates":[308778.0,-839234.0],"type":"Point"},"properties":{"alt":"","lat":-81.783,"lon":159.8,"name":"Farmer Glacier","source":"SCAR CGA 17306 (United States of America)","tier":3,"type":"glacier"},"type":"Feature"},{"geometry":{"coordinates":[471744.0,-1.098013e6],"type":"Point"},"properties":{"alt":"","lat":-79.033,"lon":156.75,"name":"Fastook Glacier","source":"SCAR CGA 17470 (United States of America)","tier":3,"type":"glacier"},"type":"Feature"},{"geometry":{"coordinates":[-79529.0,1.821504e6],"type":"Point"},"properties":{"alt":"Fëdorova, lednik","lat":-73.333,"lon":-2.5,"name":"Fedorovbreen","source":"SCAR CGA 4498 (Norway)","tier":3,"type":"glacier"},"type":"Feature"},{"geometry":{"coordinates":[156394.0,-700625.0],"type":"Point"},"properties":{"alt":"","lat":-83.4,"lon":167.417,"name":"Fegley Glacier","source":"SCAR CGA 4503 (United States of America)","tier":3,"type":"glacier"},"type":"Feature"},{"geometry":{"coordinates":[398631.0,-2.010157e6],"type":"Point"},"properties":{"alt":"","lat":-71.3,"lon":168.783,"name":"Fendley Glacier","source":"SCAR CGA 4515 (United States of America)","tier":3,"type":"glacier"},"type":"Feature"},{"geometry":{"coordinates":[-1.139247e6,103345.0],"type":"Point"},"properties":{"alt":"","lat":-79.5,"lon":-84.817,"name":"Fendorf Glacier","source":"SCAR CGA 4516 (United States of America)","tier":3,"type":"glacier"},"type":"Feature"},{"geometry":{"coordinates":[-1.634524e6,876424.0],"type":"Point"},"properties":{"alt":"","lat":-73.05,"lon":-61.8,"name":"Fenton Glacier","source":"SCAR CGA 4523 (United States of America)","tier":3,"type":"glacier"},"type":"Feature"},{"geometry":{"coordinates":[435979.0,-1.317746e6],"type":"Point"},"properties":{"alt":"","lat":-77.276,"lon":161.693,"name":"Fenwick Glacier","source":"SCAR CGA 18002 (United States of America)","tier":3,"type":"glacier"},"type":"Feature"},{"geometry":{"coordinates":[403096.0,-1.306228e6],"type":"Point"},"properties":{"alt":"","lat":-77.467,"lon":162.85,"name":"Ferguson Glacier","source":"SCAR CGA 16839 (United States of America)","tier":3,"type":"glacier"},"type":"Feature"},{"geometry":{"coordinates":[-2.633761e6,1.620301e6],"type":"Point"},"properties":{"alt":"","lat":-62.083,"lon":-58.4,"name":"Ferguson Glacier","source":"SCAR CGA 4527 (Poland)","tier":3,"type":"glacier"},"type":"Feature"},{"geometry":{"coordinates":[795074.0,-2.089387e6],"type":"Point"},"properties":{"alt":"","lat":-69.633,"lon":159.167,"name":"Fergusson Glacier","source":"SCAR CGA 4532 (United States of America)","tier":3,"type":"glacier"},"type":"Feature"},{"geometry":{"coordinates":[390037.0,-1.275755e6],"type":"Point"},"properties":{"alt":"","lat":-77.767,"lon":163.0,"name":"Ferrar Glacier","source":"SCAR CGA 4539 (United States of America)","tier":3,"type":"glacier"},"type":"Feature"},{"geometry":{"coordinates":[400161.0,-1.230349e6],"type":"Point"},"properties":{"alt":"","lat":-78.133,"lon":161.983,"name":"Ferrigno Glacier","source":"SCAR CGA 4549 (United States of America)","tier":3,"type":"glacier"},"type":"Feature"},{"geometry":{"coordinates":[-2.306212e6,1.007559e6],"type":"Point"},"properties":{"alt":"Field, glaciar","lat":-67.133,"lon":-66.4,"name":"Field Glacier","source":"SCAR CGA 4565 (United States of America)","tier":3,"type":"glacier"},"type":"Feature"},{"geometry":{"coordinates":[-770518.0,918267.0],"type":"Point"},"properties":{"alt":"Filchner, barrera de hielos, Filchner, Plataforma de Hielo, Filchnerschelfeis, Filchner Eisschelf","lat":-79.0,"lon":-40.0,"name":"Filchner Ice Shelf","source":"SCAR CGA 4581 (United States of America)","tier":3,"type":"iceshelf"},"type":"Feature"},{"geometry":{"coordinates":[-981928.0,687554.0],"type":"Point"},"properties":{"alt":"","lat":-79.0,"lon":-55.0,"name":"Filchner-Ronne-Schelfeis","source":"SCAR CGA 4584 (Germany)","tier":3,"type":"iceshelf"},"type":"Feature"},{"geometry":{"coordinates":[-6222.0,2.138578e6],"type":"Point"},"properties":{"alt":"Fimbulisen","lat":-70.5,"lon":-0.167,"name":"Fimbul Ice Shelf","source":"SCAR CGA 4597 (United States of America)","tier":3,"type":"iceshelf"},"type":"Feature"},{"geometry":{"coordinates":[445518.0,-1.739375e6],"type":"Point"},"properties":{"alt":"","lat":-73.583,"lon":165.633,"name":"Finley Glacier","source":"SCAR CGA 4615 (United States of America)","tier":3,"type":"glacier"},"type":"Feature"},{"geometry":{"coordinates":[-2.286075e6,1.001933e6],"type":"Point"},"properties":{"alt":"","lat":-67.317,"lon":-66.333,"name":"Finsterwalder Glacier","source":"SCAR CGA 4618 (United States of America)","tier":3,"type":"glacier"},"type":"Feature"},{"geometry":{"coordinates":[449815.0,-1.253987e6],"type":"Point"},"properties":{"alt":"","lat":-77.783,"lon":160.267,"name":"Fireman Glacier","source":"SCAR CGA 4620 (United States of America)","tier":3,"type":"glacier"},"type":"Feature"},{"geometry":{"coordinates":[1.674052e6,745336.0],"type":"Point"},"properties":{"alt":"","lat":-73.25,"lon":66.0,"name":"Fisher Glacier","source":"SCAR CGA 4631 (United States of America)","tier":3,"type":"glacier"},"type":"Feature"},{"geometry":{"coordinates":[405554.0,-1.927273e6],"type":"Point"},"properties":{"alt":"","lat":-72.017,"lon":168.117,"name":"Fitch Glacier","source":"SCAR CGA 4644 (United States of America)","tier":3,"type":"glacier"},"type":"Feature"},{"geometry":{"coordinates":[427648.0,-1.747654e6],"type":"Point"},"properties":{"alt":"","lat":-73.55,"lon":166.25,"name":"Fitzgerald Glacier","source":"SCAR CGA 4648 (United States of America)","tier":3,"type":"glacier"},"type":"Feature"},{"geometry":{"coordinates":[451003.0,-1.249077e6],"type":"Point"},"properties":{"alt":"","lat":-77.822,"lon":160.147,"name":"Fitzpatrick Glacier","source":"SCAR CGA 18983 (United States of America)","tier":3,"type":"glacier"},"type":"Feature"},{"geometry":{"coordinates":[-2.634703e6,1.61877e6],"type":"Point"},"properties":{"alt":"","lat":-62.083,"lon":-58.433,"name":"Flagstaff Glacier","source":"SCAR CGA 4671 (United States of America)","tier":3,"type":"glacier"},"type":"Feature"},{"geometry":{"coordinates":[-1.136467e6,145585.0],"type":"Point"},"properties":{"alt":"","lat":-79.483,"lon":-82.7,"name":"Flanagan Glacier","source":"SCAR CGA 4676 (United States of America)","tier":3,"type":"glacier"},"type":"Feature"},{"geometry":{"coordinates":[-2.366084e6,1.236081e6],"type":"Point"},"properties":{"alt":"","lat":-65.783,"lon":-62.417,"name":"Flask Glacier","source":"SCAR CGA 4684 (United States of America)","tier":3,"type":"glacier"},"type":"Feature"},{"geometry":{"coordinates":[-2.370249e6,1.199029e6],"type":"Point"},"properties":{"alt":"","lat":-65.9,"lon":-63.167,"name":"Fleece Glacier","source":"SCAR CGA 4701 (United States of America)","tier":3,"type":"glacier"},"type":"Feature"},{"geometry":{"coordinates":[-2.40043e6,1.5109e6],"type":"Point"},"properties":{"alt":"","lat":-64.317,"lon":-57.812,"name":"Fleet Glacier","source":"SCAR CGA 18120 (United Kingdom)","tier":3,"type":"glacier"},"type":"Feature"},{"geometry":{"coordinates":[-2.075004e6,895068.0],"type":"Point"},"properties":{"alt":"Fleming, glaciar, Fleming, Glaciar","lat":-69.417,"lon":-66.667,"name":"Fleming Glacier","source":"SCAR CGA 4706 (United States of America)","tier":3,"type":"glacier"},"type":"Feature"},{"geometry":{"coordinates":[145936.0,-598652.0],"type":"Point"},"properties":{"alt":"","lat":-84.333,"lon":166.3,"name":"Fleming Summit","source":"SCAR CGA 16675 (United States of America)","tier":3,"type":"glacier"},"type":"Feature"},{"geometry":{"coordinates":[-2.268051e6,1.037595e6],"type":"Point"},"properties":{"alt":"Flint, glaciar, Yáñez, Glaciar","lat":-67.333,"lon":-65.417,"name":"Flint Glacier","source":"SCAR CGA 4735 (United States of America)","tier":3,"type":"glacier"},"type":"Feature"},{"geometry":{"coordinates":[151241.0,1.958086e6],"type":"Point"},"properties":{"alt":"Flogeken","lat":-72.067,"lon":4.417,"name":"Flogeken Glacier","source":"SCAR CGA 4741 (United States of America)","tier":3,"type":"glacier"},"type":"Feature"},{"geometry":{"coordinates":[-2.465253e6,1.600446e6],"type":"Point"},"properties":{"alt":"","lat":-63.417,"lon":-57.008,"name":"Flora Glacier","source":"SCAR CGA 16948 (Poland)","tier":3,"type":"glacier"},"type":"Feature"},{"geometry":{"coordinates":[325627.0,-864027.0],"type":"Point"},"properties":{"alt":"","lat":-81.517,"lon":159.35,"name":"Flynn Glacier","source":"SCAR CGA 4762 (United States of America)","tier":3,"type":"glacier"},"type":"Feature"},{"geometry":{"coordinates":[404865.0,-1.036645e6],"type":"Point"},"properties":{"alt":"","lat":-79.783,"lon":158.667,"name":"Foggydog Glacier","source":"SCAR CGA 4772 (United States of America)","tier":3,"type":"glacier"},"type":"Feature"},{"geometry":{"coordinates":[-1.937653e6,-382495.0],"type":"Point"},"properties":{"alt":"","lat":-71.967,"lon":-101.167,"name":"Foley Glacier","source":"SCAR CGA 17474 (United States of America)","tier":3,"type":"glacier"},"type":"Feature"},{"geometry":{"coordinates":[648691.0,1.846584e6],"type":"Point"},"properties":{"alt":"","lat":-72.127,"lon":19.356,"name":"Folgebreen","source":"SCAR CGA 19978 (Norway)","tier":3,"type":"glacier"},"type":"Feature"},{"geometry":{"coordinates":[-1.285209e6,89181.0],"type":"Point"},"properties":{"alt":"","lat":-78.183,"lon":-86.031,"name":"Fonfon Glacier","source":"SCAR CGA 19450 (Bulgaria)","tier":3,"type":"glacier"},"type":"Feature"},{"geometry":{"coordinates":[542429.0,-1.661203e6],"type":"Point"},"properties":{"alt":"","lat":-74.017,"lon":161.917,"name":"Foolsmate Glacier","source":"SCAR CGA 4790 (United States of America)","tier":3,"type":"glacier"},"type":"Feature"},{"geometry":{"coordinates":[-2.242949e6,964422.0],"type":"Point"},"properties":{"alt":"Forbes, glaciar","lat":-67.8,"lon":-66.733,"name":"Forbes Glacier","source":"SCAR CGA 4797 (United States of America)","tier":3,"type":"glacier"},"type":"Feature"},{"geometry":{"coordinates":[2.181426e6,1.142172e6],"type":"Point"},"properties":{"alt":"","lat":-67.615,"lon":62.364,"name":"Forbes Glacier","source":"SCAR CGA 4798 (Australia)","tier":3,"type":"glacier"},"type":"Feature"},{"geometry":{"coordinates":[466942.0,-1.366417e6],"type":"Point"},"properties":{"alt":"","lat":-76.767,"lon":161.133,"name":"Forecastle Summit","source":"SCAR CGA 4815 (United States of America)","tier":3,"type":"glacier"},"type":"Feature"},{"geometry":{"coordinates":[-2.271744e6,987782.0],"type":"Point"},"properties":{"alt":"","lat":-67.483,"lon":-66.5,"name":"Forel Glacier","source":"SCAR CGA 4818 (United States of America)","tier":3,"type":"glacier"},"type":"Feature"},{"geometry":{"coordinates":[-2.153765e6,726216.0],"type":"Point"},"properties":{"alt":"","lat":-69.3,"lon":-71.367,"name":"Foreman Glacier","source":"SCAR CGA 4820 (United States of America)","tier":3,"type":"glacier"},"type":"Feature"},{"geometry":{"coordinates":[-28753.0,-580985.0],"type":"Point"},"properties":{"alt":"","lat":-84.65,"lon":-177.167,"name":"Forman Glacier","source":"SCAR CGA 4827 (United States of America)","tier":3,"type":"glacier"},"type":"Feature"},{"geometry":{"coordinates":[475330.0,-2.050714e6],"type":"Point"},"properties":{"alt":"","lat":-70.8,"lon":166.95,"name":"Fortenberry Glacier","source":"SCAR CGA 4840 (United States of America)","tier":3,"type":"glacier"},"type":"Feature"},{"geometry":{"coordinates":[373226.0,-1.208183e6],"type":"Point"},"properties":{"alt":"","lat":-78.4,"lon":162.833,"name":"Foster Glacier","source":"SCAR CGA 4855 (United States of America)","tier":3,"type":"glacier"},"type":"Feature"},{"geometry":{"coordinates":[423242.0,-1.274785e6],"type":"Point"},"properties":{"alt":"","lat":-77.683,"lon":161.633,"name":"Fountain Glacier","source":"SCAR CGA 17748 (United States of America)","tier":3,"type":"glacier"},"type":"Feature"},{"geometry":{"coordinates":[-2.628163e6,1.600041e6],"type":"Point"},"properties":{"alt":"","lat":-62.217,"lon":-58.667,"name":"Fourcade Glacier","source":"SCAR CGA 4871 (United States of America)","tier":3,"type":"glacier"},"type":"Feature"},{"geometry":{"coordinates":[415291.0,-1.965038e6],"type":"Point"},"properties":{"alt":"","lat":-71.667,"lon":168.067,"name":"Fowlie Glacier","source":"SCAR CGA 4881 (United States of America)","tier":3,"type":"glacier"},"type":"Feature"},{"geometry":{"coordinates":[2.384149e6,-1.078153e6],"type":"Point"},"properties":{"alt":"","lat":-66.25,"lon":114.333,"name":"Fox Glacier","source":"SCAR CGA 4882 (United States of America)","tier":3,"type":"glacier"},"type":"Feature"},{"geometry":{"coordinates":[-2.166318e6,747332.0],"type":"Point"},"properties":{"alt":"","lat":-69.133,"lon":-70.967,"name":"Frachat Glacier","source":"SCAR CGA 4890 (United States of America)","tier":3,"type":"glacier"},"type":"Feature"},{"geometry":{"coordinates":[-2.163071e6,982729.0],"type":"Point"},"properties":{"alt":"","lat":-68.383,"lon":-65.567,"name":"Franca Glacier","source":"SCAR CGA 4905 (United States of America)","tier":3,"type":"glacier"},"type":"Feature"},{"geometry":{"coordinates":[376456.0,-1.995523e6],"type":"Point"},"properties":{"alt":"","lat":-71.467,"lon":169.317,"name":"Frank Newnes Glacier","source":"SCAR CGA 4917 (United States of America)","tier":3,"type":"glacier"},"type":"Feature"},{"geometry":{"coordinates":[-1.965786e6,-283859.0],"type":"Point"},"properties":{"alt":"","lat":-71.867,"lon":-98.217,"name":"Frankenfield Glacier","source":"SCAR CGA 4918 (United States of America)","tier":3,"type":"glacier"},"type":"Feature"},{"geometry":{"coordinates":[502468.0,-2.007824e6],"type":"Point"},"properties":{"alt":"","lat":-71.117,"lon":165.95,"name":"Frankengletscher","source":"SCAR CGA 4919 (Germany)","tier":3,"type":"glacier"},"type":"Feature"},{"geometry":{"coordinates":[449077.0,-1.335693e6],"type":"Point"},"properties":{"alt":"","lat":-77.083,"lon":161.417,"name":"Frazier Glacier","source":"SCAR CGA 4928 (United States of America)","tier":3,"type":"glacier"},"type":"Feature"},{"geometry":{"coordinates":[1.939209e6,-1.770741e6],"type":"Point"},"properties":{"alt":"","lat":-66.167,"lon":132.4,"name":"Freeman Glacier","source":"SCAR CGA 4939 (United States of America)","tier":3,"type":"glacier"},"type":"Feature"},{"geometry":{"coordinates":[399560.0,-1.920957e6],"type":"Point"},"properties":{"alt":"","lat":-72.083,"lon":168.25,"name":"Freimanis Glacier","source":"SCAR CGA 4946 (United States of America)","tier":3,"type":"glacier"},"type":"Feature"},{"geometry":{"coordinates":[-2.289433e6,1.06758e6],"type":"Point"},"properties":{"alt":"Fricker, glaciar, Fricker, Glaciar","lat":-67.05,"lon":-65.0,"name":"Fricker Glacier","source":"SCAR CGA 4956 (United States of America)","tier":3,"type":"glacier"},"type":"Feature"},{"geometry":{"coordinates":[-2.315732e6,1.121963e6],"type":"Point"},"properties":{"alt":"Friederichsen, glaciar","lat":-66.633,"lon":-64.15,"name":"Friederichsen Glacier","source":"SCAR CGA 4962 (United States of America)","tier":3,"type":"glacier"},"type":"Feature"},{"geometry":{"coordinates":[420144.0,-1.339312e6],"type":"Point"},"properties":{"alt":"","lat":-77.133,"lon":162.583,"name":"Fritter Glacier","source":"SCAR CGA 16840 (United States of America)","tier":3,"type":"glacier"},"type":"Feature"},{"geometry":{"coordinates":[1.960233e6,-1.587365e6],"type":"Point"},"properties":{"alt":"","lat":-67.083,"lon":129.0,"name":"Frost Glacier","source":"SCAR CGA 4986 (United States of America)","tier":3,"type":"glacier"},"type":"Feature"},{"geometry":{"coordinates":[-1.087762e6,-1.205964e6],"type":"Point"},"properties":{"alt":"","lat":-75.133,"lon":-137.95,"name":"Frostman Glacier","source":"SCAR CGA 4992 (United States of America)","tier":3,"type":"glacier"},"type":"Feature"},{"geometry":{"coordinates":[2.184239e6,1.03949e6],"type":"Point"},"properties":{"alt":"","lat":-68.0,"lon":64.55,"name":"Frustration Dome","source":"SCAR CGA 4996 (United States of America)","tier":3,"type":"dome"},"type":"Feature"},{"geometry":{"coordinates":[443487.0,-1.38963e6],"type":"Point"},"properties":{"alt":"","lat":-76.633,"lon":162.3,"name":"Fry Glacier","source":"SCAR CGA 4999 (United States of America)","tier":3,"type":"glacier"},"type":"Feature"},{"geometry":{"coordinates":[-477890.0,905124.0],"type":"Point"},"properties":{"alt":"","lat":-80.6,"lon":-27.833,"name":"Fuchs Dome","source":"SCAR CGA 5004 (United States of America)","tier":3,"type":"dome"},"type":"Feature"},{"geometry":{"coordinates":[-2.626678e6,1.539011e6],"type":"Point"},"properties":{"alt":"Fuerza Aérea, Glaciar","lat":-62.5,"lon":-59.633,"name":"Fuerza Aérea Glacier","source":"SCAR CGA 5007 (United States of America)","tier":3,"type":"glacier"},"type":"Feature"},{"geometry":{"coordinates":[-147073.0,-335042.0],"type":"Point"},"properties":{"alt":"","lat":-86.633,"lon":-156.3,"name":"Fuller Dome","source":"SCAR CGA 5017 (United States of America)","tier":3,"type":"dome"},"type":"Feature"},{"geometry":{"coordinates":[-2.416602e6,1.19086e6],"type":"Point"},"properties":{"alt":"","lat":-65.567,"lon":-63.767,"name":"Funk Glacier","source":"SCAR CGA 5026 (United States of America)","tier":3,"type":"glacier"},"type":"Feature"},{"geometry":{"coordinates":[-2.621654e6,1.844806e6],"type":"Point"},"properties":{"alt":"Furness, glaciar, Furness, Glaciar","lat":-61.1,"lon":-54.867,"name":"Furness Glacier","source":"SCAR CGA 5032 (United States of America)","tier":3,"type":"glacier"},"type":"Feature"},{"geometry":{"coordinates":[459715.0,-1.301204e6],"type":"Point"},"properties":{"alt":"","lat":-77.348,"lon":160.542,"name":"Gabites Glacier","source":"SCAR CGA 18004 (United States of America)","tier":3,"type":"glacier"},"type":"Feature"},{"geometry":{"coordinates":[-1.827282e6,995576.0],"type":"Point"},"properties":{"alt":"","lat":-71.017,"lon":-61.417,"name":"Gain Glacier","source":"SCAR CGA 5060 (United States of America)","tier":3,"type":"glacier"},"type":"Feature"},{"geometry":{"coordinates":[431915.0,-1.803673e6],"type":"Point"},"properties":{"alt":"","lat":-73.05,"lon":166.533,"name":"Gair Glacier","source":"SCAR CGA 5061 (United States of America)","tier":3,"type":"glacier"},"type":"Feature"},{"geometry":{"coordinates":[-19934.0,-526890.0],"type":"Point"},"properties":{"alt":"","lat":-85.15,"lon":-177.833,"name":"Gallup Glacier","source":"SCAR CGA 5085 (United States of America)","tier":3,"type":"glacier"},"type":"Feature"},{"geometry":{"coordinates":[382458.0,-890196.0],"type":"Point"},"properties":{"alt":"","lat":-81.1,"lon":156.75,"name":"Gamble Glacier","source":"SCAR CGA 17309 (United States of America)","tier":3,"type":"glacier"},"type":"Feature"},{"geometry":{"coordinates":[657769.0,-2.04666e6],"type":"Point"},"properties":{"alt":"","lat":-70.4,"lon":162.183,"name":"Gannutz Glacier","source":"SCAR CGA 5105 (United States of America)","tier":3,"type":"glacier"},"type":"Feature"},{"geometry":{"coordinates":[-322763.0,-288584.0],"type":"Point"},"properties":{"alt":"","lat":-86.017,"lon":-131.8,"name":"Gardiner Glacier","source":"SCAR CGA 5121 (United States of America)","tier":3,"type":"glacier"},"type":"Feature"},{"geometry":{"coordinates":[-1.130131e6,-1.194382e6],"type":"Point"},"properties":{"alt":"","lat":-74.95,"lon":-136.583,"name":"Garfield Glacier","source":"SCAR CGA 5135 (United States of America)","tier":3,"type":"glacier"},"type":"Feature"},{"geometry":{"coordinates":[115675.0,-629230.0],"type":"Point"},"properties":{"alt":"","lat":-84.117,"lon":169.583,"name":"Garrard Glacier","source":"SCAR CGA 5144 (United States of America)","tier":3,"type":"glacier"},"type":"Feature"},{"geometry":{"coordinates":[361241.0,-1.25566e6],"type":"Point"},"properties":{"alt":"","lat":-78.017,"lon":163.95,"name":"Garwood Glacier","source":"SCAR CGA 5147 (United States of America)","tier":3,"type":"glacier"},"type":"Feature"},{"geometry":{"coordinates":[-59483.0,-522071.0],"type":"Point"},"properties":{"alt":"","lat":-85.167,"lon":-173.5,"name":"Gatlin Glacier","source":"SCAR CGA 5165 (United States of America)","tier":3,"type":"glacier"},"type":"Feature"},{"geometry":{"coordinates":[367158.0,-1.259662e6],"type":"Point"},"properties":{"alt":"","lat":-77.967,"lon":163.75,"name":"Gauss Glacier","source":"SCAR CGA 5174 (United States of America)","tier":3,"type":"glacier"},"type":"Feature"},{"geometry":{"coordinates":[387367.0,-1.017968e6],"type":"Point"},"properties":{"alt":"","lat":-80.0,"lon":159.167,"name":"Gaussiran Glacier","source":"SCAR CGA 17065 (United States of America)","tier":3,"type":"glacier"},"type":"Feature"},{"geometry":{"coordinates":[461382.0,-1.509112e6],"type":"Point"},"properties":{"alt":"","lat":-75.55,"lon":163.0,"name":"Geikie Glacier","source":"SCAR CGA 5203 (New Zealand)","tier":3,"type":"glacier"},"type":"Feature"},{"geometry":{"coordinates":[-1.276815e6,-1.041345e6],"type":"Point"},"properties":{"alt":"","lat":-74.92,"lon":-129.2,"name":"Geneva Glacier","source":"SCAR CGA 20434 (United Kingdom)","tier":3,"type":"glacier"},"type":"Feature"},{"geometry":{"coordinates":[464158.0,-1.367365e6],"type":"Point"},"properties":{"alt":"","lat":-76.767,"lon":161.25,"name":"Gentle Glacier","source":"SCAR CGA 5222 (United States of America)","tier":3,"type":"glacier"},"type":"Feature"},{"geometry":{"coordinates":[372699.0,-1.282838e6],"type":"Point"},"properties":{"alt":"","lat":-77.75,"lon":163.8,"name":"Geodetic Glacier","source":"SCAR CGA 5228 (United States of America)","tier":3,"type":"glacier"},"type":"Feature"},{"geometry":{"coordinates":[371539.0,-1.277455e6],"type":"Point"},"properties":{"alt":"","lat":-77.8,"lon":163.783,"name":"Geoid Glacier","source":"SCAR CGA 5240 (United States of America)","tier":3,"type":"glacier"},"type":"Feature"},{"geometry":{"coordinates":[574941.0,-2.038588e6],"type":"Point"},"properties":{"alt":"","lat":-70.683,"lon":164.25,"name":"George Glacier","source":"SCAR CGA 5251 (United States of America)","tier":3,"type":"glacier"},"type":"Feature"},{"geometry":{"coordinates":[-1.853595e6,748901.0],"type":"Point"},"properties":{"alt":"","lat":-71.75,"lon":-68.0,"name":"George VI Ice Shelf","source":"SCAR CGA 5256 (United States of America)","tier":3,"type":"iceshelf"},"type":"Feature"},{"geometry":{"coordinates":[-29657.0,-575489.0],"type":"Point"},"properties":{"alt":"","lat":-84.7,"lon":-177.05,"name":"Gerasimou Glacier","source":"SCAR CGA 5264 (United States of America)","tier":3,"type":"glacier"},"type":"Feature"},{"geometry":{"coordinates":[-1.282629e6,88941.0],"type":"Point"},"properties":{"alt":"","lat":-78.207,"lon":-86.033,"name":"Gerila Glacier","source":"SCAR CGA 19449 (Bulgaria)","tier":3,"type":"glacier"},"type":"Feature"},{"geometry":{"coordinates":[155543.0,-692126.0],"type":"Point"},"properties":{"alt":"","lat":-83.478,"lon":167.334,"name":"German Glacier","source":"SCAR CGA 20105 (New Zealand)","tier":3,"type":"glacier"},"type":"Feature"},{"geometry":{"coordinates":[-2.120508e6,748134.0],"type":"Point"},"properties":{"alt":"","lat":-69.517,"lon":-70.567,"name":"Gerontius Glacier","source":"SCAR CGA 5276 (United States of America)","tier":3,"type":"glacier"},"type":"Feature"},{"geometry":{"coordinates":[-643449.0,-1.214409e6],"type":"Point"},"properties":{"alt":"","lat":-77.4,"lon":-152.083,"name":"Gerry Glacier","source":"SCAR CGA 5279 (United States of America)","tier":3,"type":"glacier"},"type":"Feature"},{"geometry":{"coordinates":[-1.410333e6,-987526.0],"type":"Point"},"properties":{"alt":"","lat":-74.25,"lon":-125.0,"name":"Getz Ice Shelf","source":"SCAR CGA 5286 (United States of America)","tier":3,"type":"iceshelf"},"type":"Feature"},{"geometry":{"coordinates":[1.628629e6,773330.0],"type":"Point"},"properties":{"alt":"","lat":-73.517,"lon":64.6,"name":"Geysen Glacier","source":"SCAR CGA 5289 (United States of America)","tier":3,"type":"glacier"},"type":"Feature"},{"geometry":{"coordinates":[983793.0,1.628712e6],"type":"Point"},"properties":{"alt":"Giaever, Glacier","lat":-72.617,"lon":31.133,"name":"Giaever Glacier","source":"SCAR CGA 5290 (United States of America)","tier":3,"type":"glacier"},"type":"Feature"},{"geometry":{"coordinates":[-2.161874e6,962528.0],"type":"Point"},"properties":{"alt":"","lat":-68.467,"lon":-66.0,"name":"Gibbs Glacier","source":"SCAR CGA 5300 (United States of America)","tier":3,"type":"glacier"},"type":"Feature"},{"geometry":{"coordinates":[-2.074935e6,714457.0],"type":"Point"},"properties":{"alt":"","lat":-70.0,"lon":-71.0,"name":"Gilbert Glacier","source":"SCAR CGA 5316 (United States of America)","tier":3,"type":"glacier"},"type":"Feature"},{"geometry":{"coordinates":[2.402306e6,-1.074603e6],"type":"Point"},"properties":{"alt":"","lat":-66.117,"lon":114.1,"name":"Gilchrist Glacier","source":"SCAR CGA 5319 (United States of America)","tier":3,"type":"glacier"},"type":"Feature"},{"geometry":{"coordinates":[-1.235354e6,93971.0],"type":"Point"},"properties":{"alt":"","lat":-78.633,"lon":-85.65,"name":"Gildea Glacier","source":"SCAR CGA 18255 (United States of America)","tier":3,"type":"glacier"},"type":"Feature"},{"geometry":{"coordinates":[-1.23011e6,112670.0],"type":"Point"},"properties":{"alt":"","lat":-78.667,"lon":-84.767,"name":"Giles Glacier","source":"SCAR CGA 18256 (United States of America)","tier":3,"type":"glacier"},"type":"Feature"},{"geometry":{"coordinates":[-43817.0,-521806.0],"type":"Point"},"properties":{"alt":"","lat":-85.183,"lon":-175.2,"name":"Gillespie Glacier","source":"SCAR CGA 5322 (United States of America)","tier":3,"type":"glacier"},"type":"Feature"},{"geometry":{"coordinates":[777535.0,-2.10195e6],"type":"Point"},"properties":{"alt":"","lat":-69.583,"lon":159.7,"name":"Gillett Ice Shelf","source":"SCAR CGA 5323 (United States of America)","tier":3,"type":"iceshelf"},"type":"Feature"},{"geometry":{"coordinates":[806004.0,1.799038e6],"type":"Point"},"properties":{"alt":"Gillockbreen","lat":-72.0,"lon":24.133,"name":"Gillock Glacier","source":"SCAR CGA 5332 (United States of America)","tier":3,"type":"glacier"},"type":"Feature"},{"geometry":{"coordinates":[-2.584401e6,1.865836e6],"type":"Point"},"properties":{"alt":"","lat":-61.257,"lon":-54.172,"name":"Giridava Glacier","source":"SCAR CGA 19526 (Bulgaria)","tier":3,"type":"glacier"},"type":"Feature"},{"geometry":{"coordinates":[835997.0,1.799628e6],"type":"Point"},"properties":{"alt":"Gjelbreen","lat":-71.883,"lon":24.917,"name":"Gjel Glacier","source":"SCAR CGA 5352 (United States of America)","tier":3,"type":"glacier"},"type":"Feature"},{"geometry":{"coordinates":[-2.625842e6,1.491298e6],"type":"Point"},"properties":{"alt":"","lat":-62.714,"lon":-60.406,"name":"Glaciar Rocoso, Caleta del","source":"SCAR CGA 5358 (Spain)","tier":3,"type":"glacier"},"type":"Feature"},{"geometry":{"coordinates":[558082.0,-2.407732e6],"type":"Point"},"properties":{"alt":"","lat":-67.533,"lon":166.95,"name":"Glacier Rise","source":"SCAR CGA 5361 (Unknown)","tier":3,"type":"glacier"},"type":"Feature"},{"geometry":{"coordinates":[333686.0,-1.783037e6],"type":"Point"},"properties":{"alt":"","lat":-73.417,"lon":169.4,"name":"Glacier Strait","source":"SCAR CGA 5362 (United States of America)","tier":3,"type":"glacier"},"type":"Feature"},{"geometry":{"coordinates":[-1.520805e6,-720831.0],"type":"Point"},"properties":{"alt":"","lat":-74.6,"lon":-115.36,"name":"Glasgow Glacier","source":"SCAR CGA 20426 (United Kingdom)","tier":3,"type":"glacier"},"type":"Feature"},{"geometry":{"coordinates":[-2.44437e6,1.535396e6],"type":"Point"},"properties":{"alt":"","lat":-63.877,"lon":-57.866,"name":"Glasser Glacier","source":"SCAR CGA 19894 (United Kingdom)","tier":3,"type":"glacier"},"type":"Feature"},{"geometry":{"coordinates":[-1.826762e6,607092.0],"type":"Point"},"properties":{"alt":"Glazunova, lednik","lat":-72.417,"lon":-71.617,"name":"Glazunov Glacier","source":"SCAR CGA 5374 (United States of America)","tier":3,"type":"glacier"},"type":"Feature"},{"geometry":{"coordinates":[373986.0,-1.223253e6],"type":"Point"},"properties":{"alt":"","lat":-78.267,"lon":163.0,"name":"Glee Glacier","source":"SCAR CGA 5380 (United States of America)","tier":3,"type":"glacier"},"type":"Feature"},{"geometry":{"coordinates":[-430657.0,912435.0],"type":"Point"},"properties":{"alt":"","lat":-80.733,"lon":-25.267,"name":"Glen Glacier","source":"SCAR CGA 5382 (United States of America)","tier":3,"type":"glacier"},"type":"Feature"},{"geometry":{"coordinates":[2.578192e6,-607084.0],"type":"Point"},"properties":{"alt":"","lat":-65.967,"lon":103.25,"name":"Glenzer Glacier","source":"SCAR CGA 5384 (United States of America)","tier":3,"type":"glacier"},"type":"Feature"},{"geometry":{"coordinates":[446835.0,-1.400118e6],"type":"Point"},"properties":{"alt":"","lat":-76.533,"lon":162.3,"name":"Glezen Glacier","source":"SCAR CGA 16843 (United States of America)","tier":3,"type":"glacier"},"type":"Feature"},{"geometry":{"coordinates":[378964.0,-1.22172e6],"type":"Point"},"properties":{"alt":"","lat":-78.267,"lon":162.767,"name":"Glimpse Glacier","source":"SCAR CGA 5389 (United States of America)","tier":3,"type":"glacier"},"type":"Feature"},{"geometry":{"coordinates":[852636.0,1.783581e6],"type":"Point"},"properties":{"alt":"Glitrefonna","lat":-71.95,"lon":25.55,"name":"Glitrefonna Glacier","source":"SCAR CGA 5392 (United States of America)","tier":3,"type":"glacier"},"type":"Feature"},{"geometry":{"coordinates":[1.948338e6,797086.0],"type":"Point"},"properties":{"alt":"","lat":-70.8,"lon":67.75,"name":"Gluhoj, lednik","source":"SCAR CGA 5417 (Russia)","tier":3,"type":"glacier"},"type":"Feature"},{"geometry":{"coordinates":[87682.0,1.943411e6],"type":"Point"},"properties":{"alt":"Gluvreklettbreen","lat":-72.233,"lon":2.583,"name":"Gluvreklett Glacier","source":"SCAR CGA 5418 (United States of America)","tier":3,"type":"glacier"},"type":"Feature"},{"geometry":{"coordinates":[-2.630605e6,1.636344e6],"type":"Point"},"properties":{"alt":"","lat":-62.033,"lon":-58.117,"name":"Gniezno Glacier","source":"SCAR CGA 5432 (Poland)","tier":3,"type":"glacier"},"type":"Feature"},{"geometry":{"coordinates":[413410.0,-1.287623e6],"type":"Point"},"properties":{"alt":"","lat":-77.6,"lon":162.2,"name":"Godwit Glacier","source":"SCAR CGA 16844 (United States of America)","tier":3,"type":"glacier"},"type":"Feature"},{"geometry":{"coordinates":[-2.633029e6,1.625132e6],"type":"Point"},"properties":{"alt":"","lat":-62.067,"lon":-58.317,"name":"Goetel Glacier","source":"SCAR CGA 5444 (United States of America)","tier":3,"type":"glacier"},"type":"Feature"},{"geometry":{"coordinates":[-1.92904e6,-251679.0],"type":"Point"},"properties":{"alt":"","lat":-72.233,"lon":-97.433,"name":"Goff Glacier","source":"SCAR CGA 17479 (United States of America)","tier":3,"type":"glacier"},"type":"Feature"},{"geometry":{"coordinates":[395537.0,-1.281731e6],"type":"Point"},"properties":{"alt":"","lat":-77.7,"lon":162.85,"name":"Goldman Glacier","source":"SCAR CGA 5454 (United States of America)","tier":3,"type":"glacier"},"type":"Feature"},{"geometry":{"coordinates":[-560611.0,1.067807e6],"type":"Point"},"properties":{"alt":"","lat":-78.933,"lon":-27.7,"name":"Goldsmith Glacier","source":"SCAR CGA 5458 (United States of America)","tier":3,"type":"glacier"},"type":"Feature"},{"geometry":{"coordinates":[-2.632295e6,1.629975e6],"type":"Point"},"properties":{"alt":"","lat":-62.05,"lon":-58.233,"name":"Golubiew Glacier","source":"SCAR CGA 5465 (Poland)","tier":3,"type":"glacier"},"type":"Feature"},{"geometry":{"coordinates":[23845.0,-630250.0],"type":"Point"},"properties":{"alt":"","lat":-84.2,"lon":177.833,"name":"Good Glacier","source":"SCAR CGA 5480 (United States of America)","tier":3,"type":"glacier"},"type":"Feature"},{"geometry":{"coordinates":[-192213.0,-439958.0],"type":"Point"},"properties":{"alt":"","lat":-85.583,"lon":-156.4,"name":"Goodale Glacier","source":"SCAR CGA 5481 (United States of America)","tier":3,"type":"glacier"},"type":"Feature"},{"geometry":{"coordinates":[-1.86882e6,48937.0],"type":"Point"},"properties":{"alt":"","lat":-72.917,"lon":-88.5,"name":"Goodell Glacier","source":"SCAR CGA 17480 (United States of America)","tier":3,"type":"glacier"},"type":"Feature"},{"geometry":{"coordinates":[-1.810116e6,780807.0],"type":"Point"},"properties":{"alt":"Goodenough, glaciar","lat":-72.0,"lon":-66.667,"name":"Goodenough Glacier","source":"SCAR CGA 5484 (United States of America)","tier":3,"type":"glacier"},"type":"Feature"},{"geometry":{"coordinates":[411655.0,-1.301642e6],"type":"Point"},"properties":{"alt":"","lat":-77.483,"lon":162.45,"name":"Goodspeed Glacier","source":"SCAR CGA 5488 (United States of America)","tier":3,"type":"glacier"},"type":"Feature"},{"geometry":{"coordinates":[-2.446618e6,1.249305e6],"type":"Point"},"properties":{"alt":"Goodwin, glaciar","lat":-65.1,"lon":-62.95,"name":"Goodwin Glacier","source":"SCAR CGA 5490 (United States of America)","tier":3,"type":"glacier"},"type":"Feature"},{"geometry":{"coordinates":[-1.804044e6,-126151.0],"type":"Point"},"properties":{"alt":"","lat":-73.467,"lon":-94.0,"name":"Gopher Glacier","source":"SCAR CGA 5499 (United States of America)","tier":3,"type":"glacier"},"type":"Feature"},{"geometry":{"coordinates":[-466363.0,949867.0],"type":"Point"},"properties":{"alt":"","lat":-80.283,"lon":-26.15,"name":"Gordon Glacier","source":"SCAR CGA 5503 (United States of America)","tier":3,"type":"glacier"},"type":"Feature"},{"geometry":{"coordinates":[-2.526025e6,1.319014e6],"type":"Point"},"properties":{"alt":"","lat":-64.2,"lon":-62.428,"name":"Gorichane Glacier","source":"SCAR CGA 19598 (Bulgaria)","tier":3,"type":"glacier"},"type":"Feature"},{"geometry":{"coordinates":[374005.0,1.954429e6],"type":"Point"},"properties":{"alt":"","lat":-71.833,"lon":10.833,"name":"Gornogo Instituta, lednik","source":"SCAR CGA 5518 (Russia)","tier":3,"type":"glacier"},"type":"Feature"},{"geometry":{"coordinates":[1.178766e6,1.644463e6],"type":"Point"},"properties":{"alt":"","lat":-71.533,"lon":35.633,"name":"Gosiki Hyôga","source":"SCAR CGA 5522 (Japan)","tier":3,"type":"glacier"},"type":"Feature"},{"geometry":{"coordinates":[-84347.0,-570046.0],"type":"Point"},"properties":{"alt":"","lat":-84.7,"lon":-171.583,"name":"Gough Glacier","source":"SCAR CGA 5534 (United States of America)","tier":3,"type":"glacier"},"type":"Feature"},{"geometry":{"coordinates":[-2.310105e6,1.094449e6],"type":"Point"},"properties":{"alt":"Gould Este, glaciar, Valdivia, Glaciar","lat":-66.783,"lon":-64.65,"name":"Gould Glacier","source":"SCAR CGA 5538 (United States of America)","tier":3,"type":"glacier"},"type":"Feature"},{"geometry":{"coordinates":[-2.39501e6,1.533635e6],"type":"Point"},"properties":{"alt":"Gourdon, glaciar","lat":-64.25,"lon":-57.367,"name":"Gourdon Glacier","source":"SCAR CGA 5546 (United States of America)","tier":3,"type":"glacier"},"type":"Feature"},{"geometry":{"coordinates":[-1.182505e6,89951.0],"type":"Point"},"properties":{"alt":"","lat":-79.117,"lon":-85.65,"name":"Gowan Glacier","source":"SCAR CGA 5556 (United States of America)","tier":3,"type":"glacier"},"type":"Feature"},{"geometry":{"coordinates":[-1.719986e6,582183.0],"type":"Point"},"properties":{"alt":"","lat":-73.4,"lon":-71.3,"name":"Grace Ice Stream","source":"SCAR CGA 20081 (United Kingdom)","tier":3,"type":"glacier"},"type":"Feature"},{"geometry":{"coordinates":[-2.647749e6,1.373864e6],"type":"Point"},"properties":{"alt":"","lat":-63.035,"lon":-62.576,"name":"Gramada Glacier","source":"SCAR CGA 18446 (Bulgaria)","tier":3,"type":"glacier"},"type":"Feature"},{"geometry":{"coordinates":[458659.0,-1.349872e6],"type":"Point"},"properties":{"alt":"","lat":-76.933,"lon":161.233,"name":"Gran Glacier","source":"SCAR CGA 5578 (United States of America)","tier":3,"type":"glacier"},"type":"Feature"},{"geometry":{"coordinates":[-2.466213e6,1.269274e6],"type":"Point"},"properties":{"alt":"","lat":-64.867,"lon":-62.767,"name":"Granite Glacier","source":"SCAR CGA 16954 (Poland)","tier":3,"type":"glacier"},"type":"Feature"},{"geometry":{"coordinates":[582817.0,-1.999554e6],"type":"Point"},"properties":{"alt":"","lat":-71.0,"lon":163.75,"name":"Graveson Glacier","source":"SCAR CGA 5617 (United States of America)","tier":3,"type":"glacier"},"type":"Feature"},{"geometry":{"coordinates":[289104.0,-776683.0],"type":"Point"},"properties":{"alt":"","lat":-82.383,"lon":159.583,"name":"Gray Glacier","source":"SCAR CGA 5621 (United States of America)","tier":3,"type":"glacier"},"type":"Feature"},{"geometry":{"coordinates":[452644.0,-1.024669e6],"type":"Point"},"properties":{"alt":"","lat":-79.717,"lon":156.167,"name":"Green Glacier","source":"SCAR CGA 5640 (United States of America)","tier":3,"type":"glacier"},"type":"Feature"},{"geometry":{"coordinates":[-2.435935e6,1.302488e6],"type":"Point"},"properties":{"alt":"","lat":-64.967,"lon":-61.867,"name":"Green Glacier","source":"SCAR CGA 5641 (United States of America)","tier":3,"type":"glacier"},"type":"Feature"},{"geometry":{"coordinates":[1.704748e6,681008.0],"type":"Point"},"properties":{"alt":"Barhatistyj, lednik","lat":-73.221,"lon":68.224,"name":"Greenall Glacier","source":"SCAR CGA 5650 (Australia)","tier":3,"type":"glacier"},"type":"Feature"},{"geometry":{"coordinates":[529438.0,-1.975888e6],"type":"Point"},"properties":{"alt":"","lat":-71.333,"lon":165.0,"name":"Greenwell Glacier","source":"SCAR CGA 5661 (United States of America)","tier":3,"type":"glacier"},"type":"Feature"},{"geometry":{"coordinates":[-2.494183e6,1.393952e6],"type":"Point"},"properties":{"alt":"Gregory, glaciar","lat":-64.133,"lon":-60.8,"name":"Gregory Glacier","source":"SCAR CGA 5668 (United States of America)","tier":3,"type":"glacier"},"type":"Feature"},{"geometry":{"coordinates":[651562.0,-1.919438e6],"type":"Point"},"properties":{"alt":"","lat":-71.5,"lon":161.25,"name":"Gressitt Glacier","source":"SCAR CGA 5676 (United States of America)","tier":3,"type":"glacier"},"type":"Feature"},{"geometry":{"coordinates":[-211171.0,-357071.0],"type":"Point"},"properties":{"alt":"","lat":-86.183,"lon":-149.4,"name":"Griffith Glacier","source":"SCAR CGA 5685 (United States of America)","tier":3,"type":"glacier"},"type":"Feature"},{"geometry":{"coordinates":[424869.0,-1.333966e6],"type":"Point"},"properties":{"alt":"","lat":-77.167,"lon":162.333,"name":"Griffiths Glacier","source":"SCAR CGA 16845 (United States of America)","tier":3,"type":"glacier"},"type":"Feature"},{"geometry":{"coordinates":[-1.171109e6,115516.0],"type":"Point"},"properties":{"alt":"","lat":-79.2,"lon":-84.367,"name":"Grimes Glacier","source":"SCAR CGA 5700 (United States of America)","tier":3,"type":"glacier"},"type":"Feature"},{"geometry":{"coordinates":[-2.069534e6,979736.0],"type":"Point"},"properties":{"alt":"","lat":-69.15,"lon":-64.667,"name":"Grimley Glacier","source":"SCAR CGA 5702 (United States of America)","tier":3,"type":"glacier"},"type":"Feature"},{"geometry":{"coordinates":[-1.964921e6,770705.0],"type":"Point"},"properties":{"alt":"","lat":-70.75,"lon":-68.583,"name":"Grotto Glacier","source":"SCAR CGA 5725 (United States of America)","tier":3,"type":"glacier"},"type":"Feature"},{"geometry":{"coordinates":[-2.456519e6,1.271528e6],"type":"Point"},"properties":{"alt":"Grubb, glaciar","lat":-64.933,"lon":-62.633,"name":"Grubb Glacier","source":"SCAR CGA 5732 (United States of America)","tier":3,"type":"glacier"},"type":"Feature"},{"geometry":{"coordinates":[412515.0,-1.855632e6],"type":"Point"},"properties":{"alt":"","lat":-72.633,"lon":167.467,"name":"Gruendler Glacier","source":"SCAR CGA 5734 (United States of America)","tier":3,"type":"glacier"},"type":"Feature"},{"geometry":{"coordinates":[-1.75233e6,935001.0],"type":"Point"},"properties":{"alt":"Gruening, glaciar, Gruening, Ventisquero","lat":-71.867,"lon":-61.917,"name":"Gruening Glacier","source":"SCAR CGA 5735 (United States of America)","tier":3,"type":"glacier"},"type":"Feature"},{"geometry":{"coordinates":[-1.840157e6,971572.0],"type":"Point"},"properties":{"alt":"","lat":-71.017,"lon":-62.167,"name":"Guard Glacier","source":"SCAR CGA 5751 (United States of America)","tier":3,"type":"glacier"},"type":"Feature"},{"geometry":{"coordinates":[-1.243603e6,125224.0],"type":"Point"},"properties":{"alt":"","lat":-78.533,"lon":-84.25,"name":"Guerrero Glacier","source":"SCAR CGA 5768 (United States of America)","tier":3,"type":"glacier"},"type":"Feature"},{"geometry":{"coordinates":[794325.0,1.798145e6],"type":"Point"},"properties":{"alt":"Gunnestadbreen","lat":-72.05,"lon":23.833,"name":"Gunnestad Glacier","source":"SCAR CGA 5795 (United States of America)","tier":3,"type":"glacier"},"type":"Feature"},{"geometry":{"coordinates":[-1.887469e6,989544.0],"type":"Point"},"properties":{"alt":"","lat":-70.567,"lon":-62.333,"name":"Gurling Glacier","source":"SCAR CGA 5800 (United States of America)","tier":3,"type":"glacier"},"type":"Feature"},{"geometry":{"coordinates":[319927.0,-813569.0],"type":"Point"},"properties":{"alt":"","lat":-81.967,"lon":158.533,"name":"Gutenberg Glacier","source":"SCAR CGA 17316 (United States of America)","tier":3,"type":"glacier"},"type":"Feature"},{"geometry":{"coordinates":[-120217.0,-446060.0],"type":"Point"},"properties":{"alt":"","lat":-85.75,"lon":-164.917,"name":"Haas Glacier","source":"SCAR CGA 5831 (United States of America)","tier":3,"type":"glacier"},"type":"Feature"},{"geometry":{"coordinates":[-2.168938e6,724079.0],"type":"Point"},"properties":{"alt":"","lat":-69.178,"lon":-71.539,"name":"Hadzhiev Glacier","source":"SCAR CGA 19947 (Bulgaria)","tier":3,"type":"glacier"},"type":"Feature"},{"geometry":{"coordinates":[-2.288676e6,1.000692e6],"type":"Point"},"properties":{"alt":"","lat":-67.3,"lon":-66.383,"name":"Haefeli Glacier","source":"SCAR CGA 5847 (United States of America)","tier":3,"type":"glacier"},"type":"Feature"},{"geometry":{"coordinates":[373554.0,-1.996069e6],"type":"Point"},"properties":{"alt":"","lat":-71.467,"lon":169.4,"name":"Haffner Glacier","source":"SCAR CGA 5849 (United States of America)","tier":3,"type":"glacier"},"type":"Feature"},{"geometry":{"coordinates":[-1.616324e6,839613.0],"type":"Point"},"properties":{"alt":"","lat":-73.35,"lon":-62.55,"name":"Haines Glacier","source":"SCAR CGA 5869 (United States of America)","tier":3,"type":"glacier"},"type":"Feature"},{"geometry":{"coordinates":[-1.914317e6,-356526.0],"type":"Point"},"properties":{"alt":"","lat":-72.217,"lon":-100.55,"name":"Hale Glacier","source":"SCAR CGA 5878 (United States of America)","tier":3,"type":"glacier"},"type":"Feature"},{"geometry":{"coordinates":[-1.782058e6,954198.0],"type":"Point"},"properties":{"alt":"","lat":-71.55,"lon":-61.833,"name":"Haley Glacier","source":"SCAR CGA 5880 (United States of America)","tier":3,"type":"glacier"},"type":"Feature"},{"geometry":{"coordinates":[-1.710959e6,414453.0],"type":"Point"},"properties":{"alt":"","lat":-73.9,"lon":-76.383,"name":"Hall Glacier","source":"SCAR CGA 18258 (United States of America)","tier":3,"type":"glacier"},"type":"Feature"},{"geometry":{"coordinates":[-1.710959e6,414453.0],"type":"Point"},"properties":{"alt":"","lat":-73.9,"lon":-76.383,"name":"Hall Glacier","source":"SCAR CGA 20371 (United Kingdom)","tier":3,"type":"glacier"},"type":"Feature"},{"geometry":{"coordinates":[-2.358281e6,1.093842e6],"type":"Point"},"properties":{"alt":"","lat":-66.4,"lon":-65.117,"name":"Hamblin Glacier","source":"SCAR CGA 5923 (United States of America)","tier":3,"type":"glacier"},"type":"Feature"},{"geometry":{"coordinates":[269599.0,-750895.0],"type":"Point"},"properties":{"alt":"","lat":-82.667,"lon":160.25,"name":"Hamilton Glacier","source":"SCAR CGA 5928 (United States of America)","tier":3,"type":"glacier"},"type":"Feature"},{"geometry":{"coordinates":[-767496.0,-1.137859e6],"type":"Point"},"properties":{"alt":"","lat":-77.417,"lon":-146.0,"name":"Hammond Glacier","source":"SCAR CGA 5937 (United States of America)","tier":3,"type":"glacier"},"type":"Feature"},{"geometry":{"coordinates":[-2.133449e6,773001.0],"type":"Point"},"properties":{"alt":"Hampton, glaciar","lat":-69.333,"lon":-70.083,"name":"Hampton Glacier","source":"SCAR CGA 5946 (United States of America)","tier":3,"type":"glacier"},"type":"Feature"},{"geometry":{"coordinates":[384878.0,-1.823741e6],"type":"Point"},"properties":{"alt":"","lat":-72.967,"lon":168.083,"name":"Hand Glacier","source":"SCAR CGA 5951 (United States of America)","tier":3,"type":"glacier"},"type":"Feature"},{"geometry":{"coordinates":[1.819101e6,1.66204e6],"type":"Point"},"properties":{"alt":"","lat":-67.6,"lon":47.583,"name":"Hannan Ice Shelf","source":"SCAR CGA 5968 (United States of America)","tier":3,"type":"iceshelf"},"type":"Feature"},{"geometry":{"coordinates":[-1.264263e6,120621.0],"type":"Point"},"properties":{"alt":"","lat":-78.35,"lon":-84.55,"name":"Hansen Glacier","source":"SCAR CGA 5974 (United States of America)","tier":3,"type":"glacier"},"type":"Feature"},{"geometry":{"coordinates":[464931.0,-1.465649e6],"type":"Point"},"properties":{"alt":"","lat":-75.917,"lon":162.4,"name":"Harbord Glacier","source":"SCAR CGA 5996 (United States of America)","tier":3,"type":"glacier"},"type":"Feature"},{"geometry":{"coordinates":[-2.485904e6,1.243042e6],"type":"Point"},"properties":{"alt":"","lat":-64.817,"lon":-63.433,"name":"Harbour Glacier","source":"SCAR CGA 5999 (United States of America)","tier":3,"type":"glacier"},"type":"Feature"},{"geometry":{"coordinates":[415908.0,-1.352226e6],"type":"Point"},"properties":{"alt":"","lat":-77.033,"lon":162.904,"name":"Harbour Glacier","source":"SCAR CGA 18260 (New Zealand)","tier":3,"type":"glacier"},"type":"Feature"},{"geometry":{"coordinates":[415324.0,-1.354235e6],"type":"Point"},"properties":{"alt":"","lat":-77.017,"lon":162.95,"name":"Harbour Glacier Tongue","source":"SCAR CGA 6000 (New Zealand)","tier":3,"type":"glacier"},"type":"Feature"},{"geometry":{"coordinates":[2.138111e6,599655.0],"type":"Point"},"properties":{"alt":"","lat":-69.767,"lon":74.333,"name":"Hargreaves Glacier","source":"SCAR CGA 6010 (United States of America)","tier":3,"type":"glacier"},"type":"Feature"},{"geometry":{"coordinates":[-2.112569e6,925889.0],"type":"Point"},"properties":{"alt":"","lat":-69.0,"lon":-66.333,"name":"Hariot Glacier","source":"SCAR CGA 6012 (United States of America)","tier":3,"type":"glacier"},"type":"Feature"},{"geometry":{"coordinates":[688083.0,-1.979608e6],"type":"Point"},"properties":{"alt":"","lat":-70.883,"lon":160.833,"name":"Harlin Glacier","source":"SCAR CGA 6016 (United States of America)","tier":3,"type":"glacier"},"type":"Feature"},{"geometry":{"coordinates":[392237.0,-1.301887e6],"type":"Point"},"properties":{"alt":"","lat":-77.533,"lon":163.233,"name":"Harp Glacier","source":"SCAR CGA 16684 (United States of America)","tier":3,"type":"glacier"},"type":"Feature"},{"geometry":{"coordinates":[513328.0,-1.687793e6],"type":"Point"},"properties":{"alt":"","lat":-73.867,"lon":163.083,"name":"Harper Glacier","source":"SCAR CGA 6026 (United States of America)","tier":3,"type":"glacier"},"type":"Feature"},{"geometry":{"coordinates":[1.968684e6,-1.72649e6],"type":"Point"},"properties":{"alt":"","lat":-66.233,"lon":131.25,"name":"Harrison Glacier","source":"SCAR CGA 6040 (United States of America)","tier":3,"type":"glacier"},"type":"Feature"},{"geometry":{"coordinates":[412615.0,-1.299413e6],"type":"Point"},"properties":{"alt":"","lat":-77.5,"lon":162.383,"name":"Hart Glacier","source":"SCAR CGA 6054 (United States of America)","tier":3,"type":"glacier"},"type":"Feature"},{"geometry":{"coordinates":[387258.0,-1.213622e6],"type":"Point"},"properties":{"alt":"","lat":-78.314,"lon":162.302,"name":"Harvey Summit","source":"SCAR CGA 16688 (United States of America)","tier":3,"type":"glacier"},"type":"Feature"},{"geometry":{"coordinates":[-81311.0,-542982.0],"type":"Point"},"properties":{"alt":"","lat":-84.95,"lon":-171.483,"name":"Harwell Glacier","source":"SCAR CGA 6070 (United States of America)","tier":3,"type":"glacier"},"type":"Feature"},{"geometry":{"coordinates":[454768.0,-1.302254e6],"type":"Point"},"properties":{"alt":"","lat":-77.354,"lon":160.75,"name":"Haselton Glacier","source":"SCAR CGA 18033 (United States of America)","tier":3,"type":"glacier"},"type":"Feature"},{"geometry":{"coordinates":[-1.7925e6,-132158.0],"type":"Point"},"properties":{"alt":"","lat":-73.567,"lon":-94.217,"name":"Haskell Glacier","source":"SCAR CGA 6074 (United States of America)","tier":3,"type":"glacier"},"type":"Feature"},{"geometry":{"coordinates":[418824.0,-1.015304e6],"type":"Point"},"properties":{"alt":"","lat":-79.917,"lon":157.583,"name":"Hatherton Glacier","source":"SCAR CGA 6091 (United States of America)","tier":3,"type":"glacier"},"type":"Feature"},{"geometry":{"coordinates":[514043.0,-1.64703e6],"type":"Point"},"properties":{"alt":"","lat":-74.217,"lon":162.667,"name":"Havelgletscher","source":"SCAR CGA 6110 (Germany)","tier":3,"type":"glacier"},"type":"Feature"},{"geometry":{"coordinates":[-2.606791e6,1.473849e6],"type":"Point"},"properties":{"alt":"","lat":-62.933,"lon":-60.517,"name":"Hawkes Glacier","source":"SCAR CGA 16957 (Poland)","tier":3,"type":"glacier"},"type":"Feature"},{"geometry":{"coordinates":[2.461075e6,-776763.0],"type":"Point"},"properties":{"alt":"","lat":-66.567,"lon":107.517,"name":"Hawkins Glacier","source":"SCAR CGA 6127 (United States of America)","tier":3,"type":"glacier"},"type":"Feature"},{"geometry":{"coordinates":[1.774139e6,1.696393e6],"type":"Point"},"properties":{"alt":"","lat":-67.683,"lon":46.283,"name":"Hayes Glacier","source":"SCAR CGA 6134 (Australia)","tier":3,"type":"glacier"},"type":"Feature"},{"geometry":{"coordinates":[-701452.0,1.324812e6],"type":"Point"},"properties":{"alt":"","lat":-76.267,"lon":-27.9,"name":"Hayes Glacier","source":"SCAR CGA 6135 (United States of America)","tier":3,"type":"glacier"},"type":"Feature"},{"geometry":{"coordinates":[-1.501416e6,-531679.0],"type":"Point"},"properties":{"alt":"","lat":-75.417,"lon":-109.5,"name":"Haynes Glacier","source":"SCAR CGA 6141 (United States of America)","tier":3,"type":"glacier"},"type":"Feature"},{"geometry":{"coordinates":[1.775986e6,1.697169e6],"type":"Point"},"properties":{"alt":"","lat":-67.667,"lon":46.3,"name":"Hays Glacier","source":"SCAR CGA 6145 (United States of America)","tier":3,"type":"glacier"},"type":"Feature"},{"geometry":{"coordinates":[1.462944e6,1.758998e6],"type":"Point"},"properties":{"alt":"Hazuki Hyôga","lat":-69.167,"lon":39.75,"name":"Hazukibreen","source":"SCAR CGA 6154 (Norway)","tier":3,"type":"glacier"},"type":"Feature"},{"geometry":{"coordinates":[421129.0,-1.116447e6],"type":"Point"},"properties":{"alt":"","lat":-79.05,"lon":159.333,"name":"Heap Glacier","source":"SCAR CGA 6160 (United States of America)","tier":3,"type":"glacier"},"type":"Feature"},{"geometry":{"coordinates":[409690.0,-1.879009e6],"type":"Point"},"properties":{"alt":"","lat":-72.433,"lon":167.7,"name":"Hearfield Glacier","source":"SCAR CGA 6164 (United States of America)","tier":3,"type":"glacier"},"type":"Feature"},{"geometry":{"coordinates":[443278.0,-1.39739e6],"type":"Point"},"properties":{"alt":"","lat":-76.567,"lon":162.4,"name":"Hedblom Glacier","source":"SCAR CGA 16850 (United States of America)","tier":3,"type":"glacier"},"type":"Feature"},{"geometry":{"coordinates":[407971.0,-1.264364e6],"type":"Point"},"properties":{"alt":"","lat":-77.817,"lon":162.117,"name":"Hedley Glacier","source":"SCAR CGA 6175 (United States of America)","tier":3,"type":"glacier"},"type":"Feature"},{"geometry":{"coordinates":[-1.656025e6,906647.0],"type":"Point"},"properties":{"alt":"","lat":-72.75,"lon":-61.3,"name":"Heezen Glacier","source":"SCAR CGA 6179 (United States of America)","tier":3,"type":"glacier"},"type":"Feature"},{"geometry":{"coordinates":[19522.0,1.917498e6],"type":"Point"},"properties":{"alt":"Heibreen","lat":-72.483,"lon":0.583,"name":"Hei Glacier","source":"SCAR CGA 6182 (United States of America)","tier":3,"type":"glacier"},"type":"Feature"},{"geometry":{"coordinates":[239238.0,-774447.0],"type":"Point"},"properties":{"alt":"","lat":-82.55,"lon":162.833,"name":"Heidemann Glacier","source":"SCAR CGA 6185 (United States of America)","tier":3,"type":"glacier"},"type":"Feature"},{"geometry":{"coordinates":[264613.0,-758446.0],"type":"Point"},"properties":{"alt":"","lat":-82.617,"lon":160.767,"name":"Heilman Glacier","source":"SCAR CGA 6188 (United States of America)","tier":3,"type":"glacier"},"type":"Feature"},{"geometry":{"coordinates":[-2.28059e6,971968.0],"type":"Point"},"properties":{"alt":"","lat":-67.467,"lon":-66.917,"name":"Heim Glacier","source":"SCAR CGA 6189 (United States of America)","tier":3,"type":"glacier"},"type":"Feature"},{"geometry":{"coordinates":[422215.0,-1.286694e6],"type":"Point"},"properties":{"alt":"","lat":-77.583,"lon":161.833,"name":"Heimdall Glacier","source":"SCAR CGA 6190 (United States of America)","tier":3,"type":"glacier"},"type":"Feature"},{"geometry":{"coordinates":[1.457808e6,1.748679e6],"type":"Point"},"properties":{"alt":"","lat":-69.267,"lon":39.817,"name":"Heitô Hyôga","source":"SCAR CGA 6201 (Japan)","tier":3,"type":"glacier"},"type":"Feature"},{"geometry":{"coordinates":[-2.419602e6,1.312824e6],"type":"Point"},"properties":{"alt":"","lat":-65.05,"lon":-61.517,"name":"Hektoria Glacier","source":"SCAR CGA 6206 (United States of America)","tier":3,"type":"glacier"},"type":"Feature"},{"geometry":{"coordinates":[-2.616359e6,1.845638e6],"type":"Point"},"properties":{"alt":"","lat":-61.133,"lon":-54.8,"name":"Helava Glacier","source":"SCAR CGA 19901 (United Kingdom)","tier":3,"type":"glacier"},"type":"Feature"},{"geometry":{"coordinates":[-29684.0,-566406.0],"type":"Point"},"properties":{"alt":"","lat":-84.783,"lon":-177.0,"name":"Held Glacier","source":"SCAR CGA 6208 (United States of America)","tier":3,"type":"glacier"},"type":"Feature"},{"geometry":{"coordinates":[2.563432e6,-175508.0],"type":"Point"},"properties":{"alt":"","lat":-66.667,"lon":93.917,"name":"Helen Glacier","source":"SCAR CGA 6209 (United States of America)","tier":3,"type":"glacier"},"type":"Feature"},{"geometry":{"coordinates":[721268.0,-2.003399e6],"type":"Point"},"properties":{"alt":"","lat":-70.583,"lon":160.2,"name":"Helfferich Glacier","source":"SCAR CGA 6215 (United States of America)","tier":3,"type":"glacier"},"type":"Feature"},{"geometry":{"coordinates":[225154.0,-714097.0],"type":"Point"},"properties":{"alt":"","lat":-83.117,"lon":162.5,"name":"Helm Glacier","source":"SCAR CGA 6227 (United States of America)","tier":3,"type":"glacier"},"type":"Feature"},{"geometry":{"coordinates":[389696.0,-1.909737e6],"type":"Point"},"properties":{"alt":"","lat":-72.2,"lon":168.467,"name":"Helman Glacier","source":"SCAR CGA 6230 (United States of America)","tier":3,"type":"glacier"},"type":"Feature"},{"geometry":{"coordinates":[1.719683e6,689642.0],"type":"Point"},"properties":{"alt":"Krutoj, lednik","lat":-73.067,"lon":68.148,"name":"Helmore Glacier","source":"SCAR CGA 6234 (Australia)","tier":3,"type":"glacier"},"type":"Feature"},{"geometry":{"coordinates":[-1.103168e6,146867.0],"type":"Point"},"properties":{"alt":"","lat":-79.783,"lon":-82.417,"name":"Henderson Glacier","source":"SCAR CGA 6246 (United States of America)","tier":3,"type":"glacier"},"type":"Feature"},{"geometry":{"coordinates":[-2.477116e6,1.289505e6],"type":"Point"},"properties":{"alt":"","lat":-64.7,"lon":-62.5,"name":"Henryk Glacier","source":"SCAR CGA 16959 (United States of America)","tier":3,"type":"glacier"},"type":"Feature"},{"geometry":{"coordinates":[-2.482333e6,1.422607e6],"type":"Point"},"properties":{"alt":"","lat":-64.1,"lon":-60.183,"name":"Henson Glacier","source":"SCAR CGA 6275 (United States of America)","tier":3,"type":"glacier"},"type":"Feature"},{"geometry":{"coordinates":[374231.0,-1.288113e6],"type":"Point"},"properties":{"alt":"","lat":-77.7,"lon":163.8,"name":"Herbertson Glacier","source":"SCAR CGA 6282 (United States of America)","tier":3,"type":"glacier"},"type":"Feature"},{"geometry":{"coordinates":[-1.161029e6,-1.049685e6],"type":"Point"},"properties":{"alt":"","lat":-75.667,"lon":-132.117,"name":"Herbst Glacier","source":"SCAR CGA 6283 (United States of America)","tier":3,"type":"glacier"},"type":"Feature"},{"geometry":{"coordinates":[-419964.0,-112529.0],"type":"Point"},"properties":{"alt":"","lat":-86.0,"lon":-105.0,"name":"Hercules Dome","source":"SCAR CGA 6284 (United States of America)","tier":3,"type":"dome"},"type":"Feature"},{"geometry":{"coordinates":[-2.096389e6,966448.0],"type":"Point"},"properties":{"alt":"","lat":-68.983,"lon":-65.25,"name":"Hermes Glacier","source":"SCAR CGA 6294 (United States of America)","tier":3,"type":"glacier"},"type":"Feature"},{"geometry":{"coordinates":[-2.273911e6,1.05632e6],"type":"Point"},"properties":{"alt":"Hess, glaciar, Hess, Glaciar","lat":-67.217,"lon":-65.083,"name":"Hess Glacier","source":"SCAR CGA 6324 (United States of America)","tier":3,"type":"glacier"},"type":"Feature"},{"geometry":{"coordinates":[562577.0,-2.0401e6],"type":"Point"},"properties":{"alt":"","lat":-70.7,"lon":164.583,"name":"Hessengletscher","source":"SCAR CGA 6328 (Germany)","tier":3,"type":"glacier"},"type":"Feature"},{"geometry":{"coordinates":[896283.0,1.79114e6],"type":"Point"},"properties":{"alt":"Hettebreen","lat":-71.717,"lon":26.583,"name":"Hette Glacier","source":"SCAR CGA 6332 (United States of America)","tier":3,"type":"glacier"},"type":"Feature"},{"geometry":{"coordinates":[153977.0,-714179.0],"type":"Point"},"properties":{"alt":"","lat":-83.283,"lon":167.833,"name":"Hewitt Glacier","source":"SCAR CGA 6338 (United States of America)","tier":3,"type":"glacier"},"type":"Feature"},{"geometry":{"coordinates":[112229.0,-620636.0],"type":"Point"},"properties":{"alt":"","lat":-84.2,"lon":169.75,"name":"Hewson Glacier","source":"SCAR CGA 6339 (United States of America)","tier":3,"type":"glacier"},"type":"Feature"},{"geometry":{"coordinates":[-1.663095e6,893613.0],"type":"Point"},"properties":{"alt":"","lat":-72.75,"lon":-61.75,"name":"Heywood Glacier","source":"SCAR CGA 20320 (United Kingdom)","tier":3,"type":"glacier"},"type":"Feature"},{"geometry":{"coordinates":[1.573435e6,1.770129e6],"type":"Point"},"properties":{"alt":"Higasi-naga-iwa Hyôga, Langknattbreen","lat":-68.45,"lon":41.633,"name":"Higashi-naga-iwa Glacier","source":"SCAR CGA 6358 (United States of America)","tier":3,"type":"glacier"},"type":"Feature"},{"geometry":{"coordinates":[-2.582622e6,1.872944e6],"type":"Point"},"properties":{"alt":"","lat":-61.233,"lon":-54.05,"name":"Highton Glacier","source":"SCAR CGA 6374 (United States of America)","tier":3,"type":"glacier"},"type":"Feature"},{"geometry":{"coordinates":[-1.727273e6,911008.0],"type":"Point"},"properties":{"alt":"","lat":-72.167,"lon":-62.192,"name":"Hindley Glacier","source":"SCAR CGA 20302 (United Kingdom)","tier":3,"type":"glacier"},"type":"Feature"},{"geometry":{"coordinates":[-1.24569e6,210196.0],"type":"Point"},"properties":{"alt":"","lat":-78.411,"lon":-80.422,"name":"Hindmarsh Dome","source":"SCAR CGA 20308 (United Kingdom)","tier":3,"type":"dome"},"type":"Feature"},{"geometry":{"coordinates":[-1.254857e6,102434.0],"type":"Point"},"properties":{"alt":"","lat":-78.45,"lon":-85.333,"name":"Hinkley Glacier","source":"SCAR CGA 18262 (United States of America)","tier":3,"type":"glacier"},"type":"Feature"},{"geometry":{"coordinates":[420534.0,-998785.0],"type":"Point"},"properties":{"alt":"","lat":-80.05,"lon":157.167,"name":"Hinton Glacier","source":"SCAR CGA 6403 (United States of America)","tier":3,"type":"glacier"},"type":"Feature"},{"geometry":{"coordinates":[-2.507767e6,1.312885e6],"type":"Point"},"properties":{"alt":"Hipócrates, glaciar","lat":-64.367,"lon":-62.367,"name":"Hippocrates Glacier","source":"SCAR CGA 6406 (United States of America)","tier":3,"type":"glacier"},"type":"Feature"},{"geometry":{"coordinates":[-1.900844e6,-238447.0],"type":"Point"},"properties":{"alt":"","lat":-72.5,"lon":-97.15,"name":"Hlubeck Glacier","source":"SCAR CGA 17490 (United States of America)","tier":3,"type":"glacier"},"type":"Feature"},{"geometry":{"coordinates":[354814.0,-1.270802e6],"type":"Point"},"properties":{"alt":"","lat":-77.9,"lon":164.4,"name":"Hobbs Glacier","source":"SCAR CGA 6435 (United States of America)","tier":3,"type":"glacier"},"type":"Feature"},{"geometry":{"coordinates":[-2.391984e6,1.527779e6],"type":"Point"},"properties":{"alt":"Hobbs, glaciar, Brant, Glaciar","lat":-64.3,"lon":-57.433,"name":"Hobbs Glacier","source":"SCAR CGA 6434 (United States of America)","tier":3,"type":"glacier"},"type":"Feature"},{"geometry":{"coordinates":[-2.398418e6,1.115003e6],"type":"Point"},"properties":{"alt":"Hoek, glaciar","lat":-66.0,"lon":-65.067,"name":"Hoek Glacier","source":"SCAR CGA 6456 (United States of America)","tier":3,"type":"glacier"},"type":"Feature"},{"geometry":{"coordinates":[154111.0,-704847.0],"type":"Point"},"properties":{"alt":"","lat":-83.367,"lon":167.667,"name":"Hoffman Glacier","source":"SCAR CGA 6458 (United States of America)","tier":3,"type":"glacier"},"type":"Feature"},{"geometry":{"coordinates":[-951876.0,-1.254051e6],"type":"Point"},"properties":{"alt":"","lat":-75.583,"lon":-142.8,"name":"Holcomb Glacier","source":"SCAR CGA 6496 (United States of America)","tier":3,"type":"glacier"},"type":"Feature"},{"geometry":{"coordinates":[-166755.0,-341899.0],"type":"Point"},"properties":{"alt":"","lat":-86.5,"lon":-154.0,"name":"Holdsworth Glacier","source":"SCAR CGA 6500 (United States of America)","tier":3,"type":"glacier"},"type":"Feature"},{"geometry":{"coordinates":[541024.0,-1.482426e6],"type":"Point"},"properties":{"alt":"","lat":-75.55,"lon":159.95,"name":"Hollingsworth Glacier","source":"SCAR CGA 6511 (United States of America)","tier":3,"type":"glacier"},"type":"Feature"},{"geometry":{"coordinates":[2.56272e6,-401311.0],"type":"Point"},"properties":{"alt":"","lat":-66.45,"lon":98.9,"name":"Holman Dome","source":"SCAR CGA 6516 (United States of America)","tier":3,"type":"dome"},"type":"Feature"},{"geometry":{"coordinates":[2.045693e6,-1.53595e6],"type":"Point"},"properties":{"alt":"","lat":-66.767,"lon":126.9,"name":"Holmes Glacier","source":"SCAR CGA 6521 (United States of America)","tier":3,"type":"glacier"},"type":"Feature"},{"geometry":{"coordinates":[-424118.0,923512.0],"type":"Point"},"properties":{"alt":"","lat":-80.667,"lon":-24.667,"name":"Holmes Summit","source":"SCAR CGA 6526 (United States of America)","tier":3,"type":"glacier"},"type":"Feature"},{"geometry":{"coordinates":[-1.943576e6,625885.0],"type":"Point"},"properties":{"alt":"","lat":-71.367,"lon":-72.15,"name":"Holoviak Glacier","source":"SCAR CGA 6530 (United States of America)","tier":3,"type":"glacier"},"type":"Feature"},{"geometry":{"coordinates":[486534.0,-2.01366e6],"type":"Point"},"properties":{"alt":"","lat":-71.1,"lon":166.417,"name":"Holsteingletscher","source":"SCAR CGA 6533 (Germany)","tier":3,"type":"glacier"},"type":"Feature"},{"geometry":{"coordinates":[-1.568474e6,-589551.0],"type":"Point"},"properties":{"alt":"","lat":-74.667,"lon":-110.6,"name":"Holt Glacier","source":"SCAR CGA 6534 (United States of America)","tier":3,"type":"glacier"},"type":"Feature"},{"geometry":{"coordinates":[-73322.0,-556934.0],"type":"Point"},"properties":{"alt":"","lat":-84.833,"lon":-172.5,"name":"Holzrichter Glacier","source":"SCAR CGA 6547 (United States of America)","tier":3,"type":"glacier"},"type":"Feature"},{"geometry":{"coordinates":[344551.0,-1.927808e6],"type":"Point"},"properties":{"alt":"","lat":-72.117,"lon":169.867,"name":"Honeycomb Glacier","source":"SCAR CGA 6556 (United States of America)","tier":3,"type":"glacier"},"type":"Feature"},{"geometry":{"coordinates":[1.44994e6,1.738217e6],"type":"Point"},"properties":{"alt":"Honnør Hyôga, Honnørbreen","lat":-69.383,"lon":39.833,"name":"Honnør Glacier","source":"SCAR CGA 6559 (United States of America)","tier":3,"type":"glacier"},"type":"Feature"},{"geometry":{"coordinates":[78713.0,-656863.0],"type":"Point"},"properties":{"alt":"","lat":-83.917,"lon":173.167,"name":"Hood Glacier","source":"SCAR CGA 6566 (United States of America)","tier":3,"type":"glacier"},"type":"Feature"},{"geometry":{"coordinates":[378233.0,-1.24491e6],"type":"Point"},"properties":{"alt":"","lat":-78.067,"lon":163.1,"name":"Hooker Glacier","source":"SCAR CGA 6571 (United States of America)","tier":3,"type":"glacier"},"type":"Feature"},{"geometry":{"coordinates":[-2.498379e6,1.239299e6],"type":"Point"},"properties":{"alt":"","lat":-64.733,"lon":-63.617,"name":"Hooper Glacier","source":"SCAR CGA 6577 (United States of America)","tier":3,"type":"glacier"},"type":"Feature"},{"geometry":{"coordinates":[-2.348666e6,1.060464e6],"type":"Point"},"properties":{"alt":"Hopkins, glaciar","lat":-66.6,"lon":-65.7,"name":"Hopkins Glacier","source":"SCAR CGA 6589 (United States of America)","tier":3,"type":"glacier"},"type":"Feature"},{"geometry":{"coordinates":[-2.630399e6,1.581547e6],"type":"Point"},"properties":{"alt":"","lat":-62.283,"lon":-58.983,"name":"Horatio Glacier","source":"SCAR CGA 6590 (Poland)","tier":3,"type":"glacier"},"type":"Feature"},{"geometry":{"coordinates":[533186.0,-1.980653e6],"type":"Point"},"properties":{"alt":"","lat":-71.283,"lon":164.933,"name":"Horne Glacier","source":"SCAR CGA 6602 (United States of America)","tier":3,"type":"glacier"},"type":"Feature"},{"geometry":{"coordinates":[-1.491624e6,-678726.0],"type":"Point"},"properties":{"alt":"","lat":-75.0,"lon":-114.467,"name":"Horrall Glacier","source":"SCAR CGA 6615 (United States of America)","tier":3,"type":"glacier"},"type":"Feature"},{"geometry":{"coordinates":[420212.0,1.916546e6],"type":"Point"},"properties":{"alt":"Horteriset","lat":-72.083,"lon":12.367,"name":"Horteriset Dome","source":"SCAR CGA 6631 (United States of America)","tier":3,"type":"dome"},"type":"Feature"},{"geometry":{"coordinates":[-2.297834e6,905141.0],"type":"Point"},"properties":{"alt":"","lat":-67.55,"lon":-68.5,"name":"Horton Glacier","source":"SCAR CGA 6632 (United States of America)","tier":3,"type":"glacier"},"type":"Feature"},{"geometry":{"coordinates":[2.140189e6,1.331285e6],"type":"Point"},"properties":{"alt":"","lat":-67.1,"lon":58.117,"name":"Hoseason Glacier","source":"SCAR CGA 6635 (United States of America)","tier":3,"type":"glacier"},"type":"Feature"},{"geometry":{"coordinates":[569017.0,-1.90873e6],"type":"Point"},"properties":{"alt":"","lat":-71.817,"lon":163.4,"name":"Hoshko Glacier","source":"SCAR CGA 6637 (United States of America)","tier":3,"type":"glacier"},"type":"Feature"},{"geometry":{"coordinates":[-2.462892e6,1.208334e6],"type":"Point"},"properties":{"alt":"","lat":-65.133,"lon":-63.867,"name":"Hotine Glacier","source":"SCAR CGA 6642 (United States of America)","tier":3,"type":"glacier"},"type":"Feature"},{"geometry":{"coordinates":[-1.243784e6,123416.0],"type":"Point"},"properties":{"alt":"","lat":-78.533,"lon":-84.333,"name":"Hough Glacier","source":"SCAR CGA 6644 (United States of America)","tier":3,"type":"glacier"},"type":"Feature"},{"geometry":{"coordinates":[524606.0,-1.900255e6],"type":"Point"},"properties":{"alt":"","lat":-72.0,"lon":164.567,"name":"Houliston Glacier","source":"SCAR CGA 6648 (United States of America)","tier":3,"type":"glacier"},"type":"Feature"},{"geometry":{"coordinates":[389473.0,-1.001527e6],"type":"Point"},"properties":{"alt":"","lat":-80.133,"lon":158.75,"name":"Hourihan Glacier","source":"SCAR CGA 17072 (United States of America)","tier":3,"type":"glacier"},"type":"Feature"},{"geometry":{"coordinates":[-1.882553e6,998865.0],"type":"Point"},"properties":{"alt":"","lat":-70.567,"lon":-62.05,"name":"Houston Glacier","source":"SCAR CGA 6654 (United States of America)","tier":3,"type":"glacier"},"type":"Feature"},{"geometry":{"coordinates":[2.219366e6,515781.0],"type":"Point"},"properties":{"alt":"","lat":-69.25,"lon":76.917,"name":"Hovde Glacier","source":"SCAR CGA 6657 (United States of America)","tier":3,"type":"glacier"},"type":"Feature"},{"geometry":{"coordinates":[391379.0,-1.286831e6],"type":"Point"},"properties":{"alt":"","lat":-77.667,"lon":163.083,"name":"Howard Glacier","source":"SCAR CGA 6668 (United States of America)","tier":3,"type":"glacier"},"type":"Feature"},{"geometry":{"coordinates":[-2.382646e6,1.524744e6],"type":"Point"},"properties":{"alt":"","lat":-64.383,"lon":-57.383,"name":"Howarth Glacier","source":"SCAR CGA 6676 (United States of America)","tier":3,"type":"glacier"},"type":"Feature"},{"geometry":{"coordinates":[368245.0,-1.232636e6],"type":"Point"},"properties":{"alt":"","lat":-78.2,"lon":163.367,"name":"Howchin Glacier","source":"SCAR CGA 6677 (United States of America)","tier":3,"type":"glacier"},"type":"Feature"},{"geometry":{"coordinates":[-209632.0,-351660.0],"type":"Point"},"properties":{"alt":"","lat":-86.233,"lon":-149.2,"name":"Howe Glacier","source":"SCAR CGA 6681 (United States of America)","tier":3,"type":"glacier"},"type":"Feature"},{"geometry":{"coordinates":[-1.848781e6,784761.0],"type":"Point"},"properties":{"alt":"","lat":-71.667,"lon":-67.0,"name":"Hubert, Glaciar","source":"SCAR CGA 17648 (Chile)","tier":3,"type":"glacier"},"type":"Feature"},{"geometry":{"coordinates":[-1.203483e6,122245.0],"type":"Point"},"properties":{"alt":"","lat":-78.9,"lon":-84.2,"name":"Hudman Glacier","source":"SCAR CGA 6707 (United States of America)","tier":3,"type":"glacier"},"type":"Feature"},{"geometry":{"coordinates":[-341876.0,-299817.0],"type":"Point"},"properties":{"alt":"","lat":-85.817,"lon":-131.25,"name":"Hueneme Glacier","source":"SCAR CGA 6714 (United States of America)","tier":3,"type":"glacier"},"type":"Feature"},{"geometry":{"coordinates":[403372.0,-1.27545e6],"type":"Point"},"properties":{"alt":"","lat":-77.733,"lon":162.45,"name":"Hughes Glacier","source":"SCAR CGA 6722 (United States of America)","tier":3,"type":"glacier"},"type":"Feature"},{"geometry":{"coordinates":[-2.380545e6,1.104169e6],"type":"Point"},"properties":{"alt":"Hugi, glaciar","lat":-66.183,"lon":-65.117,"name":"Hugi Glacier","source":"SCAR CGA 6730 (United States of America)","tier":3,"type":"glacier"},"type":"Feature"},{"geometry":{"coordinates":[453742.0,-1.296895e6],"type":"Point"},"properties":{"alt":"Huka kapo Glacier","lat":-77.403,"lon":160.717,"name":"Huka Kapo Glacier","source":"SCAR CGA 18006 (United States of America)","tier":3,"type":"glacier"},"type":"Feature"},{"geometry":{"coordinates":[-1.436197e6,-1.040272e6],"type":"Point"},"properties":{"alt":"","lat":-73.783,"lon":-125.917,"name":"Hulbe Glacier","source":"SCAR CGA 17496 (United States of America)","tier":3,"type":"glacier"},"type":"Feature"},{"geometry":{"coordinates":[-1.106162e6,-1.196639e6],"type":"Point"},"properties":{"alt":"","lat":-75.083,"lon":-137.25,"name":"Hull Glacier","source":"SCAR CGA 6739 (United States of America)","tier":3,"type":"glacier"},"type":"Feature"},{"geometry":{"coordinates":[412807.0,1.956082e6],"type":"Point"},"properties":{"alt":"","lat":-71.75,"lon":11.917,"name":"Humboldtgraben","source":"SCAR CGA 6749 (Germany)","tier":3,"type":"glacier"},"type":"Feature"},{"geometry":{"coordinates":[363482.0,-1.841332e6],"type":"Point"},"properties":{"alt":"","lat":-72.85,"lon":168.833,"name":"Humphries Glacier","source":"SCAR CGA 6761 (United States of America)","tier":3,"type":"glacier"},"type":"Feature"},{"geometry":{"coordinates":[432896.0,-1.366042e6],"type":"Point"},"properties":{"alt":"","lat":-76.867,"lon":162.417,"name":"Hunt Glacier","source":"SCAR CGA 6772 (United States of America)","tier":3,"type":"glacier"},"type":"Feature"},{"geometry":{"coordinates":[585043.0,-1.91359e6],"type":"Point"},"properties":{"alt":"","lat":-71.733,"lon":163.0,"name":"Hunter Glacier","source":"SCAR CGA 6777 (United States of America)","tier":3,"type":"glacier"},"type":"Feature"},{"geometry":{"coordinates":[-2.625683e6,1.498677e6],"type":"Point"},"properties":{"alt":"Huntress, glaciar","lat":-62.683,"lon":-60.283,"name":"Huntress Glacier","source":"SCAR CGA 6780 (United States of America)","tier":3,"type":"glacier"},"type":"Feature"},{"geometry":{"coordinates":[-2.628294e6,1.494093e6],"type":"Point"},"properties":{"alt":"Hurd, Glaciar, Hurd Ice Cap","lat":-62.683,"lon":-60.383,"name":"Hurd Dome","source":"SCAR CGA 6785 (United States of America)","tier":3,"type":"dome"},"type":"Feature"},{"geometry":{"coordinates":[-2.296607e6,903116.0],"type":"Point"},"properties":{"alt":"","lat":-67.567,"lon":-68.533,"name":"Hurley Glacier","source":"SCAR CGA 6786 (United States of America)","tier":3,"type":"glacier"},"type":"Feature"},{"geometry":{"coordinates":[-2.624093e6,1.512988e6],"type":"Point"},"properties":{"alt":"Hurón, glaciar","lat":-62.633,"lon":-60.033,"name":"Huron Glacier","source":"SCAR CGA 6789 (United States of America)","tier":3,"type":"glacier"},"type":"Feature"},{"geometry":{"coordinates":[-1.944159e6,599339.0],"type":"Point"},"properties":{"alt":"","lat":-71.433,"lon":-72.867,"name":"Hushen Glacier","source":"SCAR CGA 6793 (United States of America)","tier":3,"type":"glacier"},"type":"Feature"},{"geometry":{"coordinates":[35943.0,-553313.0],"type":"Point"},"properties":{"alt":"","lat":-84.9,"lon":176.283,"name":"Husky Dome","source":"SCAR CGA 6794 (United States of America)","tier":3,"type":"dome"},"type":"Feature"},{"geometry":{"coordinates":[-1.104363e6,121923.0],"type":"Point"},"properties":{"alt":"","lat":-79.8,"lon":-83.7,"name":"Hyde Glacier","source":"SCAR CGA 6821 (United States of America)","tier":3,"type":"glacier"},"type":"Feature"},{"geometry":{"coordinates":[302717.0,1.944209e6],"type":"Point"},"properties":{"alt":"Hålisen","lat":-72.033,"lon":8.85,"name":"Hålisen Glacier","source":"SCAR CGA 5893 (United States of America)","tier":3,"type":"glacier"},"type":"Feature"},{"geometry":{"coordinates":[-480647.0,936576.0],"type":"Point"},"properties":{"alt":"","lat":-80.333,"lon":-27.167,"name":"Höflegletscher","source":"SCAR CGA 6462 (Germany)","tier":3,"type":"glacier"},"type":"Feature"},{"geometry":{"coordinates":[-2.462473e6,1.268257e6],"type":"Point"},"properties":{"alt":"","lat":-64.9,"lon":-62.75,"name":"Ice Gate Glacier","source":"SCAR CGA 16963 (United States of America)","tier":3,"type":"glacier"},"type":"Feature"},{"geometry":{"coordinates":[428421.0,-1.739853e6],"type":"Point"},"properties":{"alt":"","lat":-73.617,"lon":166.167,"name":"Icebreaker Glacier","source":"SCAR CGA 6844 (United States of America)","tier":3,"type":"glacier"},"type":"Feature"},{"geometry":{"coordinates":[1.593853e6,1.761893e6],"type":"Point"},"properties":{"alt":"Itime Hyôga, Torghattbreen","lat":-68.383,"lon":42.133,"name":"Ichime Glacier","source":"SCAR CGA 6848 (United States of America)","tier":3,"type":"glacier"},"type":"Feature"},{"geometry":{"coordinates":[2.136738e6,576536.0],"type":"Point"},"properties":{"alt":"","lat":-69.833,"lon":74.9,"name":"Il Polo Glacier","source":"SCAR CGA 6861 (United States of America)","tier":3,"type":"glacier"},"type":"Feature"},{"geometry":{"coordinates":[-2.523643e6,1.260993e6],"type":"Point"},"properties":{"alt":"Ilíada, glaciar","lat":-64.45,"lon":-63.45,"name":"Iliad Glacier","source":"SCAR CGA 6862 (United States of America)","tier":3,"type":"glacier"},"type":"Feature"},{"geometry":{"coordinates":[-2.138135e6,711607.0],"type":"Point"},"properties":{"alt":"","lat":-69.474,"lon":-71.592,"name":"Iliev Glacier","source":"SCAR CGA 18564 (Bulgaria)","tier":3,"type":"glacier"},"type":"Feature"},{"geometry":{"coordinates":[-1.501356e6,-758061.0],"type":"Point"},"properties":{"alt":"","lat":-74.61,"lon":-116.79,"name":"Incheon Glacier","source":"SCAR CGA 20427 (United Kingdom)","tier":3,"type":"glacier"},"type":"Feature"},{"geometry":{"coordinates":[-2.439226e6,1.502577e6],"type":"Point"},"properties":{"alt":"","lat":-64.067,"lon":-58.367,"name":"Ineson Glacier","source":"SCAR CGA 6889 (United States of America)","tier":3,"type":"glacier"},"type":"Feature"},{"geometry":{"coordinates":[370272.0,-1.84187e6],"type":"Point"},"properties":{"alt":"","lat":-72.833,"lon":168.633,"name":"Ingham Glacier","source":"SCAR CGA 6894 (United States of America)","tier":3,"type":"glacier"},"type":"Feature"},{"geometry":{"coordinates":[350947.0,-1.924777e6],"type":"Point"},"properties":{"alt":"","lat":-72.133,"lon":169.667,"name":"Ironside Glacier","source":"SCAR CGA 6932 (United States of America)","tier":3,"type":"glacier"},"type":"Feature"},{"geometry":{"coordinates":[-1.493e6,752534.0],"type":"Point"},"properties":{"alt":"","lat":-74.7,"lon":-63.25,"name":"Irvine Glacier","source":"SCAR CGA 6934 (United States of America)","tier":3,"type":"glacier"},"type":"Feature"},{"geometry":{"coordinates":[508004.0,-1.416205e6],"type":"Point"},"properties":{"alt":"","lat":-76.217,"lon":160.267,"name":"Irving Glacier","source":"SCAR CGA 16857 (United States of America)","tier":3,"type":"glacier"},"type":"Feature"},{"geometry":{"coordinates":[590723.0,-1.983652e6],"type":"Point"},"properties":{"alt":"","lat":-71.117,"lon":163.417,"name":"Irwin Glacier","source":"SCAR CGA 6937 (United States of America)","tier":3,"type":"glacier"},"type":"Feature"},{"geometry":{"coordinates":[-1.911142e6,-363419.0],"type":"Point"},"properties":{"alt":"","lat":-72.233,"lon":-100.767,"name":"Isbrecht Glacier","source":"SCAR CGA 17497 (United States of America)","tier":3,"type":"glacier"},"type":"Feature"},{"geometry":{"coordinates":[31947.0,1.92659e6],"type":"Point"},"properties":{"alt":"Isingbreen","lat":-72.4,"lon":0.95,"name":"Ising Glacier","source":"SCAR CGA 6960 (United States of America)","tier":3,"type":"glacier"},"type":"Feature"},{"geometry":{"coordinates":[-2.622771e6,1.515277e6],"type":"Point"},"properties":{"alt":"","lat":-62.633,"lon":-59.983,"name":"Iskar Glacier","source":"SCAR CGA 17204 (United States of America)","tier":3,"type":"glacier"},"type":"Feature"},{"geometry":{"coordinates":[-1.764667e6,480002.0],"type":"Point"},"properties":{"alt":"","lat":-73.283,"lon":-74.783,"name":"Ivana Mana, lednik","source":"SCAR CGA 6992 (Russia)","tier":3,"type":"glacier"},"type":"Feature"},{"geometry":{"coordinates":[-637731.0,473332.0],"type":"Point"},"properties":{"alt":"","lat":-82.7,"lon":-53.417,"name":"Jaburg Glacier","source":"SCAR CGA 7013 (United States of America)","tier":3,"type":"glacier"},"type":"Feature"},{"geometry":{"coordinates":[-1.160234e6,-1.191014e6],"type":"Point"},"properties":{"alt":"","lat":-74.783,"lon":-135.75,"name":"Jackson Glacier","source":"SCAR CGA 7017 (United States of America)","tier":3,"type":"glacier"},"type":"Feature"},{"geometry":{"coordinates":[-703263.0,-1.137938e6],"type":"Point"},"properties":{"alt":"","lat":-77.733,"lon":-148.283,"name":"Jacobel Glacier","source":"SCAR CGA 17498 (United States of America)","tier":3,"type":"glacier"},"type":"Feature"},{"geometry":{"coordinates":[171028.0,-745747.0],"type":"Point"},"properties":{"alt":"","lat":-82.967,"lon":167.083,"name":"Jacobsen Glacier","source":"SCAR CGA 7026 (United States of America)","tier":3,"type":"glacier"},"type":"Feature"},{"geometry":{"coordinates":[-1.150427e6,-1.039491e6],"type":"Point"},"properties":{"alt":"","lat":-75.8,"lon":-132.1,"name":"Jacoby Glacier","source":"SCAR CGA 7028 (United States of America)","tier":3,"type":"glacier"},"type":"Feature"},{"geometry":{"coordinates":[303751.0,-873890.0],"type":"Point"},"properties":{"alt":"","lat":-81.5,"lon":160.833,"name":"Jakubova, lednik","source":"SCAR CGA 7046 (Russia)","tier":3,"type":"glacier"},"type":"Feature"},{"geometry":{"coordinates":[854970.0,-2.117539e6],"type":"Point"},"properties":{"alt":"","lat":-69.204,"lon":158.013,"name":"James Forbes Glacier","source":"SCAR CGA 18715 (Australia)","tier":3,"type":"glacier"},"type":"Feature"},{"geometry":{"coordinates":[-564728.0,1.053213e6],"type":"Point"},"properties":{"alt":"","lat":-79.033,"lon":-28.2,"name":"Jeffries Glacier","source":"SCAR CGA 7096 (United States of America)","tier":3,"type":"glacier"},"type":"Feature"},{"geometry":{"coordinates":[1.48324e6,-2.040381e6],"type":"Point"},"properties":{"alt":"","lat":-67.082,"lon":143.985,"name":"Jeffryes Glacier","source":"SCAR CGA 18718 (Australia)","tier":3,"type":"glacier"},"type":"Feature"},{"geometry":{"coordinates":[-167792.0,2.131994e6],"type":"Point"},"properties":{"alt":"Jelbartisen","lat":-70.5,"lon":-4.5,"name":"Jelbart Ice Shelf","source":"SCAR CGA 7100 (United States of America)","tier":3,"type":"iceshelf"},"type":"Feature"},{"geometry":{"coordinates":[500528.0,-1.597187e6],"type":"Point"},"properties":{"alt":"","lat":-74.683,"lon":162.6,"name":"Jenagletscher","source":"SCAR CGA 7101 (Germany)","tier":3,"type":"glacier"},"type":"Feature"},{"geometry":{"coordinates":[-2.50428e6,1.299022e6],"type":"Point"},"properties":{"alt":"Jenner, glaciar","lat":-64.45,"lon":-62.583,"name":"Jenner Glacier","source":"SCAR CGA 7105 (United States of America)","tier":3,"type":"glacier"},"type":"Feature"},{"geometry":{"coordinates":[815621.0,1.800808e6],"type":"Point"},"properties":{"alt":"Jenningsbreen","lat":-71.95,"lon":24.367,"name":"Jennings Glacier","source":"SCAR CGA 7107 (United States of America)","tier":3,"type":"glacier"},"type":"Feature"},{"geometry":{"coordinates":[85461.0,-527650.0],"type":"Point"},"properties":{"alt":"","lat":-85.083,"lon":170.8,"name":"Jensen Glacier","source":"SCAR CGA 7115 (United States of America)","tier":3,"type":"glacier"},"type":"Feature"},{"geometry":{"coordinates":[-2.386578e6,1.233562e6],"type":"Point"},"properties":{"alt":"","lat":-65.633,"lon":-62.667,"name":"Jeroboam Glacier","source":"SCAR CGA 7123 (United States of America)","tier":3,"type":"glacier"},"type":"Feature"},{"geometry":{"coordinates":[400176.0,-1.247651e6],"type":"Point"},"properties":{"alt":"","lat":-77.983,"lon":162.217,"name":"Jezek Glacier","source":"SCAR CGA 7131 (United States of America)","tier":3,"type":"glacier"},"type":"Feature"},{"geometry":{"coordinates":[-570482.0,399456.0],"type":"Point"},"properties":{"alt":"","lat":-83.597,"lon":-55.0,"name":"John Glacier","source":"SCAR CGA 18883 (United Kingdom)","tier":3,"type":"glacier"},"type":"Feature"},{"geometry":{"coordinates":[-314259.0,-331160.0],"type":"Point"},"properties":{"alt":"","lat":-85.8,"lon":-136.5,"name":"Johns Glacier","source":"SCAR CGA 7164 (United States of America)","tier":3,"type":"glacier"},"type":"Feature"},{"geometry":{"coordinates":[-1.170375e6,-1.160206e6],"type":"Point"},"properties":{"alt":"","lat":-74.917,"lon":-134.75,"name":"Johnson Glacier","source":"SCAR CGA 7170 (United States of America)","tier":3,"type":"glacier"},"type":"Feature"},{"geometry":{"coordinates":[-2.629082e6,1.496563e6],"type":"Point"},"properties":{"alt":"Johnsons, Glaciar","lat":-62.667,"lon":-60.35,"name":"Johnsons Glacier","source":"SCAR CGA 7183 (United States of America)","tier":3,"type":"glacier"},"type":"Feature"},{"geometry":{"coordinates":[-1.508513e6,790869.0],"type":"Point"},"properties":{"alt":"Hernandez, glaciar, Ferrada, Glaciar","lat":-74.417,"lon":-62.333,"name":"Johnston Glacier","source":"SCAR CGA 7185 (United States of America)","tier":3,"type":"glacier"},"type":"Feature"},{"geometry":{"coordinates":[551351.0,-1.908114e6],"type":"Point"},"properties":{"alt":"","lat":-71.867,"lon":163.883,"name":"Johnstone Glacier","source":"SCAR CGA 7191 (United States of America)","tier":3,"type":"glacier"},"type":"Feature"},{"geometry":{"coordinates":[2.576095e6,-67457.0],"type":"Point"},"properties":{"alt":"","lat":-66.6,"lon":91.5,"name":"Jones Glacier","source":"SCAR CGA 7218 (United States of America)","tier":3,"type":"glacier"},"type":"Feature"},{"geometry":{"coordinates":[-2.277091e6,965785.0],"type":"Point"},"properties":{"alt":"Jones Ice Shelf*","lat":-67.517,"lon":-67.017,"name":"Jones Ice Shelf","source":"SCAR CGA 7219 (United States of America)","tier":3,"type":"iceshelf"},"type":"Feature"},{"geometry":{"coordinates":[326746.0,-888870.0],"type":"Point"},"properties":{"alt":"","lat":-81.3,"lon":159.817,"name":"Jorda Glacier","source":"SCAR CGA 7229 (United States of America)","tier":3,"type":"glacier"},"type":"Feature"},{"geometry":{"coordinates":[-2.630429e6,1.540179e6],"type":"Point"},"properties":{"alt":"","lat":-62.467,"lon":-59.65,"name":"Jorquera Glacier","source":"SCAR CGA 17738 (United States of America)","tier":3,"type":"glacier"},"type":"Feature"},{"geometry":{"coordinates":[-2.413303e6,1.280476e6],"type":"Point"},"properties":{"alt":"","lat":-65.233,"lon":-62.05,"name":"Jorum Glacier","source":"SCAR CGA 7235 (United States of America)","tier":3,"type":"glacier"},"type":"Feature"},{"geometry":{"coordinates":[694178.0,1.814261e6],"type":"Point"},"properties":{"alt":"","lat":-72.259,"lon":20.938,"name":"Jostebreen","source":"SCAR CGA 19986 (Norway)","tier":3,"type":"glacier"},"type":"Feature"},{"geometry":{"coordinates":[841767.0,1.971303e6],"type":"Point"},"properties":{"alt":"","lat":-70.456,"lon":23.123,"name":"Jotneisen","source":"SCAR CGA 19987 (Norway)","tier":3,"type":"iceshelf"},"type":"Feature"},{"geometry":{"coordinates":[-1.577668e6,821867.0],"type":"Point"},"properties":{"alt":"","lat":-73.733,"lon":-62.483,"name":"Joughin Glacier","source":"SCAR CGA 18486 (United Kingdom)","tier":3,"type":"glacier"},"type":"Feature"},{"geometry":{"coordinates":[366716.0,-1.254072e6],"type":"Point"},"properties":{"alt":"","lat":-78.017,"lon":163.7,"name":"Joyce Glacier","source":"SCAR CGA 7243 (United States of America)","tier":3,"type":"glacier"},"type":"Feature"},{"geometry":{"coordinates":[374470.0,-966277.0],"type":"Point"},"properties":{"alt":"","lat":-80.483,"lon":158.817,"name":"Judith Glacier","source":"SCAR CGA 7251 (United States of America)","tier":3,"type":"glacier"},"type":"Feature"},{"geometry":{"coordinates":[-1.943027e6,765379.0],"type":"Point"},"properties":{"alt":"","lat":-70.95,"lon":-68.5,"name":"Jupiter Glacier","source":"SCAR CGA 7272 (United States of America)","tier":3,"type":"glacier"},"type":"Feature"},{"geometry":{"coordinates":[472442.0,-1.923438e6],"type":"Point"},"properties":{"alt":"","lat":-71.917,"lon":166.2,"name":"Jutland Glacier","source":"SCAR CGA 7284 (United States of America)","tier":3,"type":"glacier"},"type":"Feature"},{"geometry":{"coordinates":[-17608.0,2.017655e6],"type":"Point"},"properties":{"alt":"Jutulstraumen","lat":-71.583,"lon":-0.5,"name":"Jutulstraumen Glacier","source":"SCAR CGA 7290 (United States of America)","tier":3,"type":"glacier"},"type":"Feature"},{"geometry":{"coordinates":[231728.0,1.97261e6],"type":"Point"},"properties":{"alt":"Jøkulhest","lat":-71.867,"lon":6.7,"name":"Jøkulhest Dome","source":"SCAR CGA 7206 (United States of America)","tier":3,"type":"dome"},"type":"Feature"},{"geometry":{"coordinates":[-571097.0,647402.0],"type":"Point"},"properties":{"alt":"","lat":-82.067,"lon":-41.417,"name":"Kalesnika, lednik","source":"SCAR CGA 7315 (Russia)","tier":3,"type":"glacier"},"type":"Feature"},{"geometry":{"coordinates":[-2.63259e6,1.509731e6],"type":"Point"},"properties":{"alt":"","lat":-62.583,"lon":-60.167,"name":"Kaliakra Glacier","source":"SCAR CGA 7316 (United States of America)","tier":3,"type":"glacier"},"type":"Feature"},{"geometry":{"coordinates":[1.613436e6,651871.0],"type":"Point"},"properties":{"alt":"","lat":-74.083,"lon":68.0,"name":"Kaliningradskij, lednik","source":"SCAR CGA 7318 (Russia)","tier":3,"type":"glacier"},"type":"Feature"},{"geometry":{"coordinates":[392910.0,-1.257623e6],"type":"Point"},"properties":{"alt":"","lat":-77.917,"lon":162.65,"name":"Kamb Glacier","source":"SCAR CGA 7321 (United States of America)","tier":3,"type":"glacier"},"type":"Feature"},{"geometry":{"coordinates":[-2.637814e6,1.491388e6],"type":"Point"},"properties":{"alt":"","lat":-62.623,"lon":-60.517,"name":"Kamchiya Glacier","source":"SCAR CGA 17937 (Bulgaria)","tier":3,"type":"glacier"},"type":"Feature"},{"geometry":{"coordinates":[857513.0,1.805917e6],"type":"Point"},"properties":{"alt":"Kampbreen","lat":-71.75,"lon":25.4,"name":"Kamp Glacier","source":"SCAR CGA 7336 (United States of America)","tier":3,"type":"glacier"},"type":"Feature"},{"geometry":{"coordinates":[-1.912221e6,-396002.0],"type":"Point"},"properties":{"alt":"","lat":-72.167,"lon":-101.7,"name":"Kannheiser Glacier","source":"SCAR CGA 7346 (United States of America)","tier":3,"type":"glacier"},"type":"Feature"},{"geometry":{"coordinates":[-333385.0,-327616.0],"type":"Point"},"properties":{"alt":"","lat":-85.7,"lon":-134.5,"name":"Kansas Glacier","source":"SCAR CGA 7347 (United States of America)","tier":3,"type":"glacier"},"type":"Feature"},{"geometry":{"coordinates":[-566274.0,1.035749e6],"type":"Point"},"properties":{"alt":"","lat":-79.167,"lon":-28.667,"name":"Karandina, lednik","source":"SCAR CGA 7358 (Russia)","tier":3,"type":"glacier"},"type":"Feature"},{"geometry":{"coordinates":[-1.216079e6,89363.0],"type":"Point"},"properties":{"alt":"","lat":-78.812,"lon":-85.797,"name":"Karasura Glacier","source":"SCAR CGA 19428 (Bulgaria)","tier":3,"type":"glacier"},"type":"Feature"},{"geometry":{"coordinates":[287687.0,-863978.0],"type":"Point"},"properties":{"alt":"","lat":-81.633,"lon":161.583,"name":"Karlova, lednik","source":"SCAR CGA 7365 (Russia)","tier":3,"type":"glacier"},"type":"Feature"},{"geometry":{"coordinates":[-2.491396e6,1.44373e6],"type":"Point"},"properties":{"alt":"","lat":-63.939,"lon":-59.908,"name":"Kasabova Glacier","source":"SCAR CGA 18600 (Bulgaria)","tier":3,"type":"glacier"},"type":"Feature"},{"geometry":{"coordinates":[-2.257125e6,977395.0],"type":"Point"},"properties":{"alt":"","lat":-67.639,"lon":-66.586,"name":"Kashin Glacier","source":"SCAR CGA 19774 (Bulgaria)","tier":3,"type":"glacier"},"type":"Feature"},{"geometry":{"coordinates":[1.604294e6,1.760008e6],"type":"Point"},"properties":{"alt":"Kasumi Hyôga, Disbreen","lat":-68.333,"lon":42.35,"name":"Kasumi Glacier","source":"SCAR CGA 7381 (United States of America)","tier":3,"type":"glacier"},"type":"Feature"},{"geometry":{"coordinates":[-1.802427e6,986800.0],"type":"Point"},"properties":{"alt":"","lat":-71.25,"lon":-61.3,"name":"Kauffman Glacier","source":"SCAR CGA 7391 (United States of America)","tier":3,"type":"glacier"},"type":"Feature"},{"geometry":{"coordinates":[1.33108e6,1.7494e6],"type":"Point"},"properties":{"alt":"Kaya Hyôga","lat":-69.967,"lon":37.267,"name":"Kayabreen","source":"SCAR CGA 7399 (Norway)","tier":3,"type":"glacier"},"type":"Feature"},{"geometry":{"coordinates":[406545.0,-1.135437e6],"type":"Point"},"properties":{"alt":"","lat":-78.933,"lon":160.3,"name":"Kehle Glacier","source":"SCAR CGA 7413 (United States of America)","tier":3,"type":"glacier"},"type":"Feature"},{"geometry":{"coordinates":[-2.376327e6,1.077115e6],"type":"Point"},"properties":{"alt":"","lat":-66.317,"lon":-65.617,"name":"Keith Glacier","source":"SCAR CGA 19908 (United Kingdom)","tier":3,"type":"glacier"},"type":"Feature"},{"geometry":{"coordinates":[-1.766335e6,912325.0],"type":"Point"},"properties":{"alt":"","lat":-71.85,"lon":-62.683,"name":"Kellogg Glacier","source":"SCAR CGA 7427 (United States of America)","tier":3,"type":"glacier"},"type":"Feature"},{"geometry":{"coordinates":[372191.0,-1.900004e6],"type":"Point"},"properties":{"alt":"","lat":-72.317,"lon":168.917,"name":"Kelly Glacier","source":"SCAR CGA 7428 (United States of America)","tier":3,"type":"glacier"},"type":"Feature"},{"geometry":{"coordinates":[-1.511949e6,784279.0],"type":"Point"},"properties":{"alt":"","lat":-74.417,"lon":-62.583,"name":"Kelsey Glacier","source":"SCAR CGA 7434 (Russia)","tier":3,"type":"glacier"},"type":"Feature"},{"geometry":{"coordinates":[93411.0,-548398.0],"type":"Point"},"properties":{"alt":"","lat":-84.883,"lon":170.333,"name":"Keltie Glacier","source":"SCAR CGA 7436 (United States of America)","tier":3,"type":"glacier"},"type":"Feature"},{"geometry":{"coordinates":[375046.0,-1.219105e6],"type":"Point"},"properties":{"alt":"","lat":-78.3,"lon":162.9,"name":"Kempe Glacier","source":"SCAR CGA 7445 (United States of America)","tier":3,"type":"glacier"},"type":"Feature"},{"geometry":{"coordinates":[411731.0,-1.282392e6],"type":"Point"},"properties":{"alt":"","lat":-77.65,"lon":162.2,"name":"Kennedy Glacier","source":"SCAR CGA 16707 (United States of America)","tier":3,"type":"glacier"},"type":"Feature"},{"geometry":{"coordinates":[-2.465951e6,1.59937e6],"type":"Point"},"properties":{"alt":"","lat":-63.417,"lon":-57.033,"name":"Kenney Glacier","source":"SCAR CGA 7463 (United States of America)","tier":3,"type":"glacier"},"type":"Feature"},{"geometry":{"coordinates":[225779.0,-746248.0],"type":"Point"},"properties":{"alt":"","lat":-82.833,"lon":163.167,"name":"Kent Glacier","source":"SCAR CGA 7467 (United States of America)","tier":3,"type":"glacier"},"type":"Feature"},{"geometry":{"coordinates":[-1.46978e6,724815.0],"type":"Point"},"properties":{"alt":"","lat":-75.0,"lon":-63.75,"name":"Ketchum Glacier","source":"SCAR CGA 7483 (United States of America)","tier":3,"type":"glacier"},"type":"Feature"},{"geometry":{"coordinates":[-1.51729e6,-675541.0],"type":"Point"},"properties":{"alt":"","lat":-74.8,"lon":-114.0,"name":"Keys Glacier","source":"SCAR CGA 7491 (United States of America)","tier":3,"type":"glacier"},"type":"Feature"},{"geometry":{"coordinates":[1.805711e6,1.64884e6],"type":"Point"},"properties":{"alt":"","lat":-67.767,"lon":47.6,"name":"Kichenside Glacier","source":"SCAR CGA 7506 (United States of America)","tier":3,"type":"glacier"},"type":"Feature"},{"geometry":{"coordinates":[-562080.0,-1.165313e6],"type":"Point"},"properties":{"alt":"","lat":-78.133,"lon":-154.25,"name":"Kiel Glacier","source":"SCAR CGA 7512 (United States of America)","tier":3,"type":"glacier"},"type":"Feature"},{"geometry":{"coordinates":[-1.407252e6,250247.0],"type":"Point"},"properties":{"alt":"","lat":-76.9,"lon":-79.917,"name":"King Dome","source":"SCAR CGA 20306 (United Kingdom)","tier":3,"type":"dome"},"type":"Feature"},{"geometry":{"coordinates":[119423.0,-698656.0],"type":"Point"},"properties":{"alt":"","lat":-83.483,"lon":170.3,"name":"King Glacier","source":"SCAR CGA 7528 (United States of America)","tier":3,"type":"glacier"},"type":"Feature"},{"geometry":{"coordinates":[-1.621831e6,859622.0],"type":"Point"},"properties":{"alt":"","lat":-73.222,"lon":-62.075,"name":"King Glacier","source":"SCAR CGA 20309 (United Kingdom)","tier":3,"type":"glacier"},"type":"Feature"},{"geometry":{"coordinates":[370384.0,-1.93246e6],"type":"Point"},"properties":{"alt":"","lat":-72.033,"lon":169.15,"name":"Kirk Glacier","source":"SCAR CGA 7557 (United States of America)","tier":3,"type":"glacier"},"type":"Feature"},{"geometry":{"coordinates":[506142.0,-2.052908e6],"type":"Point"},"properties":{"alt":"","lat":-70.717,"lon":166.15,"name":"Kirkby Glacier","source":"SCAR CGA 7558 (United States of America)","tier":3,"type":"glacier"},"type":"Feature"},{"geometry":{"coordinates":[-1.126887e6,-1.166925e6],"type":"Point"},"properties":{"alt":"","lat":-75.15,"lon":-136.0,"name":"Kirkpatrick Glacier","source":"SCAR CGA 7563 (United States of America)","tier":3,"type":"glacier"},"type":"Feature"},{"geometry":{"coordinates":[2.588707e6,-595271.0],"type":"Point"},"properties":{"alt":"","lat":-65.9,"lon":102.95,"name":"Kiselëva, lednik","source":"SCAR CGA 7572 (Russia)","tier":3,"type":"glacier"},"type":"Feature"},{"geometry":{"coordinates":[390899.0,-1.281235e6],"type":"Point"},"properties":{"alt":"","lat":-77.717,"lon":163.033,"name":"Kitticarrara Glacier","source":"SCAR CGA 7590 (United States of America)","tier":3,"type":"glacier"},"type":"Feature"},{"geometry":{"coordinates":[-2.278903e6,999576.0],"type":"Point"},"properties":{"alt":"","lat":-67.383,"lon":-66.317,"name":"Klebelsberg Glacier","source":"SCAR CGA 7616 (United States of America)","tier":3,"type":"glacier"},"type":"Feature"},{"geometry":{"coordinates":[-173887.0,-301182.0],"type":"Point"},"properties":{"alt":"","lat":-86.8,"lon":-150.0,"name":"Klein Glacier","source":"SCAR CGA 7617 (United States of America)","tier":3,"type":"glacier"},"type":"Feature"},{"geometry":{"coordinates":[584261.0,-1.935165e6],"type":"Point"},"properties":{"alt":"","lat":-71.55,"lon":163.2,"name":"Kleiner Sledgersgletscher","source":"SCAR CGA 7618 (Germany)","tier":3,"type":"glacier"},"type":"Feature"},{"geometry":{"coordinates":[-2.504325e6,1.261368e6],"type":"Point"},"properties":{"alt":"","lat":-64.6,"lon":-63.267,"name":"Kleptuza Glacier","source":"SCAR CGA 18573 (Bulgaria)","tier":3,"type":"glacier"},"type":"Feature"},{"geometry":{"coordinates":[-2.502389e6,1.302661e6],"type":"Point"},"properties":{"alt":"Koch, glaciar","lat":-64.45,"lon":-62.5,"name":"Koch Glacier","source":"SCAR CGA 7682 (United States of America)","tier":3,"type":"glacier"},"type":"Feature"},{"geometry":{"coordinates":[-201964.0,-421531.0],"type":"Point"},"properties":{"alt":"","lat":-85.7,"lon":-154.4,"name":"Koerwitz Glacier","source":"SCAR CGA 7688 (United States of America)","tier":3,"type":"glacier"},"type":"Feature"},{"geometry":{"coordinates":[347709.0,-1.232884e6],"type":"Point"},"properties":{"alt":"","lat":-78.25,"lon":164.25,"name":"Koettlitz Glacier","source":"SCAR CGA 7690 (United States of America)","tier":3,"type":"glacier"},"type":"Feature"},{"geometry":{"coordinates":[-1.091578e6,-1.064606e6],"type":"Point"},"properties":{"alt":"","lat":-76.033,"lon":-134.283,"name":"Kohler Dome","source":"SCAR CGA 7693 (United States of America)","tier":3,"type":"dome"},"type":"Feature"},{"geometry":{"coordinates":[-1.50842e6,-663721.0],"type":"Point"},"properties":{"alt":"","lat":-74.917,"lon":-113.75,"name":"Kohler Glacier","source":"SCAR CGA 7694 (United States of America)","tier":3,"type":"glacier"},"type":"Feature"},{"geometry":{"coordinates":[-2.233134e6,960326.0],"type":"Point"},"properties":{"alt":"","lat":-67.894,"lon":-66.731,"name":"Kom Glacier","source":"SCAR CGA 19777 (Bulgaria)","tier":3,"type":"glacier"},"type":"Feature"},{"geometry":{"coordinates":[840090.0,1.777224e6],"type":"Point"},"properties":{"alt":"Komsbreen","lat":-72.05,"lon":25.3,"name":"Koms Glacier","source":"SCAR CGA 7725 (United States of America)","tier":3,"type":"glacier"},"type":"Feature"},{"geometry":{"coordinates":[-2.657281e6,1.387422e6],"type":"Point"},"properties":{"alt":"","lat":-62.906,"lon":-62.43,"name":"Kongur Glacier","source":"SCAR CGA 18448 (Bulgaria)","tier":3,"type":"glacier"},"type":"Feature"},{"geometry":{"coordinates":[-2.344556e6,1.020118e6],"type":"Point"},"properties":{"alt":"","lat":-66.778,"lon":-66.486,"name":"Koriten Glacier","source":"SCAR CGA 19721 (Bulgaria)","tier":3,"type":"glacier"},"type":"Feature"},{"geometry":{"coordinates":[-1.224284e6,116089.0],"type":"Point"},"properties":{"alt":"","lat":-78.717,"lon":-84.583,"name":"Kornicker Glacier","source":"SCAR CGA 18268 (United States of America)","tier":3,"type":"glacier"},"type":"Feature"},{"geometry":{"coordinates":[162291.0,2.141755e6],"type":"Point"},"properties":{"alt":"","lat":-70.417,"lon":4.333,"name":"Korolëva, Kupol","source":"SCAR CGA 7758 (Russia)","tier":3,"type":"dome"},"type":"Feature"},{"geometry":{"coordinates":[1.743959e6,698710.0],"type":"Point"},"properties":{"alt":"","lat":-72.833,"lon":68.167,"name":"Korotkij, lednik","source":"SCAR CGA 7761 (Russia)","tier":3,"type":"glacier"},"type":"Feature"},{"geometry":{"coordinates":[-21061.0,-603106.0],"type":"Point"},"properties":{"alt":"","lat":-84.45,"lon":-178.0,"name":"Kosco Glacier","source":"SCAR CGA 7766 (United States of America)","tier":3,"type":"glacier"},"type":"Feature"},{"geometry":{"coordinates":[113165.0,-500115.0],"type":"Point"},"properties":{"alt":"","lat":-85.283,"lon":167.25,"name":"Koski Glacier","source":"SCAR CGA 7770 (United States of America)","tier":3,"type":"glacier"},"type":"Feature"},{"geometry":{"coordinates":[353607.0,1.939366e6],"type":"Point"},"properties":{"alt":"","lat":-72.0,"lon":10.333,"name":"Kosmonavtov, lednik","source":"SCAR CGA 7775 (Russia)","tier":3,"type":"glacier"},"type":"Feature"},{"geometry":{"coordinates":[-561727.0,484015.0],"type":"Point"},"properties":{"alt":"","lat":-83.183,"lon":-49.25,"name":"Kovacs Glacier","source":"SCAR CGA 7785 (United States of America)","tier":3,"type":"glacier"},"type":"Feature"},{"geometry":{"coordinates":[2.554347e6,2782.0],"type":"Point"},"properties":{"alt":"Kovarvyj, lednik","lat":-66.8,"lon":89.938,"name":"Kovarvyj Glacier","source":"SCAR CGA 7786 (Australia)","tier":3,"type":"glacier"},"type":"Feature"},{"geometry":{"coordinates":[-2.630237e6,1.622357e6],"type":"Point"},"properties":{"alt":"","lat":-62.1,"lon":-58.333,"name":"Krak Glacier","source":"SCAR CGA 7798 (United States of America)","tier":3,"type":"glacier"},"type":"Feature"},{"geometry":{"coordinates":[-2.620657e6,1.629629e6],"type":"Point"},"properties":{"alt":"","lat":-62.138,"lon":-58.125,"name":"Krakowiak Glacier","source":"SCAR CGA 7802 (Poland)","tier":3,"type":"glacier"},"type":"Feature"},{"geometry":{"coordinates":[-2.626242e6,1.625168e6],"type":"Point"},"properties":{"alt":"Kraków Icefield, Kraków Icefield (Dome,Peninsula)","lat":-62.117,"lon":-58.25,"name":"Kraków Dome","source":"SCAR CGA 17740 (United States of America)","tier":3,"type":"dome"},"type":"Feature"},{"geometry":{"coordinates":[229785.0,-710719.0],"type":"Point"},"properties":{"alt":"","lat":-83.133,"lon":162.083,"name":"Krank Glacier","source":"SCAR CGA 7805 (United States of America)","tier":3,"type":"glacier"},"type":"Feature"},{"geometry":{"coordinates":[-2.50469e6,1.260643e6],"type":"Point"},"properties":{"alt":"","lat":-64.6,"lon":-63.283,"name":"Kraus Glacier","source":"SCAR CGA 19903 (United Kingdom)","tier":3,"type":"glacier"},"type":"Feature"},{"geometry":{"coordinates":[-2.461301e6,1.335449e6],"type":"Point"},"properties":{"alt":"Krebs, glaciar","lat":-64.633,"lon":-61.517,"name":"Krebs Glacier","source":"SCAR CGA 7819 (United States of America)","tier":3,"type":"glacier"},"type":"Feature"},{"geometry":{"coordinates":[607745.0,-1.994066e6],"type":"Point"},"properties":{"alt":"","lat":-70.983,"lon":163.05,"name":"Krebsgletscher","source":"SCAR CGA 7821 (Germany)","tier":3,"type":"glacier"},"type":"Feature"},{"geometry":{"coordinates":[2.054941e6,643980.0],"type":"Point"},"properties":{"alt":"","lat":-70.367,"lon":72.6,"name":"Kreitzer Glacier","source":"SCAR CGA 7826 (United States of America)","tier":3,"type":"glacier"},"type":"Feature"},{"geometry":{"coordinates":[-2.651057e6,1.380753e6],"type":"Point"},"properties":{"alt":"","lat":-62.981,"lon":-62.488,"name":"Krivodol Glacier","source":"SCAR CGA 18450 (Bulgaria)","tier":3,"type":"glacier"},"type":"Feature"},{"geometry":{"coordinates":[1.895857e6,634345.0],"type":"Point"},"properties":{"alt":"","lat":-71.75,"lon":71.5,"name":"Kronshtadtskij, lednik","source":"SCAR CGA 7855 (Russia)","tier":3,"type":"glacier"},"type":"Feature"},{"geometry":{"coordinates":[-75498.0,-551150.0],"type":"Point"},"properties":{"alt":"","lat":-84.883,"lon":-172.2,"name":"Krout Glacier","source":"SCAR CGA 7860 (United States of America)","tier":3,"type":"glacier"},"type":"Feature"},{"geometry":{"coordinates":[-1.918564e6,969839.0],"type":"Point"},"properties":{"alt":"","lat":-70.4,"lon":-63.183,"name":"Kubitza Glacier","source":"SCAR CGA 7881 (United States of America)","tier":3,"type":"glacier"},"type":"Feature"},{"geometry":{"coordinates":[2.353683e6,-1.076771e6],"type":"Point"},"properties":{"alt":"","lat":-66.5,"lon":114.583,"name":"Kuchina, lednik","source":"SCAR CGA 7885 (Russia)","tier":3,"type":"glacier"},"type":"Feature"},{"geometry":{"coordinates":[2.572618e6,-149836.0],"type":"Point"},"properties":{"alt":"","lat":-66.6,"lon":93.333,"name":"Kuprijanova, lednik","source":"SCAR CGA 7908 (Russia)","tier":3,"type":"glacier"},"type":"Feature"},{"geometry":{"coordinates":[-1.367747e6,-934413.0],"type":"Point"},"properties":{"alt":"","lat":-74.84,"lon":-124.34,"name":"Kyoto Glacier","source":"SCAR CGA 20431 (United Kingdom)","tier":3,"type":"glacier"},"type":"Feature"},{"geometry":{"coordinates":[-495927.0,932703.0],"type":"Point"},"properties":{"alt":"","lat":-80.3,"lon":-28.0,"name":"Köppengletscher","source":"SCAR CGA 7755 (Germany)","tier":3,"type":"glacier"},"type":"Feature"},{"geometry":{"coordinates":[-81838.0,-502504.0],"type":"Point"},"properties":{"alt":"","lat":-85.317,"lon":-170.75,"name":"LaVergne Glacier","source":"SCAR CGA 8204 (United States of America)","tier":3,"type":"glacier"},"type":"Feature"},{"geometry":{"coordinates":[403339.0,-1.283133e6],"type":"Point"},"properties":{"alt":"","lat":-77.667,"lon":162.55,"name":"Lacroix Glacier","source":"SCAR CGA 7991 (United States of America)","tier":3,"type":"glacier"},"type":"Feature"},{"geometry":{"coordinates":[-2.630976e6,1.610162e6],"type":"Point"},"properties":{"alt":"","lat":-62.15,"lon":-58.533,"name":"Ladies Icefall","source":"SCAR CGA 7997 (United Kingdom)","tier":3,"type":"glacier"},"type":"Feature"},{"geometry":{"coordinates":[-1.627214e6,878301.0],"type":"Point"},"properties":{"alt":"","lat":-73.1,"lon":-61.642,"name":"Ladkin Glacier","source":"SCAR CGA 20310 (United Kingdom)","tier":3,"type":"glacier"},"type":"Feature"},{"geometry":{"coordinates":[521233.0,-1.687304e6],"type":"Point"},"properties":{"alt":"","lat":-73.85,"lon":162.833,"name":"Lahngletscher","source":"SCAR CGA 8020 (Germany)","tier":3,"type":"glacier"},"type":"Feature"},{"geometry":{"coordinates":[96760.0,-544125.0],"type":"Point"},"properties":{"alt":"","lat":-84.917,"lon":169.917,"name":"Laird Glacier","source":"SCAR CGA 8024 (United States of America)","tier":3,"type":"glacier"},"type":"Feature"},{"geometry":{"coordinates":[849241.0,-2.114333e6],"type":"Point"},"properties":{"alt":"","lat":-69.25,"lon":158.117,"name":"Laizure Glacier","source":"SCAR CGA 8028 (United States of America)","tier":3,"type":"glacier"},"type":"Feature"},{"geometry":{"coordinates":[328191.0,1.943829e6],"type":"Point"},"properties":{"alt":"","lat":-72.0,"lon":9.583,"name":"Laktionova, lednik","source":"SCAR CGA 8034 (Russia)","tier":3,"type":"glacier"},"type":"Feature"},{"geometry":{"coordinates":[1.957154e6,712346.0],"type":"Point"},"properties":{"alt":"","lat":-71.0,"lon":70.0,"name":"Lambert Glacier","source":"SCAR CGA 8044 (United States of America)","tier":3,"type":"glacier"},"type":"Feature"},{"geometry":{"coordinates":[-2.149243e6,949422.0],"type":"Point"},"properties":{"alt":"Lammers, glaciar","lat":-68.617,"lon":-66.167,"name":"Lammers Glacier","source":"SCAR CGA 8050 (United States of America)","tier":3,"type":"glacier"},"type":"Feature"},{"geometry":{"coordinates":[-2.35294e6,1.068168e6],"type":"Point"},"properties":{"alt":"","lat":-66.538,"lon":-65.583,"name":"Lampe Glacier","source":"SCAR CGA 19909 (United Kingdom)","tier":3,"type":"glacier"},"type":"Feature"},{"geometry":{"coordinates":[1.804585e6,1.702536e6],"type":"Point"},"properties":{"alt":"Lamykina, Kupol","lat":-67.45,"lon":46.667,"name":"Lamykin Dome","source":"SCAR CGA 8056 (United States of America)","tier":3,"type":"dome"},"type":"Feature"},{"geometry":{"coordinates":[-969001.0,-1.229172e6],"type":"Point"},"properties":{"alt":"","lat":-75.667,"lon":-141.75,"name":"Land Glacier","source":"SCAR CGA 8063 (United States of America)","tier":3,"type":"glacier"},"type":"Feature"},{"geometry":{"coordinates":[-2.481454e6,1.472226e6],"type":"Point"},"properties":{"alt":"","lat":-63.888,"lon":-59.32,"name":"Landau Glacier","source":"SCAR CGA 18500 (United States of America)","tier":3,"type":"glacier"},"type":"Feature"},{"geometry":{"coordinates":[-1.761018e6,340713.0],"type":"Point"},"properties":{"alt":"","lat":-73.6,"lon":-79.05,"name":"Landsat Ice Stream","source":"SCAR CGA 20084 (United Kingdom)","tier":3,"type":"glacier"},"type":"Feature"},{"geometry":{"coordinates":[-2.633308e6,1.613693e6],"type":"Point"},"properties":{"alt":"","lat":-62.117,"lon":-58.5,"name":"Lange Glacier","source":"SCAR CGA 8086 (United States of America)","tier":3,"type":"glacier"},"type":"Feature"},{"geometry":{"coordinates":[357392.0,-1.810485e6],"type":"Point"},"properties":{"alt":"","lat":-73.133,"lon":168.833,"name":"Langevad Glacier","source":"SCAR CGA 8091 (United States of America)","tier":3,"type":"glacier"},"type":"Feature"},{"geometry":{"coordinates":[144699.0,1.954866e6],"type":"Point"},"properties":{"alt":"Langflogbreen","lat":-72.1,"lon":4.233,"name":"Langflog Glacier","source":"SCAR CGA 8092 (United States of America)","tier":3,"type":"glacier"},"type":"Feature"},{"geometry":{"coordinates":[1.460888e6,1.753412e6],"type":"Point"},"properties":{"alt":"Langhovde Hyôga, Langhovdebreen","lat":-69.217,"lon":39.8,"name":"Langhovde Glacier","source":"SCAR CGA 8097 (United States of America)","tier":3,"type":"glacier"},"type":"Feature"},{"geometry":{"coordinates":[492563.0,1.906892e6],"type":"Point"},"properties":{"alt":"Langskavlen","lat":-72.017,"lon":14.483,"name":"Langskavlen Glacier","source":"SCAR CGA 8108 (United States of America)","tier":3,"type":"glacier"},"type":"Feature"},{"geometry":{"coordinates":[430740.0,-2.009224e6],"type":"Point"},"properties":{"alt":"","lat":-71.25,"lon":167.9,"name":"Lann Glacier","source":"SCAR CGA 8112 (United States of America)","tier":3,"type":"glacier"},"type":"Feature"},{"geometry":{"coordinates":[490373.0,-1.552117e6],"type":"Point"},"properties":{"alt":"","lat":-75.1,"lon":162.467,"name":"Larsen Glacier","source":"SCAR CGA 8147 (United States of America)","tier":3,"type":"glacier"},"type":"Feature"},{"geometry":{"coordinates":[-2.195635e6,1.142975e6],"type":"Point"},"properties":{"alt":"Larsen, barrera de hielos, Larsen, Plataforma de Hielo","lat":-67.5,"lon":-62.5,"name":"Larsen Ice Shelf","source":"SCAR CGA 8149 (United States of America)","tier":3,"type":"iceshelf"},"type":"Feature"},{"geometry":{"coordinates":[-599258.0,-1.228661e6],"type":"Point"},"properties":{"alt":"","lat":-77.467,"lon":-154.0,"name":"Larson Glacier","source":"SCAR CGA 8156 (United States of America)","tier":3,"type":"glacier"},"type":"Feature"},{"geometry":{"coordinates":[-1.648536e6,-284174.0],"type":"Point"},"properties":{"alt":"","lat":-74.692,"lon":-99.78,"name":"Larter Glacier","source":"SCAR CGA 20247 (United Kingdom)","tier":3,"type":"glacier"},"type":"Feature"},{"geometry":{"coordinates":[-1.910659e6,1.041003e6],"type":"Point"},"properties":{"alt":"","lat":-70.167,"lon":-61.417,"name":"Las Heras, glaciar","source":"SCAR CGA 8160 (Argentina)","tier":3,"type":"glacier"},"type":"Feature"},{"geometry":{"coordinates":[-2.629165e6,1.49256e6],"type":"Point"},"properties":{"alt":"Las Palmas, Lóbulo","lat":-62.683,"lon":-60.417,"name":"Las Palmas Glacier","source":"SCAR CGA 10846 (United States of America)","tier":3,"type":"glacier"},"type":"Feature"},{"geometry":{"coordinates":[452975.0,-1.233363e6],"type":"Point"},"properties":{"alt":"","lat":-77.95,"lon":159.833,"name":"Lashly Glacier","source":"SCAR CGA 8166 (United States of America)","tier":3,"type":"glacier"},"type":"Feature"},{"geometry":{"coordinates":[2.361145e6,-994149.0],"type":"Point"},"properties":{"alt":"","lat":-66.733,"lon":112.833,"name":"Law Dome","source":"SCAR CGA 8209 (United States of America)","tier":3,"type":"dome"},"type":"Feature"},{"geometry":{"coordinates":[209475.0,-608359.0],"type":"Point"},"properties":{"alt":"","lat":-84.083,"lon":161.0,"name":"Law Glacier","source":"SCAR CGA 8211 (United States of America)","tier":3,"type":"glacier"},"type":"Feature"},{"geometry":{"coordinates":[-2.382426e6,1.131259e6],"type":"Point"},"properties":{"alt":"","lat":-66.067,"lon":-64.6,"name":"Lawrie Glacier","source":"SCAR CGA 8223 (United States of America)","tier":3,"type":"glacier"},"type":"Feature"},{"geometry":{"coordinates":[-2.330277e6,2.279324e6],"type":"Point"},"properties":{"alt":"Laws, glaciar","lat":-60.633,"lon":-45.633,"name":"Laws Glacier","source":"SCAR CGA 8224 (United States of America)","tier":3,"type":"glacier"},"type":"Feature"},{"geometry":{"coordinates":[569649.0,2.163677e6],"type":"Point"},"properties":{"alt":"Lazarevisen, Lazareva, shel'fovyj lednik","lat":-69.617,"lon":14.75,"name":"Lazarev Ice Shelf","source":"SCAR CGA 8234 (United States of America)","tier":3,"type":"iceshelf"},"type":"Feature"},{"geometry":{"coordinates":[207117.0,2.150991e6],"type":"Point"},"properties":{"alt":"","lat":-70.3,"lon":5.5,"name":"Lazareva, Kupol","source":"SCAR CGA 8237 (Russia)","tier":3,"type":"dome"},"type":"Feature"},{"geometry":{"coordinates":[-2.521148e6,1.328312e6],"type":"Point"},"properties":{"alt":"","lat":-64.2,"lon":-62.217,"name":"Laënnec Glacier","source":"SCAR CGA 7999 (United States of America)","tier":3,"type":"glacier"},"type":"Feature"},{"geometry":{"coordinates":[-95109.0,-568349.0],"type":"Point"},"properties":{"alt":"","lat":-84.7,"lon":-170.5,"name":"Le Couteur Glacier","source":"SCAR CGA 8241 (United States of America)","tier":3,"type":"glacier"},"type":"Feature"},{"geometry":{"coordinates":[422100.0,-1.933218e6],"type":"Point"},"properties":{"alt":"","lat":-71.933,"lon":167.683,"name":"Leander Glacier","source":"SCAR CGA 8253 (United States of America)","tier":3,"type":"glacier"},"type":"Feature"},{"geometry":{"coordinates":[544166.0,-1.929467e6],"type":"Point"},"properties":{"alt":"","lat":-71.7,"lon":164.25,"name":"Leap Year Glacier","source":"SCAR CGA 8254 (United States of America)","tier":3,"type":"glacier"},"type":"Feature"},{"geometry":{"coordinates":[-2.461233e6,1.203084e6],"type":"Point"},"properties":{"alt":"","lat":-65.167,"lon":-63.95,"name":"Leay Glacier","source":"SCAR CGA 8256 (United States of America)","tier":3,"type":"glacier"},"type":"Feature"},{"geometry":{"coordinates":[454024.0,1.985033e6],"type":"Point"},"properties":{"alt":"","lat":-71.417,"lon":12.883,"name":"Ledenëva, lednik","source":"SCAR CGA 8270 (Russia)","tier":3,"type":"glacier"},"type":"Feature"},{"geometry":{"coordinates":[339529.0,-889916.0],"type":"Point"},"properties":{"alt":"","lat":-81.25,"lon":159.117,"name":"Lee Glacier","source":"SCAR CGA 17323 (United States of America)","tier":3,"type":"glacier"},"type":"Feature"},{"geometry":{"coordinates":[55248.0,-540778.0],"type":"Point"},"properties":{"alt":"","lat":-85.0,"lon":174.167,"name":"Leigh Hunt Glacier","source":"SCAR CGA 8297 (United States of America)","tier":3,"type":"glacier"},"type":"Feature"},{"geometry":{"coordinates":[-118540.0,2.066344e6],"type":"Point"},"properties":{"alt":"","lat":-71.117,"lon":-3.283,"name":"Lejtenanta Smidta, Kupol","source":"SCAR CGA 8305 (Russia)","tier":3,"type":"dome"},"type":"Feature"},{"geometry":{"coordinates":[481850.0,2.129471e6],"type":"Point"},"properties":{"alt":"Leningradskij, Kupol","lat":-70.1,"lon":12.75,"name":"Leningradkollen","source":"SCAR CGA 8320 (Norway)","tier":3,"type":"dome"},"type":"Feature"},{"geometry":{"coordinates":[-2.172121e6,706465.0],"type":"Point"},"properties":{"alt":"","lat":-69.2,"lon":-71.983,"name":"Lennon Glacier","source":"SCAR CGA 8325 (United States of America)","tier":3,"type":"glacier"},"type":"Feature"},{"geometry":{"coordinates":[148875.0,-700400.0],"type":"Point"},"properties":{"alt":"","lat":-83.417,"lon":168.0,"name":"Lennox-King Glacier","source":"SCAR CGA 8326 (United States of America)","tier":3,"type":"glacier"},"type":"Feature"},{"geometry":{"coordinates":[442538.0,-1.886768e6],"type":"Point"},"properties":{"alt":"","lat":-72.3,"lon":166.8,"name":"Lensen Glacier","source":"SCAR CGA 8328 (United States of America)","tier":3,"type":"glacier"},"type":"Feature"},{"geometry":{"coordinates":[-2.465007e6,1.312506e6],"type":"Point"},"properties":{"alt":"Leonardo, glaciar","lat":-64.7,"lon":-61.967,"name":"Leonardo Glacier","source":"SCAR CGA 8335 (United States of America)","tier":3,"type":"glacier"},"type":"Feature"},{"geometry":{"coordinates":[-2.349428e6,1.223035e6],"type":"Point"},"properties":{"alt":"","lat":-65.967,"lon":-62.5,"name":"Leppard Glacier","source":"SCAR CGA 8350 (United States of America)","tier":3,"type":"glacier"},"type":"Feature"},{"geometry":{"coordinates":[1.822382e6,648323.0],"type":"Point"},"properties":{"alt":"","lat":-72.333,"lon":70.417,"name":"Lepëhina, lednik","source":"SCAR CGA 8348 (Russia)","tier":3,"type":"glacier"},"type":"Feature"},{"geometry":{"coordinates":[-741535.0,1.089091e6],"type":"Point"},"properties":{"alt":"Lerchenfeldgletscher","lat":-77.917,"lon":-34.25,"name":"Lerchenfeld Glacier","source":"SCAR CGA 8352 (United States of America)","tier":3,"type":"glacier"},"type":"Feature"},{"geometry":{"coordinates":[-2.646874e6,1.371816e6],"type":"Point"},"properties":{"alt":"","lat":-63.05,"lon":-62.603,"name":"Letnitsa Glacier","source":"SCAR CGA 18454 (Bulgaria)","tier":3,"type":"glacier"},"type":"Feature"},{"geometry":{"coordinates":[-2.399468e6,1.120588e6],"type":"Point"},"properties":{"alt":"","lat":-65.971,"lon":-64.967,"name":"Lettner Glacier","source":"SCAR CGA 18773 (United Kingdom)","tier":3,"type":"glacier"},"type":"Feature"},{"geometry":{"coordinates":[-1.158554e6,1.629238e6],"type":"Point"},"properties":{"alt":"","lat":-71.75,"lon":-35.417,"name":"Levashova, lednik","source":"SCAR CGA 8375 (Russia)","tier":3,"type":"glacier"},"type":"Feature"},{"geometry":{"coordinates":[-2.421308e6,1.198436e6],"type":"Point"},"properties":{"alt":"Lever, glaciar, Lever, Glaciar","lat":-65.5,"lon":-63.667,"name":"Lever Glacier","source":"SCAR CGA 8378 (United States of America)","tier":3,"type":"glacier"},"type":"Feature"},{"geometry":{"coordinates":[-254459.0,-400706.0],"type":"Point"},"properties":{"alt":"","lat":-85.633,"lon":-147.583,"name":"Leverett Glacier","source":"SCAR CGA 8380 (United States of America)","tier":3,"type":"glacier"},"type":"Feature"},{"geometry":{"coordinates":[-1.914336e6,-202330.0],"type":"Point"},"properties":{"alt":"","lat":-72.417,"lon":-96.033,"name":"Levko Glacier","source":"SCAR CGA 17507 (United States of America)","tier":3,"type":"glacier"},"type":"Feature"},{"geometry":{"coordinates":[-2.229742e6,1.008327e6],"type":"Point"},"properties":{"alt":"Lewis, glaciar, Lewis, Glaciar","lat":-67.75,"lon":-65.667,"name":"Lewis Glacier","source":"SCAR CGA 8392 (United States of America)","tier":3,"type":"glacier"},"type":"Feature"},{"geometry":{"coordinates":[-2.49497e6,1.263034e6],"type":"Point"},"properties":{"alt":"Jobet, Glaciar","lat":-64.667,"lon":-63.15,"name":"León, glaciar","source":"SCAR CGA 8340 (Argentina)","tier":3,"type":"glacier"},"type":"Feature"},{"geometry":{"coordinates":[-1.94247e6,566178.0],"type":"Point"},"properties":{"alt":"","lat":-71.533,"lon":-73.75,"name":"Liadov Glacier","source":"SCAR CGA 18269 (United States of America)","tier":3,"type":"glacier"},"type":"Feature"},{"geometry":{"coordinates":[424905.0,-992971.0],"type":"Point"},"properties":{"alt":"","lat":-80.083,"lon":156.833,"name":"Lieske Glacier","source":"SCAR CGA 8438 (United States of America)","tier":3,"type":"glacier"},"type":"Feature"},{"geometry":{"coordinates":[-2.472597e6,1.381888e6],"type":"Point"},"properties":{"alt":"Lilienthal, glaciar","lat":-64.35,"lon":-60.8,"name":"Lilienthal Glacier","source":"SCAR CGA 8443 (United States of America)","tier":3,"type":"glacier"},"type":"Feature"},{"geometry":{"coordinates":[584727.0,-2.028052e6],"type":"Point"},"properties":{"alt":"","lat":-70.75,"lon":163.917,"name":"Lillie Glacier","source":"SCAR CGA 8446 (United States of America)","tier":3,"type":"glacier"},"type":"Feature"},{"geometry":{"coordinates":[-2.4405e6,1.189431e6],"type":"Point"},"properties":{"alt":"","lat":-65.383,"lon":-64.017,"name":"Lind Glacier","source":"SCAR CGA 8460 (United States of America)","tier":3,"type":"glacier"},"type":"Feature"},{"geometry":{"coordinates":[584996.0,-1.919426e6],"type":"Point"},"properties":{"alt":"","lat":-71.683,"lon":163.05,"name":"Linder Glacier","source":"SCAR CGA 8465 (United States of America)","tier":3,"type":"glacier"},"type":"Feature"},{"geometry":{"coordinates":[-2.075199e6,752367.0],"type":"Point"},"properties":{"alt":"","lat":-69.885,"lon":-70.072,"name":"Lindworm Glacier","source":"SCAR CGA 20363 (United Kingdom)","tier":3,"type":"glacier"},"type":"Feature"},{"geometry":{"coordinates":[392443.0,-1.820243e6],"type":"Point"},"properties":{"alt":"","lat":-72.983,"lon":167.833,"name":"Line Glacier","source":"SCAR CGA 8474 (United States of America)","tier":3,"type":"glacier"},"type":"Feature"},{"geometry":{"coordinates":[218543.0,-700940.0],"type":"Point"},"properties":{"alt":"","lat":-83.25,"lon":162.683,"name":"Linehan Glacier","source":"SCAR CGA 8476 (United States of America)","tier":3,"type":"glacier"},"type":"Feature"},{"geometry":{"coordinates":[1.672387e6,-1.958113e6],"type":"Point"},"properties":{"alt":"","lat":-66.617,"lon":139.5,"name":"Liotard, Glacier","source":"SCAR CGA 8498 (France)","tier":3,"type":"glacier"},"type":"Feature"},{"geometry":{"coordinates":[-1.31652e6,1.832132e6],"type":"Point"},"properties":{"alt":"","lat":-69.45,"lon":-35.7,"name":"Lisjanskogo, shel'fovyj lednik","source":"SCAR CGA 8512 (Russia)","tier":3,"type":"glacier"},"type":"Feature"},{"geometry":{"coordinates":[381260.0,-1.253561e6],"type":"Point"},"properties":{"alt":"","lat":-77.983,"lon":163.083,"name":"Lister Glacier","source":"SCAR CGA 8516 (United States of America)","tier":3,"type":"glacier"},"type":"Feature"},{"geometry":{"coordinates":[-2.535259e6,1.330098e6],"type":"Point"},"properties":{"alt":"Lister, glaciar","lat":-64.083,"lon":-62.317,"name":"Lister Glacier","source":"SCAR CGA 8515 (United States of America)","tier":3,"type":"glacier"},"type":"Feature"},{"geometry":{"coordinates":[436704.0,-1.273651e6],"type":"Point"},"properties":{"alt":"","lat":-77.654,"lon":161.074,"name":"Liston Glacier","source":"SCAR CGA 19016 (United States of America)","tier":3,"type":"glacier"},"type":"Feature"},{"geometry":{"coordinates":[-1.933888e6,-308606.0],"type":"Point"},"properties":{"alt":"","lat":-72.117,"lon":-99.067,"name":"Litz Glacier","source":"SCAR CGA 17510 (United States of America)","tier":3,"type":"glacier"},"type":"Feature"},{"geometry":{"coordinates":[-114905.0,-540584.0],"type":"Point"},"properties":{"alt":"","lat":-84.917,"lon":-168.0,"name":"Liv Glacier","source":"SCAR CGA 8545 (United States of America)","tier":3,"type":"glacier"},"type":"Feature"},{"geometry":{"coordinates":[-1.94247e6,566178.0],"type":"Point"},"properties":{"alt":"","lat":-71.533,"lon":-73.75,"name":"Ljadova, lednik","source":"SCAR CGA 8556 (Russia)","tier":3,"type":"glacier"},"type":"Feature"},{"geometry":{"coordinates":[-2.274586e6,976454.0],"type":"Point"},"properties":{"alt":"","lat":-67.5,"lon":-66.767,"name":"Lliboutry Glacier","source":"SCAR CGA 8560 (United States of America)","tier":3,"type":"glacier"},"type":"Feature"},{"geometry":{"coordinates":[436178.0,-1.324049e6],"type":"Point"},"properties":{"alt":"","lat":-77.221,"lon":161.767,"name":"Lobeck Glacier","source":"SCAR CGA 18389 (United States of America)","tier":3,"type":"glacier"},"type":"Feature"},{"geometry":{"coordinates":[402283.0,-1.296896e6],"type":"Point"},"properties":{"alt":"","lat":-77.55,"lon":162.767,"name":"Loftus Glacier","source":"SCAR CGA 8585 (United States of America)","tier":3,"type":"glacier"},"type":"Feature"},{"geometry":{"coordinates":[262898.0,-1.335892e6],"type":"Point"},"properties":{"alt":"","lat":-77.517,"lon":168.867,"name":"Lofty Promenade","source":"SCAR CGA 17090 (New Zealand)","tier":3,"type":"glacier"},"type":"Feature"},{"geometry":{"coordinates":[-41570.0,-509248.0],"type":"Point"},"properties":{"alt":"","lat":-85.3,"lon":-175.333,"name":"Logie Glacier","source":"SCAR CGA 8586 (United States of America)","tier":3,"type":"glacier"},"type":"Feature"},{"geometry":{"coordinates":[-1.902593e6,-224066.0],"type":"Point"},"properties":{"alt":"","lat":-72.5,"lon":-96.717,"name":"Long Glacier","source":"SCAR CGA 8603 (United States of America)","tier":3,"type":"glacier"},"type":"Feature"},{"geometry":{"coordinates":[-2.441073e6,1.528826e6],"type":"Point"},"properties":{"alt":"","lat":-63.932,"lon":-57.941,"name":"Lookalike Glacier","source":"SCAR CGA 19895 (United Kingdom)","tier":3,"type":"glacier"},"type":"Feature"},{"geometry":{"coordinates":[302069.0,-693056.0],"type":"Point"},"properties":{"alt":"","lat":-83.05,"lon":156.45,"name":"Lookout Dome","source":"SCAR CGA 8630 (United States of America)","tier":3,"type":"dome"},"type":"Feature"},{"geometry":{"coordinates":[-1.067376e6,-1.214255e6],"type":"Point"},"properties":{"alt":"","lat":-75.2,"lon":-138.683,"name":"Lord Glacier","source":"SCAR CGA 17512 (United States of America)","tier":3,"type":"glacier"},"type":"Feature"},{"geometry":{"coordinates":[622380.0,-2.016815e6],"type":"Point"},"properties":{"alt":"","lat":-70.75,"lon":162.85,"name":"Lotzegletscher","source":"SCAR CGA 8657 (Germany)","tier":3,"type":"glacier"},"type":"Feature"},{"geometry":{"coordinates":[714222.0,-1.980216e6],"type":"Point"},"properties":{"alt":"","lat":-70.8,"lon":160.167,"name":"Lovejoy Glacier","source":"SCAR CGA 8666 (United States of America)","tier":3,"type":"glacier"},"type":"Feature"},{"geometry":{"coordinates":[256446.0,-720850.0],"type":"Point"},"properties":{"alt":"","lat":-82.967,"lon":160.417,"name":"Lowe Glacier","source":"SCAR CGA 8680 (United States of America)","tier":3,"type":"glacier"},"type":"Feature"},{"geometry":{"coordinates":[371836.0,-1.212434e6],"type":"Point"},"properties":{"alt":"","lat":-78.367,"lon":162.95,"name":"Lower Jaw Glacier","source":"SCAR CGA 8681 (United States of America)","tier":3,"type":"glacier"},"type":"Feature"},{"geometry":{"coordinates":[395427.0,-1.199171e6],"type":"Point"},"properties":{"alt":"","lat":-78.417,"lon":161.75,"name":"Lower Staircase","source":"SCAR CGA 8683 (United States of America)","tier":3,"type":"glacier"},"type":"Feature"},{"geometry":{"coordinates":[232553.0,-772688.0],"type":"Point"},"properties":{"alt":"","lat":-82.583,"lon":163.25,"name":"Lowery Glacier","source":"SCAR CGA 8684 (United States of America)","tier":3,"type":"glacier"},"type":"Feature"},{"geometry":{"coordinates":[-1.679543e6,-294133.0],"type":"Point"},"properties":{"alt":"","lat":-74.4,"lon":-99.933,"name":"Lucchitta Glacier","source":"SCAR CGA 17514 (United States of America)","tier":3,"type":"glacier"},"type":"Feature"},{"geometry":{"coordinates":[304186.0,-768942.0],"type":"Point"},"properties":{"alt":"","lat":-82.4,"lon":158.417,"name":"Lucy Glacier","source":"SCAR CGA 8704 (United States of America)","tier":3,"type":"glacier"},"type":"Feature"},{"geometry":{"coordinates":[77028.0,-598538.0],"type":"Point"},"properties":{"alt":"","lat":-84.45,"lon":172.667,"name":"Ludeman Glacier","source":"SCAR CGA 8705 (United States of America)","tier":3,"type":"glacier"},"type":"Feature"},{"geometry":{"coordinates":[505252.0,-2.049298e6],"type":"Point"},"properties":{"alt":"","lat":-70.75,"lon":166.15,"name":"Ludvig Glacier","source":"SCAR CGA 8707 (United States of America)","tier":3,"type":"glacier"},"type":"Feature"},{"geometry":{"coordinates":[466865.0,-1.343166e6],"type":"Point"},"properties":{"alt":"","lat":-76.967,"lon":160.833,"name":"Lugger Glacier","source":"SCAR CGA 8711 (United States of America)","tier":3,"type":"glacier"},"type":"Feature"},{"geometry":{"coordinates":[-2.408512e6,1.172978e6],"type":"Point"},"properties":{"alt":"","lat":-65.7,"lon":-64.033,"name":"Luke Glacier","source":"SCAR CGA 8717 (United States of America)","tier":3,"type":"glacier"},"type":"Feature"},{"geometry":{"coordinates":[216027.0,1.972533e6],"type":"Point"},"properties":{"alt":"Lundebreen","lat":-71.883,"lon":6.25,"name":"Lunde Glacier","source":"SCAR CGA 8727 (United States of America)","tier":3,"type":"glacier"},"type":"Feature"},{"geometry":{"coordinates":[-2.041185e6,1.012511e6],"type":"Point"},"properties":{"alt":"","lat":-69.25,"lon":-63.617,"name":"Lurabee Glacier","source":"SCAR CGA 8737 (United States of America)","tier":3,"type":"glacier"},"type":"Feature"},{"geometry":{"coordinates":[-257686.0,-354674.0],"type":"Point"},"properties":{"alt":"","lat":-85.967,"lon":-144.0,"name":"Maaske Dome","source":"SCAR CGA 8773 (United States of America)","tier":3,"type":"dome"},"type":"Feature"},{"geometry":{"coordinates":[584234.0,-1.937116e6],"type":"Point"},"properties":{"alt":"","lat":-71.533,"lon":163.217,"name":"MacKinnon Glacier","source":"SCAR CGA 8817 (United States of America)","tier":3,"type":"glacier"},"type":"Feature"},{"geometry":{"coordinates":[-552241.0,273334.0],"type":"Point"},"properties":{"alt":"","lat":-84.333,"lon":-63.667,"name":"MacNamara Glacier","source":"SCAR CGA 8827 (United States of America)","tier":3,"type":"glacier"},"type":"Feature"},{"geometry":{"coordinates":[439419.0,-1.352394e6],"type":"Point"},"properties":{"alt":"","lat":-76.967,"lon":162.0,"name":"Mackay Glacier","source":"SCAR CGA 8800 (United States of America)","tier":3,"type":"glacier"},"type":"Feature"},{"geometry":{"coordinates":[149213.0,-659425.0],"type":"Point"},"properties":{"alt":"","lat":-83.783,"lon":167.25,"name":"Mackellar Glacier","source":"SCAR CGA 8806 (United States of America)","tier":3,"type":"glacier"},"type":"Feature"},{"geometry":{"coordinates":[-2.513893e6,1.321687e6],"type":"Point"},"properties":{"alt":"Mackenzie, glaciar","lat":-64.283,"lon":-62.267,"name":"Mackenzie Glacier","source":"SCAR CGA 8812 (United States of America)","tier":3,"type":"glacier"},"type":"Feature"},{"geometry":{"coordinates":[-2.618863e6,1.502873e6],"type":"Point"},"properties":{"alt":"","lat":-62.717,"lon":-60.15,"name":"Macy Glacier","source":"SCAR CGA 8832 (United States of America)","tier":3,"type":"glacier"},"type":"Feature"},{"geometry":{"coordinates":[-2.619891e6,1.512595e6],"type":"Point"},"properties":{"alt":"","lat":-62.667,"lon":-60.0,"name":"Magura Glacier","source":"SCAR CGA 17210 (United States of America)","tier":3,"type":"glacier"},"type":"Feature"},{"geometry":{"coordinates":[-1.925768e6,-217143.0],"type":"Point"},"properties":{"alt":"","lat":-72.3,"lon":-96.433,"name":"Mahaffey Glacier","source":"SCAR CGA 17516 (United States of America)","tier":3,"type":"glacier"},"type":"Feature"},{"geometry":{"coordinates":[-2.119284e6,988238.0],"type":"Point"},"properties":{"alt":"Maitland, glaciar","lat":-68.717,"lon":-65.0,"name":"Maitland Glacier","source":"SCAR CGA 8880 (United States of America)","tier":3,"type":"glacier"},"type":"Feature"},{"geometry":{"coordinates":[1.719614e6,756648.0],"type":"Point"},"properties":{"alt":"","lat":-72.833,"lon":66.25,"name":"Maksimova, lednik","source":"SCAR CGA 8887 (Russia)","tier":3,"type":"glacier"},"type":"Feature"},{"geometry":{"coordinates":[-2.515183e6,1.323302e6],"type":"Point"},"properties":{"alt":"Malpighi, glaciar","lat":-64.267,"lon":-62.25,"name":"Malpighi Glacier","source":"SCAR CGA 8905 (United States of America)","tier":3,"type":"glacier"},"type":"Feature"},{"geometry":{"coordinates":[406645.0,-1.921358e6],"type":"Point"},"properties":{"alt":"","lat":-72.067,"lon":168.05,"name":"Man-o-War Glacier","source":"SCAR CGA 8920 (United States of America)","tier":3,"type":"glacier"},"type":"Feature"},{"geometry":{"coordinates":[342871.0,-1.896104e6],"type":"Point"},"properties":{"alt":"","lat":-72.4,"lon":169.75,"name":"Manhaul Glacier","source":"SCAR CGA 8940 (United States of America)","tier":3,"type":"glacier"},"type":"Feature"},{"geometry":{"coordinates":[-724633.0,1.242827e6],"type":"Point"},"properties":{"alt":"","lat":-76.815,"lon":-30.244,"name":"Mann Ice Stream","source":"SCAR CGA 19271 (United Kingdom)","tier":3,"type":"glacier"},"type":"Feature"},{"geometry":{"coordinates":[772268.0,-2.08399e6],"type":"Point"},"properties":{"alt":"","lat":-69.75,"lon":159.667,"name":"Manna Glacier","source":"SCAR CGA 8945 (United States of America)","tier":3,"type":"glacier"},"type":"Feature"},{"geometry":{"coordinates":[1.708485e6,683134.0],"type":"Point"},"properties":{"alt":"Kalesnika, lednik","lat":-73.182,"lon":68.206,"name":"Manning Glacier","source":"SCAR CGA 8949 (Australia)","tier":3,"type":"glacier"},"type":"Feature"},{"geometry":{"coordinates":[-2.159394e6,704293.0],"type":"Point"},"properties":{"alt":"","lat":-69.314,"lon":-71.936,"name":"Manolov Glacier","source":"SCAR CGA 19946 (Bulgaria)","tier":3,"type":"glacier"},"type":"Feature"},{"geometry":{"coordinates":[-2.399312e6,1.262339e6],"type":"Point"},"properties":{"alt":"","lat":-65.417,"lon":-62.25,"name":"Mapple Glacier","source":"SCAR CGA 8966 (United States of America)","tier":3,"type":"glacier"},"type":"Feature"},{"geometry":{"coordinates":[-2.435931e6,1.637909e6],"type":"Point"},"properties":{"alt":"","lat":-63.45,"lon":-56.083,"name":"Marangunic, Glaciar","source":"SCAR CGA 17673 (Chile)","tier":3,"type":"glacier"},"type":"Feature"},{"geometry":{"coordinates":[442488.0,-1.326302e6],"type":"Point"},"properties":{"alt":"","lat":-77.183,"lon":161.55,"name":"Marchetti Glacier","source":"SCAR CGA 18390 (United States of America)","tier":3,"type":"glacier"},"type":"Feature"},{"geometry":{"coordinates":[-1.927064e6,-237751.0],"type":"Point"},"properties":{"alt":"","lat":-72.267,"lon":-97.033,"name":"Marck Glacier","source":"SCAR CGA 17517 (United States of America)","tier":3,"type":"glacier"},"type":"Feature"},{"geometry":{"coordinates":[460775.0,-1.449622e6],"type":"Point"},"properties":{"alt":"","lat":-76.067,"lon":162.367,"name":"Marin Glacier","source":"SCAR CGA 8996 (United States of America)","tier":3,"type":"glacier"},"type":"Feature"},{"geometry":{"coordinates":[396621.0,-1.789041e6],"type":"Point"},"properties":{"alt":"","lat":-73.25,"lon":167.5,"name":"Mariner Glacier","source":"SCAR CGA 9000 (United States of America)","tier":3,"type":"glacier"},"type":"Feature"},{"geometry":{"coordinates":[-635373.0,517526.0],"type":"Point"},"properties":{"alt":"","lat":-82.468,"lon":-50.836,"name":"Marks Summit","source":"SCAR CGA 18312 (United Kingdom)","tier":3,"type":"glacier"},"type":"Feature"},{"geometry":{"coordinates":[397602.0,-1.279171e6],"type":"Point"},"properties":{"alt":"","lat":-77.717,"lon":162.733,"name":"Marr Glacier","source":"SCAR CGA 9027 (United States of America)","tier":3,"type":"glacier"},"type":"Feature"},{"geometry":{"coordinates":[1.745918e6,-1.920981e6],"type":"Point"},"properties":{"alt":"","lat":-66.433,"lon":137.733,"name":"Marret Glacier","source":"SCAR CGA 9030 (United States of America)","tier":3,"type":"glacier"},"type":"Feature"},{"geometry":{"coordinates":[-1.843039e6,730332.0],"type":"Point"},"properties":{"alt":"","lat":-71.9,"lon":-68.383,"name":"Mars Glacier","source":"SCAR CGA 9033 (United States of America)","tier":3,"type":"glacier"},"type":"Feature"},{"geometry":{"coordinates":[-1.301381e6,97979.0],"type":"Point"},"properties":{"alt":"","lat":-78.031,"lon":-85.694,"name":"Marsa Glacier","source":"SCAR CGA 19451 (Bulgaria)","tier":3,"type":"glacier"},"type":"Feature"},{"geometry":{"coordinates":[284410.0,-722016.0],"type":"Point"},"properties":{"alt":"","lat":-82.867,"lon":158.5,"name":"Marsh Glacier","source":"SCAR CGA 9037 (United States of America)","tier":3,"type":"glacier"},"type":"Feature"},{"geometry":{"coordinates":[429808.0,-1.363176e6],"type":"Point"},"properties":{"alt":"","lat":-76.9,"lon":162.5,"name":"Marston Glacier","source":"SCAR CGA 9053 (United States of America)","tier":3,"type":"glacier"},"type":"Feature"},{"geometry":{"coordinates":[282409.0,-671825.0],"type":"Point"},"properties":{"alt":"","lat":-83.3,"lon":157.2,"name":"Martin Dome","source":"SCAR CGA 9061 (United States of America)","tier":3,"type":"dome"},"type":"Feature"},{"geometry":{"coordinates":[-2.174739e6,928354.0],"type":"Point"},"properties":{"alt":"Martín, glaciar","lat":-68.483,"lon":-66.883,"name":"Martin Glacier","source":"SCAR CGA 9063 (United States of America)","tier":3,"type":"glacier"},"type":"Feature"},{"geometry":{"coordinates":[597435.0,-1.991356e6],"type":"Point"},"properties":{"alt":"","lat":-71.033,"lon":163.3,"name":"Martinigletscher","source":"SCAR CGA 9078 (Germany)","tier":3,"type":"glacier"},"type":"Feature"},{"geometry":{"coordinates":[-2.249598e6,972709.0],"type":"Point"},"properties":{"alt":"","lat":-67.717,"lon":-66.617,"name":"Marvodol Glacier","source":"SCAR CGA 19775 (Bulgaria)","tier":3,"type":"glacier"},"type":"Feature"},{"geometry":{"coordinates":[380739.0,-1.150125e6],"type":"Point"},"properties":{"alt":"","lat":-78.883,"lon":161.683,"name":"Mason Glacier","source":"SCAR CGA 9106 (United States of America)","tier":3,"type":"glacier"},"type":"Feature"},{"geometry":{"coordinates":[-49586.0,-590506.0],"type":"Point"},"properties":{"alt":"","lat":-84.55,"lon":-175.2,"name":"Massam Glacier","source":"SCAR CGA 9112 (United States of America)","tier":3,"type":"glacier"},"type":"Feature"},{"geometry":{"coordinates":[399004.0,-1.943797e6],"type":"Point"},"properties":{"alt":"","lat":-71.883,"lon":168.4,"name":"Massey Glacier","source":"SCAR CGA 9115 (United States of America)","tier":3,"type":"glacier"},"type":"Feature"},{"geometry":{"coordinates":[399855.0,-1.234292e6],"type":"Point"},"properties":{"alt":"","lat":-78.1,"lon":162.05,"name":"Matataua Glacier","source":"SCAR CGA 8975 (United States of America)","tier":3,"type":"glacier"},"type":"Feature"},{"geometry":{"coordinates":[-1.861759e6,986445.0],"type":"Point"},"properties":{"alt":"","lat":-70.783,"lon":-62.083,"name":"Matheson Glacier","source":"SCAR CGA 9131 (United States of America)","tier":3,"type":"glacier"},"type":"Feature"},{"geometry":{"coordinates":[405028.0,-1.280688e6],"type":"Point"},"properties":{"alt":"","lat":-77.683,"lon":162.45,"name":"Matterhorn Glacier","source":"SCAR CGA 9150 (United States of America)","tier":3,"type":"glacier"},"type":"Feature"},{"geometry":{"coordinates":[-2.255422e6,1.01994e6],"type":"Point"},"properties":{"alt":"Matthes, glaciar, Matthes, Glaciar","lat":-67.5,"lon":-65.667,"name":"Matthes Glacier","source":"SCAR CGA 9152 (United States of America)","tier":3,"type":"glacier"},"type":"Feature"},{"geometry":{"coordinates":[-1.415905e6,645265.0],"type":"Point"},"properties":{"alt":"","lat":-75.75,"lon":-65.5,"name":"Matthews Glacier","source":"SCAR CGA 9153 (United States of America)","tier":3,"type":"glacier"},"type":"Feature"},{"geometry":{"coordinates":[870203.0,-2.095682e6],"type":"Point"},"properties":{"alt":"Matusevicha, Glacier","lat":-69.333,"lon":157.45,"name":"Matusevich Glacier","source":"SCAR CGA 9159 (United States of America)","tier":3,"type":"glacier"},"type":"Feature"},{"geometry":{"coordinates":[508514.0,-1.596588e6],"type":"Point"},"properties":{"alt":"","lat":-74.667,"lon":162.333,"name":"Matz, Ghiacciaio","source":"SCAR CGA 17186 (Italy)","tier":3,"type":"glacier"},"type":"Feature"},{"geometry":{"coordinates":[-1.666681e6,898665.0],"type":"Point"},"properties":{"alt":"Glaciar Maury","lat":-72.7,"lon":-61.667,"name":"Maury Glacier","source":"SCAR CGA 9174 (United States of America)","tier":3,"type":"glacier"},"type":"Feature"},{"geometry":{"coordinates":[462854.0,-1.431597e6],"type":"Point"},"properties":{"alt":"","lat":-76.217,"lon":162.083,"name":"Mawson Glacier","source":"SCAR CGA 9183 (United States of America)","tier":3,"type":"glacier"},"type":"Feature"},{"geometry":{"coordinates":[1.992545e6,-1.701794e6],"type":"Point"},"properties":{"alt":"","lat":-66.217,"lon":130.5,"name":"May Glacier","source":"SCAR CGA 9189 (United States of America)","tier":3,"type":"glacier"},"type":"Feature"},{"geometry":{"coordinates":[-1.88965e6,783364.0],"type":"Point"},"properties":{"alt":"","lat":-71.333,"lon":-67.483,"name":"McArthur Glacier","source":"SCAR CGA 9210 (United States of America)","tier":3,"type":"glacier"},"type":"Feature"},{"geometry":{"coordinates":[-2.34061e6,1.046187e6],"type":"Point"},"properties":{"alt":"McCance, glaciar","lat":-66.717,"lon":-65.917,"name":"McCance Glacier","source":"SCAR CGA 9219 (United States of America)","tier":3,"type":"glacier"},"type":"Feature"},{"geometry":{"coordinates":[538507.0,-1.948393e6],"type":"Point"},"properties":{"alt":"","lat":-71.55,"lon":164.55,"name":"McCann Glacier","source":"SCAR CGA 9220 (United States of America)","tier":3,"type":"glacier"},"type":"Feature"},{"geometry":{"coordinates":[-339631.0,-259668.0],"type":"Point"},"properties":{"alt":"","lat":-86.067,"lon":-127.4,"name":"McCarthy Glacier","source":"SCAR CGA 9224 (United States of America)","tier":3,"type":"glacier"},"type":"Feature"},{"geometry":{"coordinates":[-1.933893e6,-320154.0],"type":"Point"},"properties":{"alt":"","lat":-72.1,"lon":-99.4,"name":"McCarty Glacier","source":"SCAR CGA 17522 (United States of America)","tier":3,"type":"glacier"},"type":"Feature"},{"geometry":{"coordinates":[-2.219766e6,942235.0],"type":"Point"},"properties":{"alt":"","lat":-68.067,"lon":-67.0,"name":"McClary Glacier","source":"SCAR CGA 9238 (United States of America)","tier":3,"type":"glacier"},"type":"Feature"},{"geometry":{"coordinates":[447874.0,-1.046649e6],"type":"Point"},"properties":{"alt":"","lat":-79.55,"lon":156.833,"name":"McCleary Glacier","source":"SCAR CGA 9240 (United States of America)","tier":3,"type":"glacier"},"type":"Feature"},{"geometry":{"coordinates":[-1.530749e6,-681533.0],"type":"Point"},"properties":{"alt":"","lat":-74.667,"lon":-114.0,"name":"McClinton Glacier","source":"SCAR CGA 9242 (United States of America)","tier":3,"type":"glacier"},"type":"Feature"},{"geometry":{"coordinates":[427781.0,-987753.0],"type":"Point"},"properties":{"alt":"","lat":-80.117,"lon":156.583,"name":"McCraw Glacier","source":"SCAR CGA 9250 (United States of America)","tier":3,"type":"glacier"},"type":"Feature"},{"geometry":{"coordinates":[-44215.0,-561810.0],"type":"Point"},"properties":{"alt":"","lat":-84.817,"lon":-175.5,"name":"McCuistion Glacier","source":"SCAR CGA 9256 (United States of America)","tier":3,"type":"glacier"},"type":"Feature"},{"geometry":{"coordinates":[391611.0,-1.210045e6],"type":"Point"},"properties":{"alt":"","lat":-78.333,"lon":162.067,"name":"McDermott Glacier","source":"SCAR CGA 16724 (United States of America)","tier":3,"type":"glacier"},"type":"Feature"},{"geometry":{"coordinates":[470536.0,-2.032726e6],"type":"Point"},"properties":{"alt":"","lat":-70.967,"lon":166.967,"name":"McElroy Glacier","source":"SCAR CGA 9267 (United States of America)","tier":3,"type":"glacier"},"type":"Feature"},{"geometry":{"coordinates":[-47646.0,-526934.0],"type":"Point"},"properties":{"alt":"","lat":-85.133,"lon":-174.833,"name":"McGregor Glacier","source":"SCAR CGA 9280 (United States of America)","tier":3,"type":"glacier"},"type":"Feature"},{"geometry":{"coordinates":[434581.0,-1.900025e6],"type":"Point"},"properties":{"alt":"","lat":-72.2,"lon":167.117,"name":"McKellar Glacier","source":"SCAR CGA 9293 (United States of America)","tier":3,"type":"glacier"},"type":"Feature"},{"geometry":{"coordinates":[1.965566e6,804134.0],"type":"Point"},"properties":{"alt":"","lat":-70.633,"lon":67.75,"name":"McKinnon Glacier","source":"SCAR CGA 9308 (United States of America)","tier":3,"type":"glacier"},"type":"Feature"},{"geometry":{"coordinates":[352741.0,-910206.0],"type":"Point"},"properties":{"alt":"","lat":-81.033,"lon":158.817,"name":"McLay Glacier","source":"SCAR CGA 17333 (United States of America)","tier":3,"type":"glacier"},"type":"Feature"},{"geometry":{"coordinates":[548321.0,-2.011218e6],"type":"Point"},"properties":{"alt":"","lat":-70.983,"lon":164.75,"name":"McLean Glacier","source":"SCAR CGA 9317 (United States of America)","tier":3,"type":"glacier"},"type":"Feature"},{"geometry":{"coordinates":[835183.0,-2.105855e6],"type":"Point"},"properties":{"alt":"","lat":-69.367,"lon":158.367,"name":"McLeod Glacier","source":"SCAR CGA 9325 (United States of America)","tier":3,"type":"glacier"},"type":"Feature"},{"geometry":{"coordinates":[-2.321998e6,2.271227e6],"type":"Point"},"properties":{"alt":"","lat":-60.733,"lon":-45.633,"name":"McLeod Glacier","source":"SCAR CGA 9326 (United States of America)","tier":3,"type":"glacier"},"type":"Feature"},{"geometry":{"coordinates":[586924.0,-1.97509e6],"type":"Point"},"properties":{"alt":"","lat":-71.2,"lon":163.45,"name":"McLin Glacier","source":"SCAR CGA 9331 (United States of America)","tier":3,"type":"glacier"},"type":"Feature"},{"geometry":{"coordinates":[519547.0,-2.04572e6],"type":"Point"},"properties":{"alt":"","lat":-70.75,"lon":165.75,"name":"McMahon Glacier","source":"SCAR CGA 9332 (United States of America)","tier":3,"type":"glacier"},"type":"Feature"},{"geometry":{"coordinates":[-2.137102e6,717139.0],"type":"Point"},"properties":{"alt":"","lat":-69.467,"lon":-71.45,"name":"McManus Glacier","source":"SCAR CGA 9335 (United States of America)","tier":3,"type":"glacier"},"type":"Feature"},{"geometry":{"coordinates":[-2.231152e6,939416.0],"type":"Point"},"properties":{"alt":"","lat":-67.983,"lon":-67.167,"name":"McMorrin Glacier","source":"SCAR CGA 9337 (United States of America)","tier":3,"type":"glacier"},"type":"Feature"},{"geometry":{"coordinates":[305445.0,-1.272272e6],"type":"Point"},"properties":{"alt":"","lat":-78.0,"lon":166.5,"name":"McMurdo Ice Shelf","source":"SCAR CGA 9340 (United States of America)","tier":3,"type":"iceshelf"},"type":"Feature"},{"geometry":{"coordinates":[-2.483168e6,1.466594e6],"type":"Point"},"properties":{"alt":"Mc Neile, glaciar","lat":-63.9,"lon":-59.433,"name":"McNeile Glacier","source":"SCAR CGA 9349 (United States of America)","tier":3,"type":"glacier"},"type":"Feature"},{"geometry":{"coordinates":[414394.0,-1.783106e6],"type":"Point"},"properties":{"alt":"","lat":-73.267,"lon":166.917,"name":"Meander Glacier","source":"SCAR CGA 9359 (United States of America)","tier":3,"type":"glacier"},"type":"Feature"},{"geometry":{"coordinates":[-2.318064e6,1.229943e6],"type":"Point"},"properties":{"alt":"","lat":-66.183,"lon":-62.05,"name":"Medea Dome","source":"SCAR CGA 9365 (United States of America)","tier":3,"type":"dome"},"type":"Feature"},{"geometry":{"coordinates":[-2.650498e6,1.486819e6],"type":"Point"},"properties":{"alt":"","lat":-62.546,"lon":-60.709,"name":"Medven Glacier","source":"SCAR CGA 17931 (Bulgaria)","tier":3,"type":"glacier"},"type":"Feature"},{"geometry":{"coordinates":[834690.0,1.789999e6],"type":"Point"},"properties":{"alt":"Mefjellbreen","lat":-71.967,"lon":25.0,"name":"Mefjell Glacier","source":"SCAR CGA 9379 (United States of America)","tier":3,"type":"glacier"},"type":"Feature"},{"geometry":{"coordinates":[-1.973943e6,808233.0],"type":"Point"},"properties":{"alt":"","lat":-70.55,"lon":-67.733,"name":"Meiklejohn Glacier","source":"SCAR CGA 9389 (United States of America)","tier":3,"type":"glacier"},"type":"Feature"},{"geometry":{"coordinates":[-1.605311e6,856555.0],"type":"Point"},"properties":{"alt":"","lat":-73.367,"lon":-61.917,"name":"Meinardus Glacier","source":"SCAR CGA 9390 (United States of America)","tier":3,"type":"glacier"},"type":"Feature"},{"geometry":{"coordinates":[1.655071e6,719646.0],"type":"Point"},"properties":{"alt":"","lat":-73.5,"lon":66.5,"name":"Mellor Glacier","source":"SCAR CGA 9409 (United States of America)","tier":3,"type":"glacier"},"type":"Feature"},{"geometry":{"coordinates":[-2.392451e6,1.263174e6],"type":"Point"},"properties":{"alt":"","lat":-65.467,"lon":-62.167,"name":"Melville Glacier","source":"SCAR CGA 9413 (United States of America)","tier":3,"type":"glacier"},"type":"Feature"},{"geometry":{"coordinates":[497578.0,1.917089e6],"type":"Point"},"properties":{"alt":"Mendeleevbreen, Mendeleeva, Glacier","lat":-71.917,"lon":14.55,"name":"Mendeleyev Glacier","source":"SCAR CGA 9423 (United States of America)","tier":3,"type":"glacier"},"type":"Feature"},{"geometry":{"coordinates":[-1.952505e6,603778.0],"type":"Point"},"properties":{"alt":"","lat":-71.35,"lon":-72.817,"name":"Mendelssohn Ice Shelf","source":"SCAR CGA 9425 (United Kingdom)","tier":3,"type":"iceshelf"},"type":"Feature"},{"geometry":{"coordinates":[439219.0,-1.049396e6],"type":"Point"},"properties":{"alt":"","lat":-79.558,"lon":157.288,"name":"Mercury Glacier","source":"SCAR CGA 9452 (New Zealand)","tier":3,"type":"glacier"},"type":"Feature"},{"geometry":{"coordinates":[-1.875588e6,748917.0],"type":"Point"},"properties":{"alt":"","lat":-71.567,"lon":-68.233,"name":"Mercury Glacier","source":"SCAR CGA 9453 (United States of America)","tier":3,"type":"glacier"},"type":"Feature"},{"geometry":{"coordinates":[-2.142888e6,926569.0],"type":"Point"},"properties":{"alt":"","lat":-68.75,"lon":-66.617,"name":"Meridian Glacier","source":"SCAR CGA 9457 (United States of America)","tier":3,"type":"glacier"},"type":"Feature"},{"geometry":{"coordinates":[384142.0,-993806.0],"type":"Point"},"properties":{"alt":"","lat":-80.217,"lon":158.867,"name":"Merrick Glacier","source":"SCAR CGA 9463 (United States of America)","tier":3,"type":"glacier"},"type":"Feature"},{"geometry":{"coordinates":[1.428619e6,-2.021449e6],"type":"Point"},"properties":{"alt":"","lat":-67.5,"lon":144.75,"name":"Mertz Glacier","source":"SCAR CGA 9469 (United States of America)","tier":3,"type":"glacier"},"type":"Feature"},{"geometry":{"coordinates":[414324.0,-1.296942e6],"type":"Point"},"properties":{"alt":"","lat":-77.517,"lon":162.283,"name":"Meserve Glacier","source":"SCAR CGA 9474 (United States of America)","tier":3,"type":"glacier"},"type":"Feature"},{"geometry":{"coordinates":[454695.0,-1.358942e6],"type":"Point"},"properties":{"alt":"","lat":-76.867,"lon":161.5,"name":"Midship Glacier","source":"SCAR CGA 9519 (United States of America)","tier":3,"type":"glacier"},"type":"Feature"},{"geometry":{"coordinates":[444817.0,-1.901459e6],"type":"Point"},"properties":{"alt":"","lat":-72.167,"lon":166.833,"name":"Midway Glacier","source":"SCAR CGA 9521 (United States of America)","tier":3,"type":"glacier"},"type":"Feature"},{"geometry":{"coordinates":[365389.0,-1.246841e6],"type":"Point"},"properties":{"alt":"","lat":-78.083,"lon":163.667,"name":"Miers Glacier","source":"SCAR CGA 9524 (United States of America)","tier":3,"type":"glacier"},"type":"Feature"},{"geometry":{"coordinates":[-2.466794e6,1.251476e6],"type":"Point"},"properties":{"alt":"Miethe, glaciar","lat":-64.933,"lon":-63.1,"name":"Miethe Glacier","source":"SCAR CGA 9528 (United States of America)","tier":3,"type":"glacier"},"type":"Feature"},{"geometry":{"coordinates":[-1.430846e6,-882560.0],"type":"Point"},"properties":{"alt":"","lat":-74.617,"lon":-121.667,"name":"Mihaila Ravicha, Kupol","source":"SCAR CGA 9537 (Russia)","tier":3,"type":"dome"},"type":"Feature"},{"geometry":{"coordinates":[-2.083068e6,730839.0],"type":"Point"},"properties":{"alt":"","lat":-69.883,"lon":-70.667,"name":"Mikado Glacier","source":"SCAR CGA 9541 (United States of America)","tier":3,"type":"glacier"},"type":"Feature"},{"geometry":{"coordinates":[104758.0,-514900.0],"type":"Point"},"properties":{"alt":"","lat":-85.167,"lon":168.5,"name":"Mill Glacier","source":"SCAR CGA 9561 (United States of America)","tier":3,"type":"glacier"},"type":"Feature"},{"geometry":{"coordinates":[79362.0,-501072.0],"type":"Point"},"properties":{"alt":"","lat":-85.333,"lon":171.0,"name":"Mill Stream Glacier","source":"SCAR CGA 9566 (United States of America)","tier":3,"type":"glacier"},"type":"Feature"},{"geometry":{"coordinates":[431490.0,-1.327989e6],"type":"Point"},"properties":{"alt":"","lat":-77.2,"lon":162.0,"name":"Miller Glacier","source":"SCAR CGA 9571 (United States of America)","tier":3,"type":"glacier"},"type":"Feature"},{"geometry":{"coordinates":[-1.96611e6,807696.0],"type":"Point"},"properties":{"alt":"","lat":-70.617,"lon":-67.667,"name":"Millett Glacier","source":"SCAR CGA 9588 (United States of America)","tier":3,"type":"glacier"},"type":"Feature"},{"geometry":{"coordinates":[20744.0,-594041.0],"type":"Point"},"properties":{"alt":"","lat":-84.533,"lon":178.0,"name":"Millington Glacier","source":"SCAR CGA 9589 (United States of America)","tier":3,"type":"glacier"},"type":"Feature"},{"geometry":{"coordinates":[-1.333042e6,341853.0],"type":"Point"},"properties":{"alt":"","lat":-77.383,"lon":-75.617,"name":"Mills Glacier","source":"SCAR CGA 17735 (United Kingdom)","tier":3,"type":"glacier"},"type":"Feature"},{"geometry":{"coordinates":[422936.0,-1.282593e6],"type":"Point"},"properties":{"alt":"","lat":-77.617,"lon":161.75,"name":"Mime Glacier","source":"SCAR CGA 9601 (United States of America)","tier":3,"type":"glacier"},"type":"Feature"},{"geometry":{"coordinates":[-1.934184e6,-268965.0],"type":"Point"},"properties":{"alt":"","lat":-72.167,"lon":-97.917,"name":"Mincer Glacier","source":"SCAR CGA 17526 (United States of America)","tier":3,"type":"glacier"},"type":"Feature"},{"geometry":{"coordinates":[-23949.0,-548513.0],"type":"Point"},"properties":{"alt":"","lat":-84.95,"lon":-177.5,"name":"Mincey Glacier","source":"SCAR CGA 9616 (United States of America)","tier":3,"type":"glacier"},"type":"Feature"},{"geometry":{"coordinates":[439404.0,-1.047858e6],"type":"Point"},"properties":{"alt":"","lat":-79.57,"lon":157.25,"name":"Minerva Glacier","source":"SCAR CGA 9618 (United States of America)","tier":3,"type":"glacier"},"type":"Feature"},{"geometry":{"coordinates":[-1.189778e6,146086.0],"type":"Point"},"properties":{"alt":"","lat":-79.0,"lon":-83.0,"name":"Minnesota Glacier","source":"SCAR CGA 9626 (United States of America)","tier":3,"type":"glacier"},"type":"Feature"},{"geometry":{"coordinates":[391423.0,2.111929e6],"type":"Point"},"properties":{"alt":"","lat":-70.417,"lon":10.5,"name":"Mira, Kupol","source":"SCAR CGA 9644 (Russia)","tier":3,"type":"dome"},"type":"Feature"},{"geometry":{"coordinates":[-2.631707e6,1.598531e6],"type":"Point"},"properties":{"alt":"","lat":-62.197,"lon":-58.725,"name":"Mirinae Glacier","source":"SCAR CGA 19343 (Korea, Republic of)","tier":3,"type":"glacier"},"type":"Feature"},{"geometry":{"coordinates":[383055.0,-1.256837e6],"type":"Point"},"properties":{"alt":"","lat":-77.95,"lon":163.05,"name":"Mitchell Glacier","source":"SCAR CGA 9672 (United States of America)","tier":3,"type":"glacier"},"type":"Feature"},{"geometry":{"coordinates":[-2.298283e6,1.106089e6],"type":"Point"},"properties":{"alt":"","lat":-66.833,"lon":-64.3,"name":"Mitterling Glacier","source":"SCAR CGA 9684 (United States of America)","tier":3,"type":"glacier"},"type":"Feature"},{"geometry":{"coordinates":[861558.0,1.758658e6],"type":"Point"},"properties":{"alt":"Mjellbreen","lat":-72.117,"lon":26.1,"name":"Mjell Glacier","source":"SCAR CGA 9696 (United States of America)","tier":3,"type":"glacier"},"type":"Feature"},{"geometry":{"coordinates":[397400.0,-1.281155e6],"type":"Point"},"properties":{"alt":"","lat":-77.7,"lon":162.767,"name":"Moa Glacier","source":"SCAR CGA 16876 (United States of America)","tier":3,"type":"glacier"},"type":"Feature"},{"geometry":{"coordinates":[-2.629795e6,1.595629e6],"type":"Point"},"properties":{"alt":"","lat":-62.224,"lon":-58.753,"name":"Moczydlowski Glacier","source":"SCAR CGA 9707 (United Kingdom)","tier":3,"type":"glacier"},"type":"Feature"},{"geometry":{"coordinates":[-146271.0,-424803.0],"type":"Point"},"properties":{"alt":"","lat":-85.867,"lon":-161.0,"name":"Moffett Glacier","source":"SCAR CGA 9712 (United States of America)","tier":3,"type":"glacier"},"type":"Feature"},{"geometry":{"coordinates":[-2.266501e6,932644.0],"type":"Point"},"properties":{"alt":"","lat":-67.717,"lon":-67.633,"name":"Moider Glacier","source":"SCAR CGA 9719 (United States of America)","tier":3,"type":"glacier"},"type":"Feature"},{"geometry":{"coordinates":[2.050355e6,639922.0],"type":"Point"},"properties":{"alt":"","lat":-70.417,"lon":72.667,"name":"Mokryj, lednik","source":"SCAR CGA 9722 (Russia)","tier":3,"type":"glacier"},"type":"Feature"},{"geometry":{"coordinates":[1.813857e6,1.681609e6],"type":"Point"},"properties":{"alt":"","lat":-67.517,"lon":47.167,"name":"Molle Glacier","source":"SCAR CGA 9736 (United States of America)","tier":3,"type":"glacier"},"type":"Feature"},{"geometry":{"coordinates":[367671.0,-1.261423e6],"type":"Point"},"properties":{"alt":"","lat":-77.95,"lon":163.75,"name":"Mollweide Glacier","source":"SCAR CGA 9742 (United States of America)","tier":3,"type":"glacier"},"type":"Feature"},{"geometry":{"coordinates":[-2.463931e6,1.591958e6],"type":"Point"},"properties":{"alt":"","lat":-63.467,"lon":-57.133,"name":"Mondor Glacier","source":"SCAR CGA 9752 (United States of America)","tier":3,"type":"glacier"},"type":"Feature"},{"geometry":{"coordinates":[422282.0,-1.917982e6],"type":"Point"},"properties":{"alt":"","lat":-72.067,"lon":167.583,"name":"Montecchi Glacier","source":"SCAR CGA 9771 (United States of America)","tier":3,"type":"glacier"},"type":"Feature"},{"geometry":{"coordinates":[-2.46307e6,1.295884e6],"type":"Point"},"properties":{"alt":"Montgolfier, glaciar","lat":-64.783,"lon":-62.25,"name":"Montgolfier Glacier","source":"SCAR CGA 9777 (United States of America)","tier":3,"type":"glacier"},"type":"Feature"},{"geometry":{"coordinates":[153046.0,-658546.0],"type":"Point"},"properties":{"alt":"Montgomery Glacier","lat":-83.783,"lon":166.917,"name":"Montgomerie Glacier","source":"SCAR CGA 9778 (United States of America)","tier":3,"type":"glacier"},"type":"Feature"},{"geometry":{"coordinates":[592365.0,-1.98705e6],"type":"Point"},"properties":{"alt":"","lat":-71.083,"lon":163.4,"name":"Montigny Glacier","source":"SCAR CGA 9779 (United States of America)","tier":3,"type":"glacier"},"type":"Feature"},{"geometry":{"coordinates":[146701.0,-579757.0],"type":"Point"},"properties":{"alt":"","lat":-84.5,"lon":165.8,"name":"Moody Glacier","source":"SCAR CGA 9790 (United States of America)","tier":3,"type":"glacier"},"type":"Feature"},{"geometry":{"coordinates":[-1.595143e6,-622988.0],"type":"Point"},"properties":{"alt":"","lat":-74.333,"lon":-111.333,"name":"Moore Dome","source":"SCAR CGA 9803 (United States of America)","tier":3,"type":"dome"},"type":"Feature"},{"geometry":{"coordinates":[-2.146468e6,769954.0],"type":"Point"},"properties":{"alt":"","lat":-69.233,"lon":-70.267,"name":"Moran Glacier","source":"SCAR CGA 9826 (United States of America)","tier":3,"type":"glacier"},"type":"Feature"},{"geometry":{"coordinates":[-1.816987e6,-407254.0],"type":"Point"},"properties":{"alt":"","lat":-72.983,"lon":-102.633,"name":"Morelli Glacier","source":"SCAR CGA 9829 (United States of America)","tier":3,"type":"glacier"},"type":"Feature"},{"geometry":{"coordinates":[1.69765e6,677369.0],"type":"Point"},"properties":{"alt":"","lat":-73.292,"lon":68.248,"name":"Morgan Glacier","source":"SCAR CGA 9839 (Australia)","tier":3,"type":"glacier"},"type":"Feature"},{"geometry":{"coordinates":[611010.0,-1.967772e6],"type":"Point"},"properties":{"alt":"","lat":-71.2,"lon":162.75,"name":"Morley Glacier","source":"SCAR CGA 9849 (United States of America)","tier":3,"type":"glacier"},"type":"Feature"},{"geometry":{"coordinates":[351152.0,-1.207996e6],"type":"Point"},"properties":{"alt":"","lat":-78.459,"lon":163.791,"name":"Morning Glacier","source":"SCAR CGA 16729 (United States of America)","tier":3,"type":"glacier"},"type":"Feature"},{"geometry":{"coordinates":[-2.233145e6,960728.0],"type":"Point"},"properties":{"alt":"","lat":-67.893,"lon":-66.722,"name":"Morris Glacier","source":"SCAR CGA 20311 (United Kingdom)","tier":3,"type":"glacier"},"type":"Feature"},{"geometry":{"coordinates":[-103690.0,-559463.0],"type":"Point"},"properties":{"alt":"","lat":-84.767,"lon":-169.5,"name":"Morris Glacier","source":"SCAR CGA 9858 (United States of America)","tier":3,"type":"glacier"},"type":"Feature"},{"geometry":{"coordinates":[-2.350128e6,1.171731e6],"type":"Point"},"properties":{"alt":"Morrison, glaciar, Morrison, Glaciar","lat":-66.167,"lon":-63.5,"name":"Morrison Glacier","source":"SCAR CGA 9866 (United States of America)","tier":3,"type":"glacier"},"type":"Feature"},{"geometry":{"coordinates":[1.993318e6,-1.677537e6],"type":"Point"},"properties":{"alt":"","lat":-66.35,"lon":130.083,"name":"Morse Glacier","source":"SCAR CGA 9877 (United States of America)","tier":3,"type":"glacier"},"type":"Feature"},{"geometry":{"coordinates":[153786.0,-723506.0],"type":"Point"},"properties":{"alt":"","lat":-83.2,"lon":168.0,"name":"Morton Glacier","source":"SCAR CGA 9881 (United States of America)","tier":3,"type":"glacier"},"type":"Feature"},{"geometry":{"coordinates":[-1.622714e6,874958.0],"type":"Point"},"properties":{"alt":"","lat":-73.15,"lon":-61.667,"name":"Mosby Glacier","source":"SCAR CGA 9884 (United States of America)","tier":3,"type":"glacier"},"type":"Feature"},{"geometry":{"coordinates":[2.17014e6,-1.303952e6],"type":"Point"},"properties":{"alt":"Moskovskogo Universiteta, shel'fovyj lednik","lat":-67.0,"lon":121.0,"name":"Moscow University Ice Shelf","source":"SCAR CGA 9889 (United States of America)","tier":3,"type":"iceshelf"},"type":"Feature"},{"geometry":{"coordinates":[-2.458976e6,1.287342e6],"type":"Point"},"properties":{"alt":"Moser, glaciar","lat":-64.85,"lon":-62.367,"name":"Moser Glacier","source":"SCAR CGA 9885 (United States of America)","tier":3,"type":"glacier"},"type":"Feature"},{"geometry":{"coordinates":[53841.0,2.177048e6],"type":"Point"},"properties":{"alt":"","lat":-70.15,"lon":1.417,"name":"Moskovskij, Kupol","source":"SCAR CGA 9887 (Russia)","tier":3,"type":"dome"},"type":"Feature"},{"geometry":{"coordinates":[-755523.0,1.153303e6],"type":"Point"},"properties":{"alt":"","lat":-77.36,"lon":-33.229,"name":"Mosley Ice Stream","source":"SCAR CGA 19272 (United Kingdom)","tier":3,"type":"glacier"},"type":"Feature"},{"geometry":{"coordinates":[334649.0,-1.957779e6],"type":"Point"},"properties":{"alt":"","lat":-71.867,"lon":170.3,"name":"Moubray Glacier","source":"SCAR CGA 9908 (United States of America)","tier":3,"type":"glacier"},"type":"Feature"},{"geometry":{"coordinates":[332577.0,-1.952487e6],"type":"Point"},"properties":{"alt":"","lat":-71.917,"lon":170.333,"name":"Moubray Piedmont Glacier","source":"SCAR CGA 9909 (United States of America)","tier":3,"type":"glacier"},"type":"Feature"},{"geometry":{"coordinates":[-2.479586e6,1.381067e6],"type":"Point"},"properties":{"alt":"Mouillard, glaciar","lat":-64.3,"lon":-60.883,"name":"Mouillard Glacier","source":"SCAR CGA 9910 (United States of America)","tier":3,"type":"glacier"},"type":"Feature"},{"geometry":{"coordinates":[-2.175195e6,743557.0],"type":"Point"},"properties":{"alt":"","lat":-69.069,"lon":-71.128,"name":"Mozgovitsa Glacier","source":"SCAR CGA 19867 (Bulgaria)","tier":3,"type":"glacier"},"type":"Feature"},{"geometry":{"coordinates":[25373.0,-581143.0],"type":"Point"},"properties":{"alt":"","lat":-84.65,"lon":177.5,"name":"Muck Glacier","source":"SCAR CGA 9934 (United States of America)","tier":3,"type":"glacier"},"type":"Feature"},{"geometry":{"coordinates":[2.132742e6,1.263814e6],"type":"Point"},"properties":{"alt":"Dovers Glacier","lat":-67.467,"lon":59.35,"name":"Mulebreen","source":"SCAR CGA 9948 (United States of America)","tier":3,"type":"glacier"},"type":"Feature"},{"geometry":{"coordinates":[409984.0,-1.126422e6],"type":"Point"},"properties":{"alt":"","lat":-79.0,"lon":160.0,"name":"Mulock Glacier","source":"SCAR CGA 9958 (United States of America)","tier":3,"type":"glacier"},"type":"Feature"},{"geometry":{"coordinates":[749568.0,2.022005e6],"type":"Point"},"properties":{"alt":"","lat":-70.34,"lon":20.34,"name":"Muninisen","source":"SCAR CGA 19997 (Norway)","tier":3,"type":"iceshelf"},"type":"Feature"},{"geometry":{"coordinates":[-2.633626e6,1.527802e6],"type":"Point"},"properties":{"alt":"","lat":-62.497,"lon":-59.881,"name":"Murgash Glacier","source":"SCAR CGA 17962 (Bulgaria)","tier":3,"type":"glacier"},"type":"Feature"},{"geometry":{"coordinates":[-2.329176e6,1.020823e6],"type":"Point"},"properties":{"alt":"Murphy, glaciar","lat":-66.9,"lon":-66.333,"name":"Murphy Glacier","source":"SCAR CGA 9987 (United States of America)","tier":3,"type":"glacier"},"type":"Feature"},{"geometry":{"coordinates":[1.95089e6,820079.0],"type":"Point"},"properties":{"alt":"","lat":-70.7,"lon":67.2,"name":"Murray Dome","source":"SCAR CGA 9993 (United States of America)","tier":3,"type":"dome"},"type":"Feature"},{"geometry":{"coordinates":[349085.0,-1.979761e6],"type":"Point"},"properties":{"alt":"","lat":-71.65,"lon":170.0,"name":"Murray Glacier","source":"SCAR CGA 9996 (United States of America)","tier":3,"type":"glacier"},"type":"Feature"},{"geometry":{"coordinates":[-1.831411e6,984053.0],"type":"Point"},"properties":{"alt":"","lat":-71.033,"lon":-61.75,"name":"Murrish Glacier","source":"SCAR CGA 10005 (United States of America)","tier":3,"type":"glacier"},"type":"Feature"},{"geometry":{"coordinates":[-2.622927e6,1.538026e6],"type":"Point"},"properties":{"alt":"","lat":-62.532,"lon":-59.614,"name":"Musala Glacier","source":"SCAR CGA 17974 (Bulgaria)","tier":3,"type":"glacier"},"type":"Feature"},{"geometry":{"coordinates":[526564.0,1.976656e6],"type":"Point"},"properties":{"alt":"Mushketovbreen, Mushketova, lednik","lat":-71.333,"lon":14.917,"name":"Mushketov Glacier","source":"SCAR CGA 10013 (United States of America)","tier":3,"type":"glacier"},"type":"Feature"},{"geometry":{"coordinates":[505625.0,-1.656554e6],"type":"Point"},"properties":{"alt":"","lat":-74.157,"lon":163.026,"name":"Mushroom, Ghiacciaio","source":"SCAR CGA 17188 (Italy)","tier":3,"type":"glacier"},"type":"Feature"},{"geometry":{"coordinates":[-1.789596e6,967631.0],"type":"Point"},"properties":{"alt":"","lat":-71.433,"lon":-61.6,"name":"Muus Glacier","source":"SCAR CGA 10025 (United States of America)","tier":3,"type":"glacier"},"type":"Feature"},{"geometry":{"coordinates":[-1.911485e6,-341062.0],"type":"Point"},"properties":{"alt":"","lat":-72.267,"lon":-100.117,"name":"Myers Glacier","source":"SCAR CGA 10027 (United States of America)","tier":3,"type":"glacier"},"type":"Feature"},{"geometry":{"coordinates":[-775690.0,395234.0],"type":"Point"},"properties":{"alt":"","lat":-82.0,"lon":-63.0,"name":"Möllereisstrom","source":"SCAR CGA 9738 (Germany)","tier":3,"type":"glacier"},"type":"Feature"},{"geometry":{"coordinates":[456569.0,-1.887232e6],"type":"Point"},"properties":{"alt":"","lat":-72.267,"lon":166.4,"name":"Müller Glacier","source":"SCAR CGA 9952 (United States of America)","tier":3,"type":"glacier"},"type":"Feature"},{"geometry":{"coordinates":[-2.302226e6,983565.0],"type":"Point"},"properties":{"alt":"","lat":-67.25,"lon":-66.867,"name":"Müller Ice Shelf","source":"SCAR CGA 9954 (United States of America)","tier":3,"type":"iceshelf"},"type":"Feature"},{"geometry":{"coordinates":[-1.9955e6,809611.0],"type":"Point"},"properties":{"alt":"","lat":-70.367,"lon":-67.917,"name":"Naess Glacier","source":"SCAR CGA 10040 (United States of America)","tier":3,"type":"glacier"},"type":"Feature"},{"geometry":{"coordinates":[990466.0,1.631165e6],"type":"Point"},"properties":{"alt":"","lat":-72.567,"lon":31.267,"name":"Namako Hyôga","source":"SCAR CGA 10058 (Japan)","tier":3,"type":"glacier"},"type":"Feature"},{"geometry":{"coordinates":[339028.0,-1.983395e6],"type":"Point"},"properties":{"alt":"","lat":-71.633,"lon":170.3,"name":"Nameless Glacier","source":"SCAR CGA 10059 (United States of America)","tier":3,"type":"glacier"},"type":"Feature"},{"geometry":{"coordinates":[-1.463025e6,782276.0],"type":"Point"},"properties":{"alt":"Huneeus, Glaciar","lat":-74.817,"lon":-61.867,"name":"Namuncura, glaciar","source":"SCAR CGA 10062 (Argentina)","tier":3,"type":"glacier"},"type":"Feature"},{"geometry":{"coordinates":[-2.128347e6,705029.0],"type":"Point"},"properties":{"alt":"","lat":-69.575,"lon":-71.672,"name":"Narechen Glacier","source":"SCAR CGA 18565 (Bulgaria)","tier":3,"type":"glacier"},"type":"Feature"},{"geometry":{"coordinates":[-2.298695e6,1.010253e6],"type":"Point"},"properties":{"alt":"","lat":-67.185,"lon":-66.275,"name":"Narezne Glacier","source":"SCAR CGA 19766 (Bulgaria)","tier":3,"type":"glacier"},"type":"Feature"},{"geometry":{"coordinates":[390201.0,-1.777204e6],"type":"Point"},"properties":{"alt":"","lat":-73.367,"lon":167.617,"name":"Nascent Glacier","source":"SCAR CGA 10089 (United States of America)","tier":3,"type":"glacier"},"type":"Feature"},{"geometry":{"coordinates":[421383.0,-2.011207e6],"type":"Point"},"properties":{"alt":"","lat":-71.25,"lon":168.167,"name":"Nash Glacier","source":"SCAR CGA 10090 (United States of America)","tier":3,"type":"glacier"},"type":"Feature"},{"geometry":{"coordinates":[-2.621951e6,1.61935e6],"type":"Point"},"properties":{"alt":"","lat":-62.175,"lon":-58.3,"name":"Nature Conservation Glacier","source":"SCAR CGA 10102 (Poland)","tier":3,"type":"glacier"},"type":"Feature"},{"geometry":{"coordinates":[1.972359e6,816978.0],"type":"Point"},"properties":{"alt":"","lat":-70.533,"lon":67.5,"name":"Nemesis Glacier","source":"SCAR CGA 10150 (United States of America)","tier":3,"type":"glacier"},"type":"Feature"},{"geometry":{"coordinates":[-2.262137e6,943180.0],"type":"Point"},"properties":{"alt":"","lat":-67.717,"lon":-67.367,"name":"Nemo Glacier","source":"SCAR CGA 10153 (United States of America)","tier":3,"type":"glacier"},"type":"Feature"},{"geometry":{"coordinates":[-2.191153e6,956531.0],"type":"Point"},"properties":{"alt":"","lat":-68.25,"lon":-66.417,"name":"Neny Glacier","source":"SCAR CGA 10157 (United States of America)","tier":3,"type":"glacier"},"type":"Feature"},{"geometry":{"coordinates":[-1.859002e6,740415.0],"type":"Point"},"properties":{"alt":"Neptuno, glaciar","lat":-71.733,"lon":-68.283,"name":"Neptune Glacier","source":"SCAR CGA 10162 (United States of America)","tier":3,"type":"glacier"},"type":"Feature"},{"geometry":{"coordinates":[-1.449521e6,-992508.0],"type":"Point"},"properties":{"alt":"","lat":-73.933,"lon":-124.4,"name":"Nereson Glacier","source":"SCAR CGA 17532 (United States of America)","tier":3,"type":"glacier"},"type":"Feature"},{"geometry":{"coordinates":[427752.0,-1.348445e6],"type":"Point"},"properties":{"alt":"","lat":-77.033,"lon":162.4,"name":"New Glacier","source":"SCAR CGA 10201 (United States of America)","tier":3,"type":"glacier"},"type":"Feature"},{"geometry":{"coordinates":[402397.0,-1.302613e6],"type":"Point"},"properties":{"alt":"","lat":-77.5,"lon":162.833,"name":"Newall Glacier","source":"SCAR CGA 10212 (United States of America)","tier":3,"type":"glacier"},"type":"Feature"},{"geometry":{"coordinates":[-1.328024e6,105684.0],"type":"Point"},"properties":{"alt":"","lat":-77.783,"lon":-85.45,"name":"Newcomer Glacier","source":"SCAR CGA 10217 (United States of America)","tier":3,"type":"glacier"},"type":"Feature"},{"geometry":{"coordinates":[340392.0,-1.977511e6],"type":"Point"},"properties":{"alt":"","lat":-71.683,"lon":170.233,"name":"Newnes Glacier","source":"SCAR CGA 10223 (United States of America)","tier":3,"type":"glacier"},"type":"Feature"},{"geometry":{"coordinates":[-892488.0,-1.274605e6],"type":"Point"},"properties":{"alt":"","lat":-75.75,"lon":-145.0,"name":"Nickerson Ice Shelf","source":"SCAR CGA 10249 (United States of America)","tier":3,"type":"iceshelf"},"type":"Feature"},{"geometry":{"coordinates":[362682.0,-1.99241e6],"type":"Point"},"properties":{"alt":"","lat":-71.517,"lon":169.683,"name":"Nielsen Glacier","source":"SCAR CGA 10258 (United States of America)","tier":3,"type":"glacier"},"type":"Feature"},{"geometry":{"coordinates":[-1.715861e6,440558.0],"type":"Point"},"properties":{"alt":"Afanasija Nikitina, lednik","lat":-73.8,"lon":-75.6,"name":"Nikitin Glacier","source":"SCAR CGA 100 (United States of America)","tier":3,"type":"glacier"},"type":"Feature"},{"geometry":{"coordinates":[-2.336356e6,-26506.0],"type":"Point"},"properties":{"alt":"Nils Larsen, Glaciar, Nils Larsenbreen","lat":-68.733,"lon":-90.65,"name":"Nils Larsen Glacier","source":"SCAR CGA 10273 (United States of America)","tier":3,"type":"glacier"},"type":"Feature"},{"geometry":{"coordinates":[-1.20355e6,101769.0],"type":"Point"},"properties":{"alt":"","lat":-78.917,"lon":-85.167,"name":"Nimitz Glacier","source":"SCAR CGA 10283 (United States of America)","tier":3,"type":"glacier"},"type":"Feature"},{"geometry":{"coordinates":[243364.0,-796007.0],"type":"Point"},"properties":{"alt":"","lat":-82.35,"lon":163.0,"name":"Nimrod Glacier","source":"SCAR CGA 10284 (United States of America)","tier":3,"type":"glacier"},"type":"Feature"},{"geometry":{"coordinates":[312180.0,-654499.0],"type":"Point"},"properties":{"alt":"","lat":-83.333,"lon":154.5,"name":"Nimrod Ice Stream","source":"SCAR CGA 10285 (Australia)","tier":3,"type":"glacier"},"type":"Feature"},{"geometry":{"coordinates":[1.294994e6,-1.994116e6],"type":"Point"},"properties":{"alt":"","lat":-68.367,"lon":147.0,"name":"Ninnis Glacier","source":"SCAR CGA 10289 (United States of America)","tier":3,"type":"glacier"},"type":"Feature"},{"geometry":{"coordinates":[847240.0,1.796406e6],"type":"Point"},"properties":{"alt":"Nipebreen","lat":-71.867,"lon":25.25,"name":"Nipe Glacier","source":"SCAR CGA 10291 (United States of America)","tier":3,"type":"glacier"},"type":"Feature"},{"geometry":{"coordinates":[1.558162e6,1.773618e6],"type":"Point"},"properties":{"alt":"Nisi-naga-iwa Hyôga, Darumabreen","lat":-68.517,"lon":41.3,"name":"Nishi-naga-iwa Glacier","source":"SCAR CGA 10297 (United States of America)","tier":3,"type":"glacier"},"type":"Feature"},{"geometry":{"coordinates":[-2.453941e6,1.230626e6],"type":"Point"},"properties":{"alt":"","lat":-65.117,"lon":-63.367,"name":"Niépce Glacier","source":"SCAR CGA 10260 (United States of America)","tier":3,"type":"glacier"},"type":"Feature"},{"geometry":{"coordinates":[-2.470147e6,1.34304e6],"type":"Point"},"properties":{"alt":"Nobile, glaciar","lat":-64.533,"lon":-61.467,"name":"Nobile Glacier","source":"SCAR CGA 10318 (United States of America)","tier":3,"type":"glacier"},"type":"Feature"},{"geometry":{"coordinates":[-2.636331e6,1.61977e6],"type":"Point"},"properties":{"alt":"","lat":-62.067,"lon":-58.433,"name":"Noble Glacier","source":"SCAR CGA 10319 (United States of America)","tier":3,"type":"glacier"},"type":"Feature"},{"geometry":{"coordinates":[799004.0,-2.097877e6],"type":"Point"},"properties":{"alt":"","lat":-69.55,"lon":159.15,"name":"Noll Glacier","source":"SCAR CGA 10339 (United States of America)","tier":3,"type":"glacier"},"type":"Feature"},{"geometry":{"coordinates":[-341274.0,-289422.0],"type":"Point"},"properties":{"alt":"","lat":-85.883,"lon":-130.3,"name":"Norfolk Glacier","source":"SCAR CGA 10363 (United States of America)","tier":3,"type":"glacier"},"type":"Feature"},{"geometry":{"coordinates":[-1.88129e6,779256.0],"type":"Point"},"properties":{"alt":"","lat":-71.417,"lon":-67.5,"name":"Norman Glacier","source":"SCAR CGA 10365 (United States of America)","tier":3,"type":"glacier"},"type":"Feature"},{"geometry":{"coordinates":[411170.0,-1.280645e6],"type":"Point"},"properties":{"alt":"","lat":-77.667,"lon":162.2,"name":"Norris Glacier","source":"SCAR CGA 16879 (United States of America)","tier":3,"type":"glacier"},"type":"Feature"},{"geometry":{"coordinates":[990466.0,1.631165e6],"type":"Point"},"properties":{"alt":"Norsk Polarinstitutt, Glacier","lat":-72.567,"lon":31.267,"name":"Norsk Polarinstitutt Glacier","source":"SCAR CGA 10377 (United States of America)","tier":3,"type":"glacier"},"type":"Feature"},{"geometry":{"coordinates":[2.538728e6,-396043.0],"type":"Point"},"properties":{"alt":"","lat":-66.667,"lon":98.867,"name":"Northcliffe Glacier","source":"SCAR CGA 10396 (United States of America)","tier":3,"type":"glacier"},"type":"Feature"},{"geometry":{"coordinates":[-2.210589e6,939856.0],"type":"Point"},"properties":{"alt":"Nordeste, glaciar","lat":-68.15,"lon":-66.967,"name":"Northeast Glacier","source":"SCAR CGA 10399 (United States of America)","tier":3,"type":"glacier"},"type":"Feature"},{"geometry":{"coordinates":[466493.0,-1.378195e6],"type":"Point"},"properties":{"alt":"","lat":-76.667,"lon":161.3,"name":"Northwind Glacier","source":"SCAR CGA 10407 (United States of America)","tier":3,"type":"glacier"},"type":"Feature"},{"geometry":{"coordinates":[-104852.0,-365661.0],"type":"Point"},"properties":{"alt":"","lat":-86.5,"lon":-164.0,"name":"Norway Glacier","source":"SCAR CGA 10416 (United States of America)","tier":3,"type":"glacier"},"type":"Feature"},{"geometry":{"coordinates":[-2.653609e6,1.387439e6],"type":"Point"},"properties":{"alt":"","lat":-62.935,"lon":-62.397,"name":"Nosei Glacier","source":"SCAR CGA 19741 (Bulgaria)","tier":3,"type":"glacier"},"type":"Feature"},{"geometry":{"coordinates":[236197.0,-767770.0],"type":"Point"},"properties":{"alt":"","lat":-82.617,"lon":162.9,"name":"Nottarp Glacier","source":"SCAR CGA 10423 (United States of America)","tier":3,"type":"glacier"},"type":"Feature"},{"geometry":{"coordinates":[2.618252e6,-495263.0],"type":"Point"},"properties":{"alt":"Novosil'skogo, Kupol","lat":-65.826,"lon":100.711,"name":"Novosilskogo Dome","source":"SCAR CGA 10432 (Australia)","tier":3,"type":"dome"},"type":"Feature"},{"geometry":{"coordinates":[-2.17964e6,931193.0],"type":"Point"},"properties":{"alt":"Nueve de Julio, glaciar","lat":-68.433,"lon":-66.867,"name":"Nueve de Julio Glacier","source":"SCAR CGA 10442 (United States of America)","tier":3,"type":"glacier"},"type":"Feature"},{"geometry":{"coordinates":[317337.0,-896133.0],"type":"Point"},"properties":{"alt":"","lat":-81.267,"lon":160.5,"name":"Nursery Glacier","source":"SCAR CGA 10454 (United States of America)","tier":3,"type":"glacier"},"type":"Feature"},{"geometry":{"coordinates":[-2.290643e6,948033.0],"type":"Point"},"properties":{"alt":"","lat":-67.467,"lon":-67.517,"name":"Nye Glacier","source":"SCAR CGA 10460 (United States of America)","tier":3,"type":"glacier"},"type":"Feature"},{"geometry":{"coordinates":[426578.0,-1.273672e6],"type":"Point"},"properties":{"alt":"","lat":-77.683,"lon":161.483,"name":"Nylen Glacier","source":"SCAR CGA 17743 (United States of America)","tier":3,"type":"glacier"},"type":"Feature"},{"geometry":{"coordinates":[485034.0,-2.046525e6],"type":"Point"},"properties":{"alt":"","lat":-70.817,"lon":166.667,"name":"O'Hara Glacier","source":"SCAR CGA 10476 (United States of America)","tier":3,"type":"glacier"},"type":"Feature"},{"geometry":{"coordinates":[494607.0,-1.627943e6],"type":"Point"},"properties":{"alt":"","lat":-74.433,"lon":163.1,"name":"O'Kane Glacier","source":"SCAR CGA 10479 (United States of America)","tier":3,"type":"glacier"},"type":"Feature"},{"geometry":{"coordinates":[427223.0,-1.730642e6],"type":"Point"},"properties":{"alt":"","lat":-73.7,"lon":166.133,"name":"Oakley Glacier","source":"SCAR CGA 10492 (United States of America)","tier":3,"type":"glacier"},"type":"Feature"},{"geometry":{"coordinates":[443749.0,-1.414561e6],"type":"Point"},"properties":{"alt":"","lat":-76.417,"lon":162.583,"name":"Oates Piedmont Glacier","source":"SCAR CGA 10496 (United States of America)","tier":3,"type":"glacier"},"type":"Feature"},{"geometry":{"coordinates":[894482.0,1.750479e6],"type":"Point"},"properties":{"alt":"Oberstbreen","lat":-72.05,"lon":27.067,"name":"Oberst Glacier","source":"SCAR CGA 10511 (United States of America)","tier":3,"type":"glacier"},"type":"Feature"},{"geometry":{"coordinates":[2.547828e6,-433984.0],"type":"Point"},"properties":{"alt":"","lat":-66.533,"lon":99.667,"name":"Obrucheva, lednik","source":"SCAR CGA 10520 (Russia)","tier":3,"type":"glacier"},"type":"Feature"},{"geometry":{"coordinates":[-832753.0,-1.215445e6],"type":"Point"},"properties":{"alt":"","lat":-76.5,"lon":-145.583,"name":"Ochs Glacier","source":"SCAR CGA 10536 (United States of America)","tier":3,"type":"glacier"},"type":"Feature"},{"geometry":{"coordinates":[497111.0,-1.359647e6],"type":"Point"},"properties":{"alt":"","lat":-76.733,"lon":159.917,"name":"Odell Glacier","source":"SCAR CGA 10544 (United States of America)","tier":3,"type":"glacier"},"type":"Feature"},{"geometry":{"coordinates":[427451.0,-1.284964e6],"type":"Point"},"properties":{"alt":"","lat":-77.583,"lon":161.6,"name":"Odin Glacier","source":"SCAR CGA 10546 (United States of America)","tier":3,"type":"glacier"},"type":"Feature"},{"geometry":{"coordinates":[432569.0,1.978414e6],"type":"Point"},"properties":{"alt":"","lat":-71.517,"lon":12.333,"name":"Oktjabr'skoj Revoljucii, lednik","source":"SCAR CGA 10576 (Russia)","tier":3,"type":"glacier"},"type":"Feature"},{"geometry":{"coordinates":[1.528136e6,1.772444e6],"type":"Point"},"properties":{"alt":"Oku-iwa Hyôga, Indrebergbreen","lat":-68.7,"lon":40.767,"name":"Oku-iwa Glacier","source":"SCAR CGA 10578 (United States of America)","tier":3,"type":"glacier"},"type":"Feature"},{"geometry":{"coordinates":[-345702.0,-263672.0],"type":"Point"},"properties":{"alt":"","lat":-86.0,"lon":-127.333,"name":"Olentangy Glacier","source":"SCAR CGA 10592 (United States of America)","tier":3,"type":"glacier"},"type":"Feature"},{"geometry":{"coordinates":[226308.0,-776426.0],"type":"Point"},"properties":{"alt":"","lat":-82.567,"lon":163.75,"name":"Oliver Glacier","source":"SCAR CGA 10597 (United States of America)","tier":3,"type":"glacier"},"type":"Feature"},{"geometry":{"coordinates":[433156.0,-1.829998e6],"type":"Point"},"properties":{"alt":"","lat":-72.817,"lon":166.683,"name":"Olson Glacier","source":"SCAR CGA 10608 (United States of America)","tier":3,"type":"glacier"},"type":"Feature"},{"geometry":{"coordinates":[-2.325109e6,-27730.0],"type":"Point"},"properties":{"alt":"Olstadbreen","lat":-68.833,"lon":-90.683,"name":"Olstad Glacier","source":"SCAR CGA 10613 (United States of America)","tier":3,"type":"glacier"},"type":"Feature"},{"geometry":{"coordinates":[1.541997e6,1.772821e6],"type":"Point"},"properties":{"alt":"Omega Hyôga, Omegabreen","lat":-68.617,"lon":41.017,"name":"Omega Glacier","source":"SCAR CGA 10619 (United States of America)","tier":3,"type":"glacier"},"type":"Feature"},{"geometry":{"coordinates":[369297.0,-1.989314e6],"type":"Point"},"properties":{"alt":"","lat":-71.533,"lon":169.483,"name":"Ommanney Glacier","source":"SCAR CGA 10630 (United States of America)","tier":3,"type":"glacier"},"type":"Feature"},{"geometry":{"coordinates":[-2.586646e6,1.873948e6],"type":"Point"},"properties":{"alt":"","lat":-61.2,"lon":-54.078,"name":"Orcho Glacier","source":"SCAR CGA 19534 (Bulgaria)","tier":3,"type":"glacier"},"type":"Feature"},{"geometry":{"coordinates":[425647.0,-1.300986e6],"type":"Point"},"properties":{"alt":"","lat":-77.45,"lon":161.883,"name":"Orestes Glacier","source":"SCAR CGA 16736 (United States of America)","tier":3,"type":"glacier"},"type":"Feature"},{"geometry":{"coordinates":[593867.0,-1.926411e6],"type":"Point"},"properties":{"alt":"","lat":-71.6,"lon":162.867,"name":"Orr Glacier","source":"SCAR CGA 10691 (United States of America)","tier":3,"type":"glacier"},"type":"Feature"},{"geometry":{"coordinates":[-2.323372e6,2.272571e6],"type":"Point"},"properties":{"alt":"","lat":-60.717,"lon":-45.633,"name":"Orwell Glacier","source":"SCAR CGA 10701 (United States of America)","tier":3,"type":"glacier"},"type":"Feature"},{"geometry":{"coordinates":[-2.162985e6,703840.0],"type":"Point"},"properties":{"alt":"","lat":-69.285,"lon":-71.975,"name":"Oselna Glacier","source":"SCAR CGA 19847 (Bulgaria)","tier":3,"type":"glacier"},"type":"Feature"},{"geometry":{"coordinates":[-2.537882e6,1.323013e6],"type":"Point"},"properties":{"alt":"","lat":-64.092,"lon":-62.467,"name":"Oshane Glacier","source":"SCAR CGA 19605 (Bulgaria)","tier":3,"type":"glacier"},"type":"Feature"},{"geometry":{"coordinates":[92921.0,-570554.0],"type":"Point"},"properties":{"alt":"","lat":-84.683,"lon":170.75,"name":"Osicki Glacier","source":"SCAR CGA 10711 (United States of America)","tier":3,"type":"glacier"},"type":"Feature"},{"geometry":{"coordinates":[431984.0,-1.858793e6],"type":"Point"},"properties":{"alt":"","lat":-72.567,"lon":166.917,"name":"Osuga Glacier","source":"SCAR CGA 10729 (United States of America)","tier":3,"type":"glacier"},"type":"Feature"},{"geometry":{"coordinates":[262249.0,-768886.0],"type":"Point"},"properties":{"alt":"","lat":-82.533,"lon":161.167,"name":"Otago Glacier","source":"SCAR CGA 10730 (United States of America)","tier":3,"type":"glacier"},"type":"Feature"},{"geometry":{"coordinates":[-2.41041e6,1.142831e6],"type":"Point"},"properties":{"alt":"","lat":-65.8,"lon":-64.633,"name":"Otlet Glacier","source":"SCAR CGA 10741 (United States of America)","tier":3,"type":"glacier"},"type":"Feature"},{"geometry":{"coordinates":[-2.652006e6,1.383819e6],"type":"Point"},"properties":{"alt":"","lat":-62.962,"lon":-62.444,"name":"Ovech Glacier","source":"SCAR CGA 18466 (Bulgaria)","tier":3,"type":"glacier"},"type":"Feature"},{"geometry":{"coordinates":[385426.0,-1.275251e6],"type":"Point"},"properties":{"alt":"","lat":-77.783,"lon":163.183,"name":"Overflow Glacier","source":"SCAR CGA 10772 (United States of America)","tier":3,"type":"glacier"},"type":"Feature"},{"geometry":{"coordinates":[425431.0,-1.014537e6],"type":"Point"},"properties":{"alt":"","lat":-79.9,"lon":157.25,"name":"Overturn Glacier","source":"SCAR CGA 10778 (United States of America)","tier":3,"type":"glacier"},"type":"Feature"},{"geometry":{"coordinates":[422574.0,-1.313539e6],"type":"Point"},"properties":{"alt":"","lat":-77.35,"lon":162.167,"name":"Packard Glacier","source":"SCAR CGA 10807 (United States of America)","tier":3,"type":"glacier"},"type":"Feature"},{"geometry":{"coordinates":[-1.29956e6,101896.0],"type":"Point"},"properties":{"alt":"","lat":-78.044,"lon":-85.517,"name":"Padala Glacier","source":"SCAR CGA 19452 (Bulgaria)","tier":3,"type":"glacier"},"type":"Feature"},{"geometry":{"coordinates":[417965.0,-1.236011e6],"type":"Point"},"properties":{"alt":"","lat":-78.033,"lon":161.317,"name":"Palais Glacier","source":"SCAR CGA 10832 (United States of America)","tier":3,"type":"glacier"},"type":"Feature"},{"geometry":{"coordinates":[-2.151176e6,716297.0],"type":"Point"},"properties":{"alt":"","lat":-69.35,"lon":-71.583,"name":"Palestrina Glacier","source":"SCAR CGA 10837 (United States of America)","tier":3,"type":"glacier"},"type":"Feature"},{"geometry":{"coordinates":[-2.528517e6,1.317665e6],"type":"Point"},"properties":{"alt":"","lat":-64.186,"lon":-62.475,"name":"Palilula Glacier","source":"SCAR CGA 19599 (Bulgaria)","tier":3,"type":"glacier"},"type":"Feature"},{"geometry":{"coordinates":[-2.100381e6,1.006334e6],"type":"Point"},"properties":{"alt":"","lat":-68.8,"lon":-64.4,"name":"Pan Glacier","source":"SCAR CGA 10864 (United States of America)","tier":3,"type":"glacier"},"type":"Feature"},{"geometry":{"coordinates":[-2.635472e6,1.514631e6],"type":"Point"},"properties":{"alt":"","lat":-62.54,"lon":-60.114,"name":"Panega Glacier","source":"SCAR CGA 17941 (Bulgaria)","tier":3,"type":"glacier"},"type":"Feature"},{"geometry":{"coordinates":[-1.491469e6,-779721.0],"type":"Point"},"properties":{"alt":"","lat":-74.6,"lon":-117.6,"name":"Paris Glacier","source":"SCAR CGA 20428 (United Kingdom)","tier":3,"type":"glacier"},"type":"Feature"},{"geometry":{"coordinates":[420643.0,1.967703e6],"type":"Point"},"properties":{"alt":"Parisbreen, Parizhskoj Kommuny, lednik","lat":-71.633,"lon":12.067,"name":"Parizhskaya Kommuna Glacier","source":"SCAR CGA 10900 (United States of America)","tier":3,"type":"glacier"},"type":"Feature"},{"geometry":{"coordinates":[-1.598792e6,-608388.0],"type":"Point"},"properties":{"alt":"","lat":-74.35,"lon":-110.833,"name":"Park Glacier","source":"SCAR CGA 10901 (United States of America)","tier":3,"type":"glacier"},"type":"Feature"},{"geometry":{"coordinates":[442517.0,-1.717267e6],"type":"Point"},"properties":{"alt":"","lat":-73.783,"lon":165.55,"name":"Parker Glacier","source":"SCAR CGA 10903 (United States of America)","tier":3,"type":"glacier"},"type":"Feature"},{"geometry":{"coordinates":[-1.138266e6,-824473.0],"type":"Point"},"properties":{"alt":"","lat":-77.117,"lon":-125.917,"name":"Parks Glacier","source":"SCAR CGA 10912 (United States of America)","tier":3,"type":"glacier"},"type":"Feature"},{"geometry":{"coordinates":[-2.527884e6,1.33186e6],"type":"Point"},"properties":{"alt":"","lat":-64.133,"lon":-62.217,"name":"Paré Glacier","source":"SCAR CGA 10894 (United States of America)","tier":3,"type":"glacier"},"type":"Feature"},{"geometry":{"coordinates":[-975760.0,-1.190733e6],"type":"Point"},"properties":{"alt":"","lat":-75.9,"lon":-140.667,"name":"Paschal Glacier","source":"SCAR CGA 10928 (United States of America)","tier":3,"type":"glacier"},"type":"Feature"},{"geometry":{"coordinates":[469722.0,-1.365464e6],"type":"Point"},"properties":{"alt":"","lat":-76.767,"lon":161.017,"name":"Pascoe Glacier","source":"SCAR CGA 10929 (United States of America)","tier":3,"type":"glacier"},"type":"Feature"},{"geometry":{"coordinates":[-2.529093e6,1.417328e6],"type":"Point"},"properties":{"alt":"","lat":-63.767,"lon":-60.733,"name":"Pastra Glacier","source":"SCAR CGA 18588 (Bulgaria)","tier":3,"type":"glacier"},"type":"Feature"},{"geometry":{"coordinates":[824625.0,-2.106003e6],"type":"Point"},"properties":{"alt":"","lat":-69.4,"lon":158.617,"name":"Paternostro Glacier","source":"SCAR CGA 10947 (United States of America)","tier":3,"type":"glacier"},"type":"Feature"},{"geometry":{"coordinates":[-1.275055e6,102214.0],"type":"Point"},"properties":{"alt":"","lat":-78.267,"lon":-85.417,"name":"Patton Glacier","source":"SCAR CGA 10962 (United States of America)","tier":3,"type":"glacier"},"type":"Feature"},{"geometry":{"coordinates":[-2.132623e6,753108.0],"type":"Point"},"properties":{"alt":"","lat":-69.4,"lon":-70.55,"name":"Paulus Glacier","source":"SCAR CGA 10973 (United States of America)","tier":3,"type":"glacier"},"type":"Feature"},{"geometry":{"coordinates":[-2.620053e6,1.520979e6],"type":"Point"},"properties":{"alt":"","lat":-62.629,"lon":-59.864,"name":"Pautalia Glacier","source":"SCAR CGA 17894 (Bulgaria)","tier":3,"type":"glacier"},"type":"Feature"},{"geometry":{"coordinates":[221140.0,-732452.0],"type":"Point"},"properties":{"alt":"","lat":-82.967,"lon":163.2,"name":"Pavlak Glacier","source":"SCAR CGA 10980 (United States of America)","tier":3,"type":"glacier"},"type":"Feature"},{"geometry":{"coordinates":[-1.967083e6,-231079.0],"type":"Point"},"properties":{"alt":"","lat":-71.917,"lon":-96.7,"name":"Payne Glacier","source":"SCAR CGA 17538 (United States of America)","tier":3,"type":"glacier"},"type":"Feature"},{"geometry":{"coordinates":[-1.902783e6,755929.0],"type":"Point"},"properties":{"alt":"","lat":-71.317,"lon":-68.333,"name":"Pearce Dome","source":"SCAR CGA 16606 (United States of America)","tier":3,"type":"dome"},"type":"Feature"},{"geometry":{"coordinates":[415135.0,-1.898678e6],"type":"Point"},"properties":{"alt":"","lat":-72.25,"lon":167.667,"name":"Pearl Harbor Glacier","source":"SCAR CGA 11003 (United States of America)","tier":3,"type":"glacier"},"type":"Feature"},{"geometry":{"coordinates":[403566.0,-970302.0],"type":"Point"},"properties":{"alt":"","lat":-80.35,"lon":157.417,"name":"Peckham Glacier","source":"SCAR CGA 11014 (United States of America)","tier":3,"type":"glacier"},"type":"Feature"},{"geometry":{"coordinates":[477592.0,-1.306262e6],"type":"Point"},"properties":{"alt":"","lat":-77.25,"lon":159.917,"name":"Pedalling Ice Field","source":"SCAR CGA 16737 (New Zealand)","tier":3,"type":"glacier"},"type":"Feature"},{"geometry":{"coordinates":[-1.955863e6,-287655.0],"type":"Point"},"properties":{"alt":"","lat":-71.95,"lon":-98.367,"name":"Pelter Glacier","source":"SCAR CGA 11039 (United States of America)","tier":3,"type":"glacier"},"type":"Feature"},{"geometry":{"coordinates":[-747984.0,1.080227e6],"type":"Point"},"properties":{"alt":"Penckgletscher","lat":-77.95,"lon":-34.7,"name":"Penck Glacier","source":"SCAR CGA 11050 (United States of America)","tier":3,"type":"glacier"},"type":"Feature"},{"geometry":{"coordinates":[-97356.0,1.857665e6],"type":"Point"},"properties":{"alt":"","lat":-73.0,"lon":-3.0,"name":"Penckmulde","source":"SCAR CGA 11052 (Germany)","tier":3,"type":"glacier"},"type":"Feature"},{"geometry":{"coordinates":[-2.620666e6,1.619612e6],"type":"Point"},"properties":{"alt":"","lat":-62.183,"lon":-58.283,"name":"Penderecki Glacier","source":"SCAR CGA 11056 (Poland)","tier":3,"type":"glacier"},"type":"Feature"},{"geometry":{"coordinates":[-2.386533e6,1.266272e6],"type":"Point"},"properties":{"alt":"","lat":-65.5,"lon":-62.05,"name":"Pequod Glacier","source":"SCAR CGA 11095 (United States of America)","tier":3,"type":"glacier"},"type":"Feature"},{"geometry":{"coordinates":[33578.0,-640714.0],"type":"Point"},"properties":{"alt":"","lat":-84.1,"lon":177.0,"name":"Perez Glacier","source":"SCAR CGA 11112 (United States of America)","tier":3,"type":"glacier"},"type":"Feature"},{"geometry":{"coordinates":[398188.0,-1.294331e6],"type":"Point"},"properties":{"alt":"","lat":-77.583,"lon":162.9,"name":"Perk Summit","source":"SCAR CGA 16740 (United States of America)","tier":3,"type":"glacier"},"type":"Feature"},{"geometry":{"coordinates":[-1.133228e6,-1.199055e6],"type":"Point"},"properties":{"alt":"","lat":-74.9,"lon":-136.617,"name":"Perkins Glacier","source":"SCAR CGA 11120 (United States of America)","tier":3,"type":"glacier"},"type":"Feature"},{"geometry":{"coordinates":[-2.477432e6,1.398463e6],"type":"Point"},"properties":{"alt":"","lat":-64.242,"lon":-60.556,"name":"Perkos Dome","source":"SCAR CGA 19545 (Bulgaria)","tier":3,"type":"dome"},"type":"Feature"},{"geometry":{"coordinates":[277727.0,2.158048e6],"type":"Point"},"properties":{"alt":"","lat":-70.167,"lon":7.333,"name":"Persej, Kupol","source":"SCAR CGA 11132 (Russia)","tier":3,"type":"dome"},"type":"Feature"},{"geometry":{"coordinates":[-2.631802e6,1.507247e6],"type":"Point"},"properties":{"alt":"","lat":-62.6,"lon":-60.2,"name":"Perunika Glacier","source":"SCAR CGA 11138 (United States of America)","tier":3,"type":"glacier"},"type":"Feature"},{"geometry":{"coordinates":[-2.260532e6,980563.0],"type":"Point"},"properties":{"alt":"Perutz, glaciar","lat":-67.6,"lon":-66.55,"name":"Perutz Glacier","source":"SCAR CGA 11139 (United States of America)","tier":3,"type":"glacier"},"type":"Feature"},{"geometry":{"coordinates":[-2.624454e6,1.496962e6],"type":"Point"},"properties":{"alt":"","lat":-62.7,"lon":-60.3,"name":"Peshtera Glacier","source":"SCAR CGA 17214 (United States of America)","tier":3,"type":"glacier"},"type":"Feature"},{"geometry":{"coordinates":[-36592.0,1.822872e6],"type":"Point"},"properties":{"alt":"Peterbreen","lat":-73.333,"lon":-1.15,"name":"Peter Glacier","source":"SCAR CGA 11147 (United States of America)","tier":3,"type":"glacier"},"type":"Feature"},{"geometry":{"coordinates":[-2.356149e6,1.03673e6],"type":"Point"},"properties":{"alt":"","lat":-66.625,"lon":-66.25,"name":"Peter Glacier","source":"SCAR CGA 19910 (United Kingdom)","tier":3,"type":"glacier"},"type":"Feature"},{"geometry":{"coordinates":[415987.0,-1.909283e6],"type":"Point"},"properties":{"alt":"","lat":-72.155,"lon":167.709,"name":"Peterman Glacier","source":"SCAR CGA 20107 (New Zealand)","tier":3,"type":"glacier"},"type":"Feature"},{"geometry":{"coordinates":[2.429489e6,-919641.0],"type":"Point"},"properties":{"alt":"","lat":-66.417,"lon":110.733,"name":"Peterson Glacier","source":"SCAR CGA 11161 (United States of America)","tier":3,"type":"glacier"},"type":"Feature"},{"geometry":{"coordinates":[1.730129e6,693677.0],"type":"Point"},"properties":{"alt":"","lat":-72.966,"lon":68.152,"name":"Petkovic Glacier","source":"SCAR CGA 11173 (Australia)","tier":3,"type":"glacier"},"type":"Feature"},{"geometry":{"coordinates":[325899.0,-1.354e6],"type":"Point"},"properties":{"alt":"","lat":-77.233,"lon":166.467,"name":"Petrel Glacier","source":"SCAR CGA 11180 (New Zealand)","tier":3,"type":"glacier"},"type":"Feature"},{"geometry":{"coordinates":[-2.483537e6,1.488327e6],"type":"Point"},"properties":{"alt":"","lat":-63.8,"lon":-59.067,"name":"Pettus Glacier","source":"SCAR CGA 11193 (United States of America)","tier":3,"type":"glacier"},"type":"Feature"},{"geometry":{"coordinates":[-2.326456e6,1.028181e6],"type":"Point"},"properties":{"alt":"","lat":-66.896,"lon":-66.157,"name":"Peyna Glacier","source":"SCAR CGA 19719 (Bulgaria)","tier":3,"type":"glacier"},"type":"Feature"},{"geometry":{"coordinates":[-2.348811e6,1.041669e6],"type":"Point"},"properties":{"alt":"","lat":-66.667,"lon":-66.083,"name":"Philippa Glacier","source":"SCAR CGA 18778 (United Kingdom)","tier":3,"type":"glacier"},"type":"Feature"},{"geometry":{"coordinates":[2.55893e6,74459.0],"type":"Point"},"properties":{"alt":"","lat":-66.75,"lon":88.333,"name":"Philippi Glacier","source":"SCAR CGA 11210 (United States of America)","tier":3,"type":"glacier"},"type":"Feature"},{"geometry":{"coordinates":[-298289.0,-335971.0],"type":"Point"},"properties":{"alt":"","lat":-85.867,"lon":-138.4,"name":"Phleger Dome","source":"SCAR CGA 11223 (United States of America)","tier":3,"type":"dome"},"type":"Feature"},{"geometry":{"coordinates":[-1.581621e6,-319957.0],"type":"Point"},"properties":{"alt":"","lat":-75.228,"lon":-101.436,"name":"Piglet Glacier","source":"SCAR CGA 20444 (United Kingdom)","tier":3,"type":"glacier"},"type":"Feature"},{"geometry":{"coordinates":[468922.0,-1.756169e6],"type":"Point"},"properties":{"alt":"","lat":-73.383,"lon":165.05,"name":"Pilot Glacier","source":"SCAR CGA 11266 (United States of America)","tier":3,"type":"glacier"},"type":"Feature"},{"geometry":{"coordinates":[-1.595756e6,-281375.0],"type":"Point"},"properties":{"alt":"","lat":-75.167,"lon":-100.0,"name":"Pine Island Glacier","source":"SCAR CGA 11280 (United States of America)","tier":3,"type":"glacier"},"type":"Feature"},{"geometry":{"coordinates":[1.675884e6,508109.0],"type":"Point"},"properties":{"alt":"Pionerskij, Kupol","lat":-73.983,"lon":73.133,"name":"Pionerskiy Dome","source":"SCAR CGA 11306 (United States of America)","tier":3,"type":"dome"},"type":"Feature"},{"geometry":{"coordinates":[378268.0,-1.225773e6],"type":"Point"},"properties":{"alt":"","lat":-78.233,"lon":162.85,"name":"Pipecleaner Glacier","source":"SCAR CGA 11310 (United States of America)","tier":3,"type":"glacier"},"type":"Feature"},{"geometry":{"coordinates":[-2.167838e6,707047.0],"type":"Point"},"properties":{"alt":"","lat":-69.235,"lon":-71.936,"name":"Pipkov Glacier","source":"SCAR CGA 19943 (Bulgaria)","tier":3,"type":"glacier"},"type":"Feature"},{"geometry":{"coordinates":[-2.519237e6,1.312829e6],"type":"Point"},"properties":{"alt":"","lat":-64.278,"lon":-62.475,"name":"Pirogov Glacier","source":"SCAR CGA 18576 (Bulgaria)","tier":3,"type":"glacier"},"type":"Feature"},{"geometry":{"coordinates":[393911.0,-2.001625e6],"type":"Point"},"properties":{"alt":"","lat":-71.383,"lon":168.867,"name":"Pitkevitch Glacier","source":"SCAR CGA 11324 (United States of America)","tier":3,"type":"glacier"},"type":"Feature"},{"geometry":{"coordinates":[718643.0,-1.992473e6],"type":"Point"},"properties":{"alt":"","lat":-70.683,"lon":160.167,"name":"Pitzman Glacier","source":"SCAR CGA 11330 (United States of America)","tier":3,"type":"glacier"},"type":"Feature"},{"geometry":{"coordinates":[430646.0,-1.285821e6],"type":"Point"},"properties":{"alt":"","lat":-77.567,"lon":161.483,"name":"Plane Table Glacier","source":"SCAR CGA 16742 (United States of America)","tier":3,"type":"glacier"},"type":"Feature"},{"geometry":{"coordinates":[469016.0,-1.907092e6],"type":"Point"},"properties":{"alt":"","lat":-72.067,"lon":166.183,"name":"Plata Glacier","source":"SCAR CGA 11344 (United States of America)","tier":3,"type":"glacier"},"type":"Feature"},{"geometry":{"coordinates":[-2.53095e6,1.34518e6],"type":"Point"},"properties":{"alt":"","lat":-64.055,"lon":-62.01,"name":"Pleystor Glacier","source":"SCAR CGA 19365 (Bulgaria)","tier":3,"type":"glacier"},"type":"Feature"},{"geometry":{"coordinates":[-1.080821e6,161530.0],"type":"Point"},"properties":{"alt":"","lat":-79.967,"lon":-81.5,"name":"Plummer Glacier","source":"SCAR CGA 11374 (United States of America)","tier":3,"type":"glacier"},"type":"Feature"},{"geometry":{"coordinates":[413890.0,-1.266299e6],"type":"Point"},"properties":{"alt":"","lat":-77.783,"lon":161.9,"name":"Plummet Glacier","source":"SCAR CGA 11375 (United States of America)","tier":3,"type":"glacier"},"type":"Feature"},{"geometry":{"coordinates":[-1.923954e6,763041.0],"type":"Point"},"properties":{"alt":"Plutón, glaciar","lat":-71.117,"lon":-68.367,"name":"Pluto Glacier","source":"SCAR CGA 11378 (United States of America)","tier":3,"type":"glacier"},"type":"Feature"},{"geometry":{"coordinates":[-2.46527e6,1.266976e6],"type":"Point"},"properties":{"alt":"","lat":-64.883,"lon":-62.8,"name":"Pluton Glacier","source":"SCAR CGA 16987 (Poland)","tier":3,"type":"glacier"},"type":"Feature"},{"geometry":{"coordinates":[-2.542121e6,1.327577e6],"type":"Point"},"properties":{"alt":"","lat":-64.04,"lon":-62.425,"name":"Podayva Glacier","source":"SCAR CGA 19610 (Bulgaria)","tier":3,"type":"glacier"},"type":"Feature"},{"geometry":{"coordinates":[-2.631264e6,1.656996e6],"type":"Point"},"properties":{"alt":"","lat":-61.933,"lon":-57.8,"name":"Poetry Glacier","source":"SCAR CGA 11395 (United States of America)","tier":3,"type":"glacier"},"type":"Feature"},{"geometry":{"coordinates":[-2.622802e6,1.605159e6],"type":"Point"},"properties":{"alt":"","lat":-62.233,"lon":-58.533,"name":"Polar Club Glacier","source":"SCAR CGA 11408 (United States of America)","tier":3,"type":"glacier"},"type":"Feature"},{"geometry":{"coordinates":[-2.631679e6,1.612695e6],"type":"Point"},"properties":{"alt":"","lat":-62.133,"lon":-58.5,"name":"Polar Committee Icefall","source":"SCAR CGA 11409 (United Kingdom)","tier":3,"type":"glacier"},"type":"Feature"},{"geometry":{"coordinates":[-2.639371e6,1.596364e6],"type":"Point"},"properties":{"alt":"","lat":-62.15,"lon":-58.833,"name":"Polar Friendship Glacier","source":"SCAR CGA 11410 (Poland)","tier":3,"type":"glacier"},"type":"Feature"},{"geometry":{"coordinates":[2.151688e6,556464.0],"type":"Point"},"properties":{"alt":"","lat":-69.75,"lon":75.5,"name":"Polar Record Glacier","source":"SCAR CGA 11411 (United States of America)","tier":3,"type":"glacier"},"type":"Feature"},{"geometry":{"coordinates":[2.140707e6,590320.0],"type":"Point"},"properties":{"alt":"","lat":-69.767,"lon":74.583,"name":"Polar Times Glacier","source":"SCAR CGA 11414 (United States of America)","tier":3,"type":"glacier"},"type":"Feature"},{"geometry":{"coordinates":[2.138903e6,568451.0],"type":"Point"},"properties":{"alt":"","lat":-69.833,"lon":75.117,"name":"Polarforschung Glacier","source":"SCAR CGA 11417 (United States of America)","tier":3,"type":"glacier"},"type":"Feature"},{"geometry":{"coordinates":[-2.452502e6,1.443671e6],"type":"Point"},"properties":{"alt":"Polaris, glaciar","lat":-64.233,"lon":-59.517,"name":"Polaris Glacier","source":"SCAR CGA 11419 (United States of America)","tier":3,"type":"glacier"},"type":"Feature"},{"geometry":{"coordinates":[2.172764e6,541731.0],"type":"Point"},"properties":{"alt":"Polarärboken Glacier","lat":-69.6,"lon":76.0,"name":"Polarårboken Glacier","source":"SCAR CGA 11415 (United States of America)","tier":3,"type":"glacier"},"type":"Feature"},{"geometry":{"coordinates":[-2.400331e6,1.159502e6],"type":"Point"},"properties":{"alt":"","lat":-65.817,"lon":-64.217,"name":"Pollard Glacier","source":"SCAR CGA 11437 (United States of America)","tier":3,"type":"glacier"},"type":"Feature"},{"geometry":{"coordinates":[-2.62935e6,1.635856e6],"type":"Point"},"properties":{"alt":"Polonia Glacier","lat":-62.045,"lon":-58.112,"name":"Polonia Piedmont Glacier","source":"SCAR CGA 11446 (United Kingdom)","tier":3,"type":"glacier"},"type":"Feature"},{"geometry":{"coordinates":[-1.493579e6,-584326.0],"type":"Point"},"properties":{"alt":"","lat":-75.317,"lon":-111.367,"name":"Pope Glacier","source":"SCAR CGA 11470 (United States of America)","tier":3,"type":"glacier"},"type":"Feature"},{"geometry":{"coordinates":[-2.466743e6,1.264106e6],"type":"Point"},"properties":{"alt":"","lat":-64.883,"lon":-62.867,"name":"Porphyry Glacier","source":"SCAR CGA 16990 (Poland)","tier":3,"type":"glacier"},"type":"Feature"},{"geometry":{"coordinates":[1.920372e6,1.649839e6],"type":"Point"},"properties":{"alt":"","lat":-67.0,"lon":49.333,"name":"Porter Ice Shelf","source":"SCAR CGA 11491 (Australia)","tier":3,"type":"iceshelf"},"type":"Feature"},{"geometry":{"coordinates":[2.550464e6,25966.0],"type":"Point"},"properties":{"alt":"","lat":-66.833,"lon":89.417,"name":"Posadowsky Glacier","source":"SCAR CGA 11499 (United States of America)","tier":3,"type":"glacier"},"type":"Feature"},{"geometry":{"coordinates":[460785.0,2.050221e6],"type":"Point"},"properties":{"alt":"","lat":-70.833,"lon":12.667,"name":"Potsdamgletscher","source":"SCAR CGA 16633 (Germany)","tier":3,"type":"glacier"},"type":"Feature"},{"geometry":{"coordinates":[387117.0,-1.205729e6],"type":"Point"},"properties":{"alt":"","lat":-78.383,"lon":162.2,"name":"Potter Glacier","source":"SCAR CGA 11522 (United States of America)","tier":3,"type":"glacier"},"type":"Feature"},{"geometry":{"coordinates":[424571.0,-1.814911e6],"type":"Point"},"properties":{"alt":"","lat":-72.967,"lon":166.833,"name":"Potts Glacier","source":"SCAR CGA 11527 (United States of America)","tier":3,"type":"glacier"},"type":"Feature"},{"geometry":{"coordinates":[-153561.0,-307995.0],"type":"Point"},"properties":{"alt":"","lat":-86.833,"lon":-153.5,"name":"Poulter Glacier","source":"SCAR CGA 11530 (United States of America)","tier":3,"type":"glacier"},"type":"Feature"},{"geometry":{"coordinates":[1.820376e6,-1.879578e6],"type":"Point"},"properties":{"alt":"Pourquoi Pas? Glacier, Pourquoi Pas, Glacier du","lat":-66.25,"lon":135.917,"name":"Pourquoi Pas Glacier","source":"SCAR CGA 11532 (United States of America)","tier":3,"type":"glacier"},"type":"Feature"},{"geometry":{"coordinates":[-2.632367e6,1.635319e6],"type":"Point"},"properties":{"alt":"","lat":-62.025,"lon":-58.15,"name":"Poznan Glacier","source":"SCAR CGA 11551 (Poland)","tier":3,"type":"glacier"},"type":"Feature"},{"geometry":{"coordinates":[166606.0,-600762.0],"type":"Point"},"properties":{"alt":"","lat":-84.267,"lon":164.5,"name":"Prebble Glacier","source":"SCAR CGA 11560 (United States of America)","tier":3,"type":"glacier"},"type":"Feature"},{"geometry":{"coordinates":[-2.620611e6,1.499824e6],"type":"Point"},"properties":{"alt":"","lat":-62.717,"lon":-60.217,"name":"Prespa Glacier","source":"SCAR CGA 17216 (United States of America)","tier":3,"type":"glacier"},"type":"Feature"},{"geometry":{"coordinates":[362301.0,-1.264884e6],"type":"Point"},"properties":{"alt":"","lat":-77.933,"lon":164.017,"name":"Priddy Glacier","source":"SCAR CGA 11592 (United States of America)","tier":3,"type":"glacier"},"type":"Feature"},{"geometry":{"coordinates":[490190.0,-1.640826e6],"type":"Point"},"properties":{"alt":"","lat":-74.333,"lon":163.367,"name":"Priestley Glacier","source":"SCAR CGA 11594 (United States of America)","tier":3,"type":"glacier"},"type":"Feature"},{"geometry":{"coordinates":[275156.0,-737245.0],"type":"Point"},"properties":{"alt":"","lat":-82.767,"lon":159.533,"name":"Prince Edward Glacier","source":"SCAR CGA 11613 (United States of America)","tier":3,"type":"glacier"},"type":"Feature"},{"geometry":{"coordinates":[-2.424875e6,1.485965e6],"type":"Point"},"properties":{"alt":"Prince Gustav Ice Shelf*","lat":-64.25,"lon":-58.5,"name":"Prince Gustav Ice Shelf","source":"SCAR CGA 11616 (United States of America)","tier":3,"type":"iceshelf"},"type":"Feature"},{"geometry":{"coordinates":[285827.0,-781765.0],"type":"Point"},"properties":{"alt":"","lat":-82.35,"lon":159.917,"name":"Prince Philip Glacier","source":"SCAR CGA 11621 (United States of America)","tier":3,"type":"glacier"},"type":"Feature"},{"geometry":{"coordinates":[268226.0,-743669.0],"type":"Point"},"properties":{"alt":"","lat":-82.733,"lon":160.167,"name":"Prince of Wales Glacier","source":"SCAR CGA 11618 (United States of America)","tier":3,"type":"glacier"},"type":"Feature"},{"geometry":{"coordinates":[269391.0,-714179.0],"type":"Point"},"properties":{"alt":"","lat":-82.983,"lon":159.333,"name":"Princess Anne Glacier","source":"SCAR CGA 11622 (United States of America)","tier":3,"type":"glacier"},"type":"Feature"},{"geometry":{"coordinates":[320592.0,-1.343966e6],"type":"Point"},"properties":{"alt":"","lat":-77.333,"lon":166.583,"name":"Prion Glacier","source":"SCAR CGA 11630 (New Zealand)","tier":3,"type":"glacier"},"type":"Feature"},{"geometry":{"coordinates":[1.941447e6,794267.0],"type":"Point"},"properties":{"alt":"","lat":-70.867,"lon":67.75,"name":"Priozërnyj, lednik","source":"SCAR CGA 11637 (Russia)","tier":3,"type":"glacier"},"type":"Feature"},{"geometry":{"coordinates":[-2.63058e6,1.62362e6],"type":"Point"},"properties":{"alt":"","lat":-62.092,"lon":-58.317,"name":"Professor Glacier","source":"SCAR CGA 11647 (Poland)","tier":3,"type":"glacier"},"type":"Feature"},{"geometry":{"coordinates":[-2.073219e6,865831.0],"type":"Point"},"properties":{"alt":"","lat":-69.533,"lon":-67.333,"name":"Prospect Glacier","source":"SCAR CGA 11663 (United States of America)","tier":3,"type":"glacier"},"type":"Feature"},{"geometry":{"coordinates":[741396.0,-2.055558e6],"type":"Point"},"properties":{"alt":"Prior Glacier","lat":-70.083,"lon":160.167,"name":"Pryor Glacier","source":"SCAR CGA 11680 (United States of America)","tier":3,"type":"glacier"},"type":"Feature"},{"geometry":{"coordinates":[394691.0,1.969279e6],"type":"Point"},"properties":{"alt":"Przheval'skogo, lednik","lat":-71.667,"lon":11.333,"name":"Przheval'skijbreen","source":"SCAR CGA 11683 (Norway)","tier":3,"type":"glacier"},"type":"Feature"},{"geometry":{"coordinates":[448243.0,-1.300155e6],"type":"Point"},"properties":{"alt":"","lat":-77.392,"lon":160.978,"name":"Puanu Glacier","source":"SCAR CGA 18010 (United States of America)","tier":3,"type":"glacier"},"type":"Feature"},{"geometry":{"coordinates":[2.162704e6,566032.0],"type":"Point"},"properties":{"alt":"Publication Ice Shelf","lat":-69.633,"lon":75.333,"name":"Publications Ice Shelf","source":"SCAR CGA 11690 (United States of America)","tier":3,"type":"iceshelf"},"type":"Feature"},{"geometry":{"coordinates":[-2.416081e6,1.287359e6],"type":"Point"},"properties":{"alt":"","lat":-65.183,"lon":-61.95,"name":"Punchbowl Glacier","source":"SCAR CGA 11707 (United States of America)","tier":3,"type":"glacier"},"type":"Feature"},{"geometry":{"coordinates":[-2.452955e6,1.43914e6],"type":"Point"},"properties":{"alt":"Pyke, glaciar","lat":-64.25,"lon":-59.6,"name":"Pyke Glacier","source":"SCAR CGA 11725 (United States of America)","tier":3,"type":"glacier"},"type":"Feature"},{"geometry":{"coordinates":[428988.0,-1.344197e6],"type":"Point"},"properties":{"alt":"","lat":-77.067,"lon":162.3,"name":"Pyne Glacier","source":"SCAR CGA 16886 (United States of America)","tier":3,"type":"glacier"},"type":"Feature"},{"geometry":{"coordinates":[-390317.0,2.008006e6],"type":"Point"},"properties":{"alt":"Quarisen","lat":-71.333,"lon":-11.0,"name":"Quar Ice Shelf","source":"SCAR CGA 11761 (United States of America)","tier":3,"type":"iceshelf"},"type":"Feature"},{"geometry":{"coordinates":[-2.295633e6,1.063163e6],"type":"Point"},"properties":{"alt":"","lat":-67.017,"lon":-65.15,"name":"Quartermain Glacier","source":"SCAR CGA 11764 (United States of America)","tier":3,"type":"glacier"},"type":"Feature"},{"geometry":{"coordinates":[-293934.0,379621.0],"type":"Point"},"properties":{"alt":"","lat":-85.583,"lon":-37.75,"name":"Quinteros, glaciar","source":"SCAR CGA 11794 (Argentina)","tier":3,"type":"glacier"},"type":"Feature"},{"geometry":{"coordinates":[-2.635663e6,1.535021e6],"type":"Point"},"properties":{"alt":"Quito, Glaciar","lat":-62.45,"lon":-59.783,"name":"Quito Glacier","source":"SCAR CGA 16621 (United States of America)","tier":3,"type":"glacier"},"type":"Feature"},{"geometry":{"coordinates":[-406159.0,-306989.0],"type":"Point"},"properties":{"alt":"","lat":-85.317,"lon":-127.083,"name":"Quonset Glacier","source":"SCAR CGA 11798 (United States of America)","tier":3,"type":"glacier"},"type":"Feature"},{"geometry":{"coordinates":[251576.0,-697508.0],"type":"Point"},"properties":{"alt":"","lat":-83.183,"lon":160.167,"name":"Rabot Glacier","source":"SCAR CGA 11804 (United States of America)","tier":3,"type":"glacier"},"type":"Feature"},{"geometry":{"coordinates":[-2.390917e6,1.53298e6],"type":"Point"},"properties":{"alt":"Rabot, Glaciar","lat":-64.283,"lon":-57.333,"name":"Rabot, glaciar","source":"SCAR CGA 11807 (Argentina)","tier":3,"type":"glacier"},"type":"Feature"},{"geometry":{"coordinates":[-2.377389e6,1.255221e6],"type":"Point"},"properties":{"alt":"","lat":-65.617,"lon":-62.167,"name":"Rachel Glacier","source":"SCAR CGA 11810 (United States of America)","tier":3,"type":"glacier"},"type":"Feature"},{"geometry":{"coordinates":[-1.827911e6,573418.0],"type":"Point"},"properties":{"alt":"","lat":-72.5,"lon":-72.583,"name":"Rachmaninoff Glacier","source":"SCAR CGA 18278 (United States of America)","tier":3,"type":"glacier"},"type":"Feature"},{"geometry":{"coordinates":[375590.0,-1.228501e6],"type":"Point"},"properties":{"alt":"","lat":-78.217,"lon":163.0,"name":"Radian Glacier","source":"SCAR CGA 11814 (United States of America)","tier":3,"type":"glacier"},"type":"Feature"},{"geometry":{"coordinates":[-835888.0,-1.217741e6],"type":"Point"},"properties":{"alt":"","lat":-76.467,"lon":-145.533,"name":"Ragle Glacier","source":"SCAR CGA 11829 (United States of America)","tier":3,"type":"glacier"},"type":"Feature"},{"geometry":{"coordinates":[411036.0,-1.004706e6],"type":"Point"},"properties":{"alt":"","lat":-80.033,"lon":157.75,"name":"Ragotzkie Glacier","source":"SCAR CGA 11830 (United States of America)","tier":3,"type":"glacier"},"type":"Feature"},{"geometry":{"coordinates":[-1.827911e6,573418.0],"type":"Point"},"properties":{"alt":"","lat":-72.5,"lon":-72.583,"name":"Rahmaninova, lednik","source":"SCAR CGA 11832 (Russia)","tier":3,"type":"glacier"},"type":"Feature"},{"geometry":{"coordinates":[519277.0,-1.70914e6],"type":"Point"},"properties":{"alt":"","lat":-73.667,"lon":163.1,"name":"Rainey Glacier","source":"SCAR CGA 11835 (United States of America)","tier":3,"type":"glacier"},"type":"Feature"},{"geometry":{"coordinates":[1.673418e6,1.738939e6],"type":"Point"},"properties":{"alt":"Rakuda Hyôga, Kamelbreen","lat":-68.05,"lon":43.9,"name":"Rakuda Glacier","source":"SCAR CGA 11840 (United States of America)","tier":3,"type":"glacier"},"type":"Feature"},{"geometry":{"coordinates":[-2.53559e6,1.320569e6],"type":"Point"},"properties":{"alt":"","lat":-64.119,"lon":-62.489,"name":"Ralitsa Glacier","source":"SCAR CGA 19604 (Bulgaria)","tier":3,"type":"glacier"},"type":"Feature"},{"geometry":{"coordinates":[-1.931192e6,509641.0],"type":"Point"},"properties":{"alt":"","lat":-71.767,"lon":-75.217,"name":"Rameau Ice Shelf","source":"SCAR CGA 11853 (United States of America)","tier":3,"type":"iceshelf"},"type":"Feature"},{"geometry":{"coordinates":[-1.260846e6,96280.0],"type":"Point"},"properties":{"alt":"","lat":-78.4,"lon":-85.633,"name":"Ramorino Glacier","source":"SCAR CGA 18280 (United States of America)","tier":3,"type":"glacier"},"type":"Feature"},{"geometry":{"coordinates":[-340162.0,801371.0],"type":"Point"},"properties":{"alt":"Pushkina, lednik","lat":-82.0,"lon":-23.0,"name":"Ramp Ice Stream","source":"SCAR CGA 11719 (United Kingdom)","tier":3,"type":"glacier"},"type":"Feature"},{"geometry":{"coordinates":[415804.0,-947229.0],"type":"Point"},"properties":{"alt":"","lat":-80.5,"lon":156.3,"name":"Ramseier Glacier","source":"SCAR CGA 11867 (United States of America)","tier":3,"type":"glacier"},"type":"Feature"},{"geometry":{"coordinates":[7085.0,-608878.0],"type":"Point"},"properties":{"alt":"","lat":-84.4,"lon":179.333,"name":"Ramsey Glacier","source":"SCAR CGA 11869 (United States of America)","tier":3,"type":"glacier"},"type":"Feature"},{"geometry":{"coordinates":[-1.775811e6,934299.0],"type":"Point"},"properties":{"alt":"","lat":-71.683,"lon":-62.25,"name":"Rankin Glacier","source":"SCAR CGA 11877 (United States of America)","tier":3,"type":"glacier"},"type":"Feature"},{"geometry":{"coordinates":[2.235055e6,488682.0],"type":"Point"},"properties":{"alt":"Ranvikbreen","lat":-69.167,"lon":77.667,"name":"Ranvik Glacier","source":"SCAR CGA 11881 (United States of America)","tier":3,"type":"glacier"},"type":"Feature"},{"geometry":{"coordinates":[444244.0,-1.93967e6],"type":"Point"},"properties":{"alt":"","lat":-71.833,"lon":167.1,"name":"Rastorfer Glacier","source":"SCAR CGA 11889 (United States of America)","tier":3,"type":"glacier"},"type":"Feature"},{"geometry":{"coordinates":[593120.0,-2.002341e6],"type":"Point"},"properties":{"alt":"","lat":-70.95,"lon":163.5,"name":"Rastorguev Glacier","source":"SCAR CGA 11890 (United States of America)","tier":3,"type":"glacier"},"type":"Feature"},{"geometry":{"coordinates":[526194.0,-1.91906e6],"type":"Point"},"properties":{"alt":"","lat":-71.833,"lon":164.667,"name":"Rawle Glacier","source":"SCAR CGA 11904 (United States of America)","tier":3,"type":"glacier"},"type":"Feature"},{"geometry":{"coordinates":[1.837459e6,1.630415e6],"type":"Point"},"properties":{"alt":"","lat":-67.667,"lon":48.417,"name":"Rayner Glacier","source":"SCAR CGA 11910 (United States of America)","tier":3,"type":"glacier"},"type":"Feature"},{"geometry":{"coordinates":[1.648887e6,710693.0],"type":"Point"},"properties":{"alt":"","lat":-73.583,"lon":66.683,"name":"Razdeljajushchij, lednik","source":"SCAR CGA 11916 (Russia)","tier":3,"type":"glacier"},"type":"Feature"},{"geometry":{"coordinates":[506689.0,-1.678234e6],"type":"Point"},"properties":{"alt":"","lat":-73.967,"lon":163.2,"name":"Rebuff Glacier","source":"SCAR CGA 11933 (United States of America)","tier":3,"type":"glacier"},"type":"Feature"},{"geometry":{"coordinates":[516551.0,-1.69839e6],"type":"Point"},"properties":{"alt":"","lat":-73.767,"lon":163.083,"name":"Recoil Glacier","source":"SCAR CGA 11943 (United States of America)","tier":3,"type":"glacier"},"type":"Feature"},{"geometry":{"coordinates":[-451438.0,849032.0],"type":"Point"},"properties":{"alt":"","lat":-81.167,"lon":-28.0,"name":"Recovery Glacier","source":"SCAR CGA 11945 (United States of America)","tier":3,"type":"glacier"},"type":"Feature"},{"geometry":{"coordinates":[-351885.0,-339811.0],"type":"Point"},"properties":{"alt":"","lat":-85.5,"lon":-134.0,"name":"Reedy Glacier","source":"SCAR CGA 11976 (United States of America)","tier":3,"type":"glacier"},"type":"Feature"},{"geometry":{"coordinates":[508028.0,-1.587078e6],"type":"Point"},"properties":{"alt":"","lat":-74.75,"lon":162.25,"name":"Reeves Glacier","source":"SCAR CGA 11982 (United States of America)","tier":3,"type":"glacier"},"type":"Feature"},{"geometry":{"coordinates":[-2.284758e6,957296.0],"type":"Point"},"properties":{"alt":"Reid, glaciar","lat":-67.483,"lon":-67.267,"name":"Reid Glacier","source":"SCAR CGA 12002 (United States of America)","tier":3,"type":"glacier"},"type":"Feature"},{"geometry":{"coordinates":[2.558739e6,-390020.0],"type":"Point"},"properties":{"alt":"","lat":-66.5,"lon":98.667,"name":"Reid Glacier","source":"SCAR CGA 12003 (United States of America)","tier":3,"type":"glacier"},"type":"Feature"},{"geometry":{"coordinates":[2.587362e6,-530323.0],"type":"Point"},"properties":{"alt":"","lat":-66.033,"lon":101.583,"name":"Remenchus Glacier","source":"SCAR CGA 12027 (United States of America)","tier":3,"type":"glacier"},"type":"Feature"},{"geometry":{"coordinates":[-1.240066e6,123775.0],"type":"Point"},"properties":{"alt":"","lat":-78.567,"lon":-84.3,"name":"Remington Glacier","source":"SCAR CGA 12029 (United States of America)","tier":3,"type":"glacier"},"type":"Feature"},{"geometry":{"coordinates":[-2.187524e6,941341.0],"type":"Point"},"properties":{"alt":"Remo, glaciar","lat":-68.333,"lon":-66.717,"name":"Remus Glacier","source":"SCAR CGA 12034 (United States of America)","tier":3,"type":"glacier"},"type":"Feature"},{"geometry":{"coordinates":[-2.460666e6,1.328629e6],"type":"Point"},"properties":{"alt":"Renard, glaciar","lat":-64.667,"lon":-61.633,"name":"Renard Glacier","source":"SCAR CGA 12035 (United States of America)","tier":3,"type":"glacier"},"type":"Feature"},{"geometry":{"coordinates":[-2.231689e6,1.013123e6],"type":"Point"},"properties":{"alt":"","lat":-67.717,"lon":-65.583,"name":"Renaud Glacier","source":"SCAR CGA 12037 (United States of America)","tier":3,"type":"glacier"},"type":"Feature"},{"geometry":{"coordinates":[367955.0,-1.213617e6],"type":"Point"},"properties":{"alt":"","lat":-78.367,"lon":163.133,"name":"Renegar Glacier","source":"SCAR CGA 12041 (United States of America)","tier":3,"type":"glacier"},"type":"Feature"},{"geometry":{"coordinates":[-1.150787e6,116893.0],"type":"Point"},"properties":{"alt":"","lat":-79.383,"lon":-84.2,"name":"Rennell Glacier","source":"SCAR CGA 12044 (United States of America)","tier":3,"type":"glacier"},"type":"Feature"},{"geometry":{"coordinates":[705072.0,-2.019016e6],"type":"Point"},"properties":{"alt":"Rennick, lednik","lat":-70.5,"lon":160.75,"name":"Rennick Glacier","source":"SCAR CGA 12047 (United States of America)","tier":3,"type":"glacier"},"type":"Feature"},{"geometry":{"coordinates":[681520.0,-2.046733e6],"type":"Point"},"properties":{"alt":"","lat":-70.333,"lon":161.583,"name":"Rennick, shel'fovyi lednik","source":"SCAR CGA 12050 (Russia)","tier":3,"type":"glacier"},"type":"Feature"},{"geometry":{"coordinates":[402687.0,-1.30441e6],"type":"Point"},"properties":{"alt":"","lat":-77.484,"lon":162.844,"name":"Repeater Glacier","source":"SCAR CGA 16888 (United States of America)","tier":3,"type":"glacier"},"type":"Feature"},{"geometry":{"coordinates":[-1.942231e6,605559.0],"type":"Point"},"properties":{"alt":"","lat":-71.433,"lon":-72.683,"name":"Reuning Glacier","source":"SCAR CGA 12066 (United States of America)","tier":3,"type":"glacier"},"type":"Feature"},{"geometry":{"coordinates":[370314.0,-1.994791e6],"type":"Point"},"properties":{"alt":"","lat":-71.483,"lon":169.483,"name":"Reusch Glacier","source":"SCAR CGA 12067 (United States of America)","tier":3,"type":"glacier"},"type":"Feature"},{"geometry":{"coordinates":[-1.931866e6,-342959.0],"type":"Point"},"properties":{"alt":"","lat":-72.083,"lon":-100.067,"name":"Rexford Glacier","source":"SCAR CGA 17545 (United States of America)","tier":3,"type":"glacier"},"type":"Feature"},{"geometry":{"coordinates":[-755809.0,-1.117027e6],"type":"Point"},"properties":{"alt":"","lat":-77.633,"lon":-145.917,"name":"Reynolds Glacier","source":"SCAR CGA 12076 (United States of America)","tier":3,"type":"glacier"},"type":"Feature"},{"geometry":{"coordinates":[-2.512183e6,1.264414e6],"type":"Point"},"properties":{"alt":"","lat":-64.526,"lon":-63.283,"name":"Rhesus Glacier","source":"SCAR CGA 18569 (Bulgaria)","tier":3,"type":"glacier"},"type":"Feature"},{"geometry":{"coordinates":[409309.0,-1.2774e6],"type":"Point"},"properties":{"alt":"","lat":-77.7,"lon":162.233,"name":"Rhone Glacier","source":"SCAR CGA 12099 (United States of America)","tier":3,"type":"glacier"},"type":"Feature"},{"geometry":{"coordinates":[-1.92055e6,949195.0],"type":"Point"},"properties":{"alt":"","lat":-70.467,"lon":-63.7,"name":"Richardson Glacier","source":"SCAR CGA 12110 (United States of America)","tier":3,"type":"glacier"},"type":"Feature"},{"geometry":{"coordinates":[-582419.0,-1.273094e6],"type":"Point"},"properties":{"alt":"","lat":-77.167,"lon":-155.417,"name":"Richter Glacier","source":"SCAR CGA 12119 (United States of America)","tier":3,"type":"glacier"},"type":"Feature"},{"geometry":{"coordinates":[256482.0,-824316.0],"type":"Point"},"properties":{"alt":"","lat":-82.067,"lon":162.717,"name":"Ricker Dome","source":"SCAR CGA 12124 (United States of America)","tier":3,"type":"dome"},"type":"Feature"},{"geometry":{"coordinates":[-2.369833e6,1.109269e6],"type":"Point"},"properties":{"alt":"","lat":-66.25,"lon":-64.917,"name":"Rickmers Glacier","source":"SCAR CGA 12126 (United States of America)","tier":3,"type":"glacier"},"type":"Feature"},{"geometry":{"coordinates":[401268.0,-1.770952e6],"type":"Point"},"properties":{"alt":"","lat":-73.4,"lon":167.233,"name":"Ridgeway Glacier","source":"SCAR CGA 12133 (United States of America)","tier":3,"type":"glacier"},"type":"Feature"},{"geometry":{"coordinates":[-1.80871e6,-384453.0],"type":"Point"},"properties":{"alt":"","lat":-73.1,"lon":-102.0,"name":"Rignot Glacier","source":"SCAR CGA 17546 (United States of America)","tier":3,"type":"glacier"},"type":"Feature"},{"geometry":{"coordinates":[-522945.0,1.823726e6],"type":"Point"},"properties":{"alt":"Riiser-Larsenisen","lat":-72.667,"lon":-16.0,"name":"Riiser-Larsen Ice Shelf","source":"SCAR CGA 12146 (United States of America)","tier":3,"type":"iceshelf"},"type":"Feature"},{"geometry":{"coordinates":[-2.034248e6,808156.0],"type":"Point"},"properties":{"alt":"","lat":-70.05,"lon":-68.333,"name":"Riley Glacier","source":"SCAR CGA 12149 (United States of America)","tier":3,"type":"glacier"},"type":"Feature"},{"geometry":{"coordinates":[467402.0,-1.31383e6],"type":"Point"},"properties":{"alt":"","lat":-77.217,"lon":160.417,"name":"Rim Glacier","source":"SCAR CGA 16753 (United States of America)","tier":3,"type":"glacier"},"type":"Feature"},{"geometry":{"coordinates":[433252.0,-1.321631e6],"type":"Point"},"properties":{"alt":"","lat":-77.25,"lon":161.85,"name":"Ringer Glacier","source":"SCAR CGA 16754 (United States of America)","tier":3,"type":"glacier"},"type":"Feature"},{"geometry":{"coordinates":[-1.303567e6,-1.018458e6],"type":"Point"},"properties":{"alt":"","lat":-74.86,"lon":-128.0,"name":"Rio Glacier","source":"SCAR CGA 20433 (United Kingdom)","tier":3,"type":"glacier"},"type":"Feature"},{"geometry":{"coordinates":[2.142201e6,1.41879e6],"type":"Point"},"properties":{"alt":"","lat":-66.667,"lon":56.483,"name":"Rippon Glacier","source":"SCAR CGA 12171 (United States of America)","tier":3,"type":"glacier"},"type":"Feature"},{"geometry":{"coordinates":[-2.654484e6,1.389206e6],"type":"Point"},"properties":{"alt":"","lat":-62.921,"lon":-62.375,"name":"Ritya Glacier","source":"SCAR CGA 19738 (Bulgaria)","tier":3,"type":"glacier"},"type":"Feature"},{"geometry":{"coordinates":[360450.0,-1.250175e6],"type":"Point"},"properties":{"alt":"","lat":-78.067,"lon":163.917,"name":"Rivard Glacier","source":"SCAR CGA 12190 (United States of America)","tier":3,"type":"glacier"},"type":"Feature"},{"geometry":{"coordinates":[2.552521e6,10010.0],"type":"Point"},"properties":{"alt":"Rjadovoj, lednik","lat":-66.816,"lon":89.775,"name":"Rjadovoj Glacier","source":"SCAR CGA 12196 (Australia)","tier":3,"type":"glacier"},"type":"Feature"},{"geometry":{"coordinates":[-2.312269e6,2.294844e6],"type":"Point"},"properties":{"alt":"","lat":-60.65,"lon":-45.217,"name":"Roald Glacier","source":"SCAR CGA 12199 (United States of America)","tier":3,"type":"glacier"},"type":"Feature"},{"geometry":{"coordinates":[207436.0,-774160.0],"type":"Point"},"properties":{"alt":"","lat":-82.633,"lon":165.0,"name":"Robb Glacier","source":"SCAR CGA 12203 (United States of America)","tier":3,"type":"glacier"},"type":"Feature"},{"geometry":{"coordinates":[-1.930412e6,-294819.0],"type":"Point"},"properties":{"alt":"","lat":-72.167,"lon":-98.683,"name":"Robbins Glacier","source":"SCAR CGA 17547 (United States of America)","tier":3,"type":"glacier"},"type":"Feature"},{"geometry":{"coordinates":[2.090643e6,1.394286e6],"type":"Point"},"properties":{"alt":"","lat":-67.167,"lon":56.3,"name":"Robert Glacier","source":"SCAR CGA 12208 (United States of America)","tier":3,"type":"glacier"},"type":"Feature"},{"geometry":{"coordinates":[524180.0,-2.009955e6],"type":"Point"},"properties":{"alt":"","lat":-71.05,"lon":165.383,"name":"Robertson Glacier","source":"SCAR CGA 12223 (United States of America)","tier":3,"type":"glacier"},"type":"Feature"},{"geometry":{"coordinates":[-2.171887e6,985975.0],"type":"Point"},"properties":{"alt":"Robillard, glaciar","lat":-68.3,"lon":-65.583,"name":"Robillard Glacier","source":"SCAR CGA 12235 (United States of America)","tier":3,"type":"glacier"},"type":"Feature"},{"geometry":{"coordinates":[744644.0,-2.038506e6],"type":"Point"},"properties":{"alt":"","lat":-70.217,"lon":159.933,"name":"Robilliard Glacier","source":"SCAR CGA 12236 (United States of America)","tier":3,"type":"glacier"},"type":"Feature"},{"geometry":{"coordinates":[2.471648e6,-768257.0],"type":"Point"},"properties":{"alt":"","lat":-66.5,"lon":107.267,"name":"Robinson Glacier","source":"SCAR CGA 12242 (United States of America)","tier":3,"type":"glacier"},"type":"Feature"},{"geometry":{"coordinates":[-201409.0,-324840.0],"type":"Point"},"properties":{"alt":"","lat":-86.483,"lon":-148.2,"name":"Robison Glacier","source":"SCAR CGA 12250 (United States of America)","tier":3,"type":"glacier"},"type":"Feature"},{"geometry":{"coordinates":[431166.0,-1.341582e6],"type":"Point"},"properties":{"alt":"","lat":-77.083,"lon":162.183,"name":"Robson Glacier","source":"SCAR CGA 12254 (United States of America)","tier":3,"type":"glacier"},"type":"Feature"},{"geometry":{"coordinates":[-1.914013e6,-377829.0],"type":"Point"},"properties":{"alt":"","lat":-72.183,"lon":-101.167,"name":"Rochray Glacier","source":"SCAR CGA 12263 (United States of America)","tier":3,"type":"glacier"},"type":"Feature"},{"geometry":{"coordinates":[-228712.0,-420069.0],"type":"Point"},"properties":{"alt":"","lat":-85.6,"lon":-151.433,"name":"Roe Glacier","source":"SCAR CGA 12282 (United States of America)","tier":3,"type":"glacier"},"type":"Feature"},{"geometry":{"coordinates":[1.73833e6,695832.0],"type":"Point"},"properties":{"alt":"Vetvistyj, lednik","lat":-72.89,"lon":68.184,"name":"Rofe Glacier","source":"SCAR CGA 12286 (Australia)","tier":3,"type":"glacier"},"type":"Feature"},{"geometry":{"coordinates":[2.101138e6,639709.0],"type":"Point"},"properties":{"alt":"","lat":-69.983,"lon":73.067,"name":"Rogers Glacier","source":"SCAR CGA 12289 (United States of America)","tier":3,"type":"glacier"},"type":"Feature"},{"geometry":{"coordinates":[44404.0,1.931903e6],"type":"Point"},"properties":{"alt":"Rogstadbreen","lat":-72.35,"lon":1.317,"name":"Rogstad Glacier","source":"SCAR CGA 12296 (United States of America)","tier":3,"type":"glacier"},"type":"Feature"},{"geometry":{"coordinates":[-2.185624e6,931495.0],"type":"Point"},"properties":{"alt":"Rómulo, glaciar","lat":-68.383,"lon":-66.917,"name":"Romulus Glacier","source":"SCAR CGA 12329 (United States of America)","tier":3,"type":"glacier"},"type":"Feature"},{"geometry":{"coordinates":[-1.096375e6,607731.0],"type":"Point"},"properties":{"alt":"Edith Ronne, Tierra","lat":-78.5,"lon":-61.0,"name":"Ronne Ice Shelf","source":"SCAR CGA 12341 (United States of America)","tier":3,"type":"iceshelf"},"type":"Feature"},{"geometry":{"coordinates":[-1.501232e6,-574766.0],"type":"Point"},"properties":{"alt":"","lat":-75.283,"lon":-110.95,"name":"Roos Glacier","source":"SCAR CGA 12347 (United States of America)","tier":3,"type":"glacier"},"type":"Feature"},{"geometry":{"coordinates":[-2.61984e6,1.516836e6],"type":"Point"},"properties":{"alt":"","lat":-62.649,"lon":-59.93,"name":"Ropotamo Glacier","source":"SCAR CGA 17422 (Bulgaria)","tier":3,"type":"glacier"},"type":"Feature"},{"geometry":{"coordinates":[-1.815013e6,-252393.0],"type":"Point"},"properties":{"alt":"","lat":-73.25,"lon":-97.917,"name":"Rosanova Glacier","source":"SCAR CGA 17548 (United States of America)","tier":3,"type":"glacier"},"type":"Feature"},{"geometry":{"coordinates":[2.577088e6,-240580.0],"type":"Point"},"properties":{"alt":"","lat":-66.5,"lon":95.333,"name":"Roscoe Glacier","source":"SCAR CGA 12362 (United States of America)","tier":3,"type":"glacier"},"type":"Feature"},{"geometry":{"coordinates":[-2.638438e6,1.517034e6],"type":"Point"},"properties":{"alt":"","lat":-62.508,"lon":-60.102,"name":"Rose Valley Glacier","source":"SCAR CGA 17940 (Bulgaria)","tier":3,"type":"glacier"},"type":"Feature"},{"geometry":{"coordinates":[-1.147646e6,-1.053468e6],"type":"Point"},"properties":{"alt":"","lat":-75.733,"lon":-132.55,"name":"Rosenberg Glacier","source":"SCAR CGA 12369 (United States of America)","tier":3,"type":"glacier"},"type":"Feature"},{"geometry":{"coordinates":[-80634.0,-921654.0],"type":"Point"},"properties":{"alt":"","lat":-81.5,"lon":-175.0,"name":"Ross Ice Shelf","source":"SCAR CGA 12380 (United States of America)","tier":3,"type":"iceshelf"},"type":"Feature"},{"geometry":{"coordinates":[-2.15109e6,745584.0],"type":"Point"},"properties":{"alt":"","lat":-69.267,"lon":-70.883,"name":"Rosselin Glacier","source":"SCAR CGA 12386 (United States of America)","tier":3,"type":"glacier"},"type":"Feature"},{"geometry":{"coordinates":[-2.646249e6,1.473893e6],"type":"Point"},"properties":{"alt":"Rotch, monte","lat":-62.633,"lon":-60.883,"name":"Rotch Dome","source":"SCAR CGA 12395 (United States of America)","tier":3,"type":"dome"},"type":"Feature"},{"geometry":{"coordinates":[412281.0,-1.241772e6],"type":"Point"},"properties":{"alt":"","lat":-78.0,"lon":161.633,"name":"Rotunda Glacier","source":"SCAR CGA 12403 (United States of America)","tier":3,"type":"glacier"},"type":"Feature"},{"geometry":{"coordinates":[-2.073512e6,935499.0],"type":"Point"},"properties":{"alt":"","lat":-69.283,"lon":-65.717,"name":"Rotz Glacier","source":"SCAR CGA 12404 (United States of America)","tier":3,"type":"glacier"},"type":"Feature"},{"geometry":{"coordinates":[-2.399012e6,1.209202e6],"type":"Point"},"properties":{"alt":"","lat":-65.633,"lon":-63.25,"name":"Roundel Dome","source":"SCAR CGA 12415 (United States of America)","tier":3,"type":"dome"},"type":"Feature"},{"geometry":{"coordinates":[227882.0,-753201.0],"type":"Point"},"properties":{"alt":"","lat":-82.767,"lon":163.167,"name":"Rowland Glacier","source":"SCAR CGA 12430 (United States of America)","tier":3,"type":"glacier"},"type":"Feature"},{"geometry":{"coordinates":[438709.0,-2.003698e6],"type":"Point"},"properties":{"alt":"","lat":-71.283,"lon":167.65,"name":"Rowles Glacier","source":"SCAR CGA 12431 (United States of America)","tier":3,"type":"glacier"},"type":"Feature"},{"geometry":{"coordinates":[-2.465672e6,1.299083e6],"type":"Point"},"properties":{"alt":"","lat":-64.75,"lon":-62.217,"name":"Rozier Glacier","source":"SCAR CGA 12442 (United States of America)","tier":3,"type":"glacier"},"type":"Feature"},{"geometry":{"coordinates":[-1.900624e6,756350.0],"type":"Point"},"properties":{"alt":"","lat":-71.333,"lon":-68.3,"name":"Rubble Glacier","source":"SCAR CGA 16612 (United States of America)","tier":3,"type":"glacier"},"type":"Feature"},{"geometry":{"coordinates":[-1.101428e6,-1.185971e6],"type":"Point"},"properties":{"alt":"","lat":-75.183,"lon":-137.117,"name":"Rubey Glacier","source":"SCAR CGA 12448 (United States of America)","tier":3,"type":"glacier"},"type":"Feature"},{"geometry":{"coordinates":[-2.455425e6,1.281849e6],"type":"Point"},"properties":{"alt":"Rudolph, glaciar","lat":-64.9,"lon":-62.433,"name":"Rudolph Glacier","source":"SCAR CGA 12459 (United States of America)","tier":3,"type":"glacier"},"type":"Feature"},{"geometry":{"coordinates":[401344.0,-1.869445e6],"type":"Point"},"properties":{"alt":"","lat":-72.533,"lon":167.883,"name":"Rudolph Glacier","source":"SCAR CGA 12460 (United States of America)","tier":3,"type":"glacier"},"type":"Feature"},{"geometry":{"coordinates":[404074.0,-1.219429e6],"type":"Point"},"properties":{"alt":"","lat":-78.217,"lon":161.667,"name":"Ruecroft Glacier","source":"SCAR CGA 16758 (United States of America)","tier":3,"type":"glacier"},"type":"Feature"},{"geometry":{"coordinates":[-1.746823e6,901602.0],"type":"Point"},"properties":{"alt":"","lat":-72.05,"lon":-62.7,"name":"Runcorn Glacier","source":"SCAR CGA 12494 (United States of America)","tier":3,"type":"glacier"},"type":"Feature"},{"geometry":{"coordinates":[-2.649506e6,1.37884e6],"type":"Point"},"properties":{"alt":"","lat":-63.001,"lon":-62.507,"name":"Rupite Glacier","source":"SCAR CGA 18471 (Bulgaria)","tier":3,"type":"glacier"},"type":"Feature"},{"geometry":{"coordinates":[-2.51179e6,1.30106e6],"type":"Point"},"properties":{"alt":"Rush, glaciar","lat":-64.383,"lon":-62.617,"name":"Rush Glacier","source":"SCAR CGA 12512 (United States of America)","tier":3,"type":"glacier"},"type":"Feature"},{"geometry":{"coordinates":[-2.470773e6,1.523997e6],"type":"Point"},"properties":{"alt":"Russel del Este, Glaciar","lat":-63.733,"lon":-58.333,"name":"Russell East Glacier","source":"SCAR CGA 12518 (United States of America)","tier":3,"type":"glacier"},"type":"Feature"},{"geometry":{"coordinates":[-2.490494e6,1.506319e6],"type":"Point"},"properties":{"alt":"Arcondo, glaciar, Russel del Weste, Glaciar","lat":-63.667,"lon":-58.833,"name":"Russell West Glacier","source":"SCAR CGA 12520 (United States of America)","tier":3,"type":"glacier"},"type":"Feature"},{"geometry":{"coordinates":[398184.0,-1.219449e6],"type":"Point"},"properties":{"alt":"","lat":-78.233,"lon":161.917,"name":"Rutgers Glacier","source":"SCAR CGA 12537 (United States of America)","tier":3,"type":"glacier"},"type":"Feature"},{"geometry":{"coordinates":[123574.0,-508852.0],"type":"Point"},"properties":{"alt":"","lat":-85.183,"lon":166.35,"name":"Rutkowski Glacier","source":"SCAR CGA 12542 (United States of America)","tier":3,"type":"glacier"},"type":"Feature"},{"geometry":{"coordinates":[-2.623312e6,1.62019e6],"type":"Point"},"properties":{"alt":"","lat":-62.161,"lon":-58.3,"name":"Rybak Glacier","source":"SCAR CGA 12546 (Poland)","tier":3,"type":"glacier"},"type":"Feature"},{"geometry":{"coordinates":[-1.909879e6,797616.0],"type":"Point"},"properties":{"alt":"","lat":-71.117,"lon":-67.333,"name":"Ryder Glacier","source":"SCAR CGA 12552 (United States of America)","tier":3,"type":"glacier"},"type":"Feature"},{"geometry":{"coordinates":[-1.321338e6,97033.0],"type":"Point"},"properties":{"alt":"","lat":-77.85,"lon":-85.8,"name":"Sabazios Glacier","source":"SCAR CGA 19462 (Bulgaria)","tier":3,"type":"glacier"},"type":"Feature"},{"geometry":{"coordinates":[-2.490432e6,1.450438e6],"type":"Point"},"properties":{"alt":"","lat":-63.917,"lon":-59.783,"name":"Sabine Glacier","source":"SCAR CGA 12576 (United States of America)","tier":3,"type":"glacier"},"type":"Feature"},{"geometry":{"coordinates":[277727.0,2.158048e6],"type":"Point"},"properties":{"alt":"","lat":-70.167,"lon":7.333,"name":"Sadko, Kupol","source":"SCAR CGA 12589 (Russia)","tier":3,"type":"dome"},"type":"Feature"},{"geometry":{"coordinates":[846806.0,1.774034e6],"type":"Point"},"properties":{"alt":"Salbreen","lat":-72.05,"lon":25.517,"name":"Sal Glacier","source":"SCAR CGA 12614 (United States of America)","tier":3,"type":"glacier"},"type":"Feature"},{"geometry":{"coordinates":[377532.0,-1.241302e6],"type":"Point"},"properties":{"alt":"","lat":-78.1,"lon":163.083,"name":"Salient Glacier","source":"SCAR CGA 12620 (United States of America)","tier":3,"type":"glacier"},"type":"Feature"},{"geometry":{"coordinates":[-2.627647e6,1.491838e6],"type":"Point"},"properties":{"alt":"Sally Rocks, Lóbulo","lat":-62.698,"lon":-60.414,"name":"Sally Glacier","source":"SCAR CGA 12637 (United Kingdom)","tier":3,"type":"glacier"},"type":"Feature"},{"geometry":{"coordinates":[359824.0,-1.261777e6],"type":"Point"},"properties":{"alt":"","lat":-77.967,"lon":164.083,"name":"Salmon Glacier","source":"SCAR CGA 12641 (United States of America)","tier":3,"type":"glacier"},"type":"Feature"},{"geometry":{"coordinates":[-1.232097e6,111046.0],"type":"Point"},"properties":{"alt":"","lat":-78.65,"lon":-84.85,"name":"Saltzman Glacier","source":"SCAR CGA 18283 (United States of America)","tier":3,"type":"glacier"},"type":"Feature"},{"geometry":{"coordinates":[-555817.0,612265.0],"type":"Point"},"properties":{"alt":"","lat":-82.4,"lon":-42.233,"name":"San Martín Glacier","source":"SCAR CGA 12672 (United States of America)","tier":3,"type":"glacier"},"type":"Feature"},{"geometry":{"coordinates":[-214645.0,-378101.0],"type":"Point"},"properties":{"alt":"","lat":-86.0,"lon":-150.417,"name":"Sanctuary Glacier","source":"SCAR CGA 12686 (United States of America)","tier":3,"type":"glacier"},"type":"Feature"},{"geometry":{"coordinates":[1.973097e6,-1.645866e6],"type":"Point"},"properties":{"alt":"","lat":-66.667,"lon":129.833,"name":"Sandford Glacier","source":"SCAR CGA 12704 (United States of America)","tier":3,"type":"glacier"},"type":"Feature"},{"geometry":{"coordinates":[339203.0,1.956995e6],"type":"Point"},"properties":{"alt":"Sandhøhallet","lat":-71.867,"lon":9.833,"name":"Sandhøhallet Glacier","source":"SCAR CGA 12707 (United States of America)","tier":3,"type":"glacier"},"type":"Feature"},{"geometry":{"coordinates":[422999.0,-1.298e6],"type":"Point"},"properties":{"alt":"","lat":-77.483,"lon":161.95,"name":"Sandy Glacier","source":"SCAR CGA 12720 (United States of America)","tier":3,"type":"glacier"},"type":"Feature"},{"geometry":{"coordinates":[-2.657271e6,1.389843e6],"type":"Point"},"properties":{"alt":"","lat":-62.897,"lon":-62.389,"name":"Saparevo Glacier","source":"SCAR CGA 18472 (Bulgaria)","tier":3,"type":"glacier"},"type":"Feature"},{"geometry":{"coordinates":[-139739.0,-482030.0],"type":"Point"},"properties":{"alt":"","lat":-85.383,"lon":-163.833,"name":"Sargent Glacier","source":"SCAR CGA 12743 (United States of America)","tier":3,"type":"glacier"},"type":"Feature"},{"geometry":{"coordinates":[-1.835217e6,719831.0],"type":"Point"},"properties":{"alt":"Saturno, glaciar","lat":-72.0,"lon":-68.583,"name":"Saturn Glacier","source":"SCAR CGA 12752 (United States of America)","tier":3,"type":"glacier"},"type":"Feature"},{"geometry":{"coordinates":[-2.31144e6,981148.0],"type":"Point"},"properties":{"alt":"","lat":-67.183,"lon":-67.0,"name":"Saussure Glacier","source":"SCAR CGA 12764 (United States of America)","tier":3,"type":"glacier"},"type":"Feature"},{"geometry":{"coordinates":[-1.908395e6,-205633.0],"type":"Point"},"properties":{"alt":"","lat":-72.467,"lon":-96.15,"name":"Savage Glacier","source":"SCAR CGA 12765 (United States of America)","tier":3,"type":"glacier"},"type":"Feature"},{"geometry":{"coordinates":[-2.449036e6,1.248745e6],"type":"Point"},"properties":{"alt":"Sayce, glaciar","lat":-65.083,"lon":-62.983,"name":"Sayce Glacier","source":"SCAR CGA 12778 (United States of America)","tier":3,"type":"glacier"},"type":"Feature"},{"geometry":{"coordinates":[-680617.0,-1.151626e6],"type":"Point"},"properties":{"alt":"","lat":-77.733,"lon":-149.417,"name":"Scambos Glacier","source":"SCAR CGA 17551 (United States of America)","tier":3,"type":"glacier"},"type":"Feature"},{"geometry":{"coordinates":[-1.109733e6,123169.0],"type":"Point"},"properties":{"alt":"","lat":-79.75,"lon":-83.667,"name":"Schanz Glacier","source":"SCAR CGA 12801 (United States of America)","tier":3,"type":"glacier"},"type":"Feature"},{"geometry":{"coordinates":[-447825.0,956729.0],"type":"Point"},"properties":{"alt":"","lat":-80.3,"lon":-25.083,"name":"Schimper Glacier","source":"SCAR CGA 12817 (United States of America)","tier":3,"type":"glacier"},"type":"Feature"},{"geometry":{"coordinates":[543257.0,-1.956707e6],"type":"Point"},"properties":{"alt":"","lat":-71.467,"lon":164.483,"name":"Schindewolfgletscher","source":"SCAR CGA 12818 (Germany)","tier":3,"type":"glacier"},"type":"Feature"},{"geometry":{"coordinates":[427318.0,-1.273424e6],"type":"Point"},"properties":{"alt":"","lat":-77.683,"lon":161.45,"name":"Schlatter Glacier","source":"SCAR CGA 12826 (United States of America)","tier":3,"type":"glacier"},"type":"Feature"},{"geometry":{"coordinates":[-1.16424e6,128533.0],"type":"Point"},"properties":{"alt":"","lat":-79.25,"lon":-83.7,"name":"Schmidt Glacier","source":"SCAR CGA 12832 (United States of America)","tier":3,"type":"glacier"},"type":"Feature"},{"geometry":{"coordinates":[-1.140056e6,114128.0],"type":"Point"},"properties":{"alt":"","lat":-79.483,"lon":-84.283,"name":"Schneider Glacier","source":"SCAR CGA 12843 (United States of America)","tier":3,"type":"glacier"},"type":"Feature"},{"geometry":{"coordinates":[-2.481033e6,1.470203e6],"type":"Point"},"properties":{"alt":"","lat":-63.9,"lon":-59.35,"name":"Schoeling Glacier","source":"SCAR CGA 19906 (United Kingdom)","tier":3,"type":"glacier"},"type":"Feature"},{"geometry":{"coordinates":[419863.0,-1.318251e6],"type":"Point"},"properties":{"alt":"","lat":-77.317,"lon":162.333,"name":"Schultz Glacier","source":"SCAR CGA 12869 (United States of America)","tier":3,"type":"glacier"},"type":"Feature"},{"geometry":{"coordinates":[405525.0,-1.213162e6],"type":"Point"},"properties":{"alt":"","lat":-78.267,"lon":161.517,"name":"Schutt Glacier","source":"SCAR CGA 16764 (United States of America)","tier":3,"type":"glacier"},"type":"Feature"},{"geometry":{"coordinates":[512930.0,-2.032046e6],"type":"Point"},"properties":{"alt":"","lat":-70.883,"lon":165.833,"name":"Schwabengletscher","source":"SCAR CGA 12881 (Germany)","tier":3,"type":"glacier"},"type":"Feature"},{"geometry":{"coordinates":[-754647.0,1.091203e6],"type":"Point"},"properties":{"alt":"Schweitzergletscher","lat":-77.833,"lon":-34.667,"name":"Schweitzer Glacier","source":"SCAR CGA 12888 (United States of America)","tier":3,"type":"glacier"},"type":"Feature"},{"geometry":{"coordinates":[-129039.0,2.013601e6],"type":"Point"},"properties":{"alt":"Schyttbreen","lat":-71.583,"lon":-3.667,"name":"Schytt Glacier","source":"SCAR CGA 12891 (United States of America)","tier":3,"type":"glacier"},"type":"Feature"},{"geometry":{"coordinates":[2.164796e6,1.227278e6],"type":"Point"},"properties":{"alt":"","lat":-67.383,"lon":60.45,"name":"Scoble Glacier","source":"SCAR CGA 12892 (United States of America)","tier":3,"type":"glacier"},"type":"Feature"},{"geometry":{"coordinates":[2.546313e6,-464273.0],"type":"Point"},"properties":{"alt":"","lat":-66.5,"lon":100.333,"name":"Scott Glacier","source":"SCAR CGA 12902 (United States of America)","tier":3,"type":"glacier"},"type":"Feature"},{"geometry":{"coordinates":[-209733.0,-411624.0],"type":"Point"},"properties":{"alt":"Robert Scott Glacier","lat":-85.75,"lon":-153.0,"name":"Scott Glacier","source":"SCAR CGA 12903 (United States of America)","tier":3,"type":"glacier"},"type":"Feature"},{"geometry":{"coordinates":[357715.0,-1.991429e6],"type":"Point"},"properties":{"alt":"","lat":-71.533,"lon":169.817,"name":"Scott Keltie Glacier","source":"SCAR CGA 12906 (United States of America)","tier":3,"type":"glacier"},"type":"Feature"},{"geometry":{"coordinates":[449036.0,-1.351167e6],"type":"Point"},"properties":{"alt":"","lat":-76.95,"lon":161.617,"name":"Scrivener Glacier","source":"SCAR CGA 12919 (United States of America)","tier":3,"type":"glacier"},"type":"Feature"},{"geometry":{"coordinates":[471237.0,-1.349414e6],"type":"Point"},"properties":{"alt":"","lat":-76.9,"lon":160.75,"name":"Scudding Glacier","source":"SCAR CGA 12924 (United States of America)","tier":3,"type":"glacier"},"type":"Feature"},{"geometry":{"coordinates":[1.985729e6,842892.0],"type":"Point"},"properties":{"alt":"","lat":-70.333,"lon":67.0,"name":"Scylla Glacier","source":"SCAR CGA 12930 (United States of America)","tier":3,"type":"glacier"},"type":"Feature"},{"geometry":{"coordinates":[-2.632852e6,1.497693e6],"type":"Point"},"properties":{"alt":"","lat":-62.633,"lon":-60.367,"name":"Sea Lion Glacier","source":"SCAR CGA 12933 (United States of America)","tier":3,"type":"glacier"},"type":"Feature"},{"geometry":{"coordinates":[434731.0,-1.820117e6],"type":"Point"},"properties":{"alt":"","lat":-72.9,"lon":166.567,"name":"Seafarer Glacier","source":"SCAR CGA 12938 (United States of America)","tier":3,"type":"glacier"},"type":"Feature"},{"geometry":{"coordinates":[-1.090778e6,156537.0],"type":"Point"},"properties":{"alt":"","lat":-79.883,"lon":-81.833,"name":"Seal Glacier","source":"SCAR CGA 12942 (United States of America)","tier":3,"type":"glacier"},"type":"Feature"},{"geometry":{"coordinates":[2.13625e6,1.417532e6],"type":"Point"},"properties":{"alt":"","lat":-66.717,"lon":56.433,"name":"Seaton Glacier","source":"SCAR CGA 12956 (United States of America)","tier":3,"type":"glacier"},"type":"Feature"},{"geometry":{"coordinates":[567214.0,-1.740534e6],"type":"Point"},"properties":{"alt":"","lat":-73.267,"lon":161.95,"name":"Section Peak, Ghiacciaio","source":"SCAR CGA 17189 (Italy)","tier":3,"type":"glacier"},"type":"Feature"},{"geometry":{"coordinates":[-2.06944e6,779224.0],"type":"Point"},"properties":{"alt":"","lat":-69.85,"lon":-69.367,"name":"Sedgwick Glacier","source":"SCAR CGA 12972 (United States of America)","tier":3,"type":"glacier"},"type":"Feature"},{"geometry":{"coordinates":[395675.0,-926155.0],"type":"Point"},"properties":{"alt":"","lat":-80.75,"lon":156.867,"name":"Sefton Glacier","source":"SCAR CGA 12985 (United States of America)","tier":3,"type":"glacier"},"type":"Feature"},{"geometry":{"coordinates":[-2.081089e6,909205.0],"type":"Point"},"properties":{"alt":"","lat":-69.317,"lon":-66.4,"name":"Seller Glacier","source":"SCAR CGA 12997 (United States of America)","tier":3,"type":"glacier"},"type":"Feature"},{"geometry":{"coordinates":[387695.0,-994387.0],"type":"Point"},"properties":{"alt":"","lat":-80.2,"lon":158.7,"name":"Sennet Glacier","source":"SCAR CGA 13014 (United States of America)","tier":3,"type":"glacier"},"type":"Feature"},{"geometry":{"coordinates":[-1.713888e6,516366.0],"type":"Point"},"properties":{"alt":"","lat":-73.633,"lon":-73.233,"name":"Sentinel Ice Stream","source":"SCAR CGA 20082 (United Kingdom)","tier":3,"type":"glacier"},"type":"Feature"},{"geometry":{"coordinates":[697527.0,-2.033453e6],"type":"Point"},"properties":{"alt":"","lat":-70.4,"lon":161.067,"name":"Serrat Glacier","source":"SCAR CGA 13044 (United States of America)","tier":3,"type":"glacier"},"type":"Feature"},{"geometry":{"coordinates":[-1.938015e6,-360939.0],"type":"Point"},"properties":{"alt":"","lat":-72.0,"lon":-100.55,"name":"Sessums Glacier","source":"SCAR CGA 17555 (United States of America)","tier":3,"type":"glacier"},"type":"Feature"},{"geometry":{"coordinates":[-2.488103e6,1.546702e6],"type":"Point"},"properties":{"alt":"","lat":-63.5,"lon":-58.133,"name":"Sestrimo Glacier","source":"SCAR CGA 18596 (Bulgaria)","tier":3,"type":"glacier"},"type":"Feature"},{"geometry":{"coordinates":[-1.231017e6,102290.0],"type":"Point"},"properties":{"alt":"","lat":-78.667,"lon":-85.25,"name":"Severinghaus Glacier","source":"SCAR CGA 18287 (United States of America)","tier":3,"type":"glacier"},"type":"Feature"},{"geometry":{"coordinates":[1.760147e6,698075.0],"type":"Point"},"properties":{"alt":"","lat":-72.7,"lon":68.367,"name":"Severnyj, lednik","source":"SCAR CGA 13054 (Russia)","tier":3,"type":"glacier"},"type":"Feature"},{"geometry":{"coordinates":[-1.916144e6,986879.0],"type":"Point"},"properties":{"alt":"","lat":-70.35,"lon":-62.75,"name":"Shabica Glacier","source":"SCAR CGA 13062 (United States of America)","tier":3,"type":"glacier"},"type":"Feature"},{"geometry":{"coordinates":[-37665.0,-587753.0],"type":"Point"},"properties":{"alt":"","lat":-84.583,"lon":-176.333,"name":"Shackleton Glacier","source":"SCAR CGA 13065 (United States of America)","tier":3,"type":"glacier"},"type":"Feature"},{"geometry":{"coordinates":[2.604745e6,-459287.0],"type":"Point"},"properties":{"alt":"","lat":-66.0,"lon":100.0,"name":"Shackleton Ice Shelf","source":"SCAR CGA 13066 (United States of America)","tier":3,"type":"iceshelf"},"type":"Feature"},{"geometry":{"coordinates":[-2.31603e6,925563.0],"type":"Point"},"properties":{"alt":"Shambles, glaciar","lat":-67.333,"lon":-68.217,"name":"Shambles Glacier","source":"SCAR CGA 13082 (United States of America)","tier":3,"type":"glacier"},"type":"Feature"},{"geometry":{"coordinates":[34033.0,-584332.0],"type":"Point"},"properties":{"alt":"","lat":-84.617,"lon":176.667,"name":"Shanklin Glacier","source":"SCAR CGA 13086 (United States of America)","tier":3,"type":"glacier"},"type":"Feature"},{"geometry":{"coordinates":[-1.518907e6,820413.0],"type":"Point"},"properties":{"alt":"","lat":-74.208,"lon":-61.625,"name":"Shanklin Glacier","source":"SCAR CGA 20315 (United Kingdom)","tier":3,"type":"glacier"},"type":"Feature"},{"geometry":{"coordinates":[372005.0,-1.210477e6],"type":"Point"},"properties":{"alt":"","lat":-78.383,"lon":162.917,"name":"Shark Fin Glacier","source":"SCAR CGA 13095 (United States of America)","tier":3,"type":"glacier"},"type":"Feature"},{"geometry":{"coordinates":[-2.286394e6,996526.0],"type":"Point"},"properties":{"alt":"","lat":-67.333,"lon":-66.45,"name":"Sharp Glacier","source":"SCAR CGA 13099 (United States of America)","tier":3,"type":"glacier"},"type":"Feature"},{"geometry":{"coordinates":[468114.0,-1.354378e6],"type":"Point"},"properties":{"alt":"","lat":-76.867,"lon":160.933,"name":"Sharpend Glacier","source":"SCAR CGA 13103 (United States of America)","tier":3,"type":"glacier"},"type":"Feature"},{"geometry":{"coordinates":[335515.0,-881706.0],"type":"Point"},"properties":{"alt":"","lat":-81.333,"lon":159.167,"name":"Shcheglova, lednik","source":"SCAR CGA 13113 (Russia)","tier":3,"type":"glacier"},"type":"Feature"},{"geometry":{"coordinates":[322579.0,-1.345367e6],"type":"Point"},"properties":{"alt":"","lat":-77.317,"lon":166.517,"name":"Shearwater Glacier","source":"SCAR CGA 13124 (New Zealand)","tier":3,"type":"glacier"},"type":"Feature"},{"geometry":{"coordinates":[321049.0,-1.347621e6],"type":"Point"},"properties":{"alt":"","lat":-77.3,"lon":166.6,"name":"Sheathbill Glacier","source":"SCAR CGA 13126 (New Zealand)","tier":3,"type":"glacier"},"type":"Feature"},{"geometry":{"coordinates":[632014.0,-1.992362e6],"type":"Point"},"properties":{"alt":"","lat":-70.933,"lon":162.4,"name":"Sheehan Glacier","source":"SCAR CGA 13127 (United States of America)","tier":3,"type":"glacier"},"type":"Feature"},{"geometry":{"coordinates":[-2.301228e6,911897.0],"type":"Point"},"properties":{"alt":"","lat":-67.5,"lon":-68.383,"name":"Sheldon Glacier","source":"SCAR CGA 13138 (United States of America)","tier":3,"type":"glacier"},"type":"Feature"},{"geometry":{"coordinates":[326218.0,-1.350146e6],"type":"Point"},"properties":{"alt":"","lat":-77.267,"lon":166.417,"name":"Shell Glacier","source":"SCAR CGA 13139 (United States of America)","tier":3,"type":"glacier"},"type":"Feature"},{"geometry":{"coordinates":[2.183613e6,543096.0],"type":"Point"},"properties":{"alt":"Shennong Bingchuan","lat":-69.503,"lon":76.033,"name":"Shennong Glacier","source":"SCAR CGA 13148 (United States of America)","tier":3,"type":"glacier"},"type":"Feature"},{"geometry":{"coordinates":[-1.630594e6,-274331.0],"type":"Point"},"properties":{"alt":"","lat":-74.867,"lon":-99.55,"name":"Shepherd Dome","source":"SCAR CGA 13152 (United States of America)","tier":3,"type":"dome"},"type":"Feature"},{"geometry":{"coordinates":[1.682583e6,668571.0],"type":"Point"},"properties":{"alt":"","lat":-73.448,"lon":68.33,"name":"Sheraton Glacier","source":"SCAR CGA 13156 (Australia)","tier":3,"type":"glacier"},"type":"Feature"},{"geometry":{"coordinates":[1.706082e6,1.728061e6],"type":"Point"},"properties":{"alt":"Sinnan Hyôga, Carnebreen","lat":-67.917,"lon":44.633,"name":"Shinnan Glacier","source":"SCAR CGA 13176 (United States of America)","tier":3,"type":"glacier"},"type":"Feature"},{"geometry":{"coordinates":[381217.0,-1.998409e6],"type":"Point"},"properties":{"alt":"","lat":-71.433,"lon":169.2,"name":"Shipley Glacier","source":"SCAR CGA 13183 (United States of America)","tier":3,"type":"glacier"},"type":"Feature"},{"geometry":{"coordinates":[1.367752e6,1.704184e6],"type":"Point"},"properties":{"alt":"Shirase Hyôga, Shirasebreen","lat":-70.083,"lon":38.75,"name":"Shirase Glacier","source":"SCAR CGA 13189 (United States of America)","tier":3,"type":"glacier"},"type":"Feature"},{"geometry":{"coordinates":[466451.0,-1.710921e6],"type":"Point"},"properties":{"alt":"","lat":-73.783,"lon":164.75,"name":"Shoemaker Glacier","source":"SCAR CGA 13207 (United States of America)","tier":3,"type":"glacier"},"type":"Feature"},{"geometry":{"coordinates":[-2.245537e6,943937.0],"type":"Point"},"properties":{"alt":"","lat":-67.85,"lon":-67.2,"name":"Shoesmith Glacier","source":"SCAR CGA 13209 (United States of America)","tier":3,"type":"glacier"},"type":"Feature"},{"geometry":{"coordinates":[-2.534005e6,1.353823e6],"type":"Point"},"properties":{"alt":"","lat":-63.996,"lon":-61.886,"name":"Shterna Glacier","source":"SCAR CGA 19371 (Bulgaria)","tier":3,"type":"glacier"},"type":"Feature"},{"geometry":{"coordinates":[-1.046375e6,-1.225148e6],"type":"Point"},"properties":{"alt":"","lat":-75.25,"lon":-139.5,"name":"Shuman Glacier","source":"SCAR CGA 17557 (United States of America)","tier":3,"type":"glacier"},"type":"Feature"},{"geometry":{"coordinates":[-2.072004e6,750738.0],"type":"Point"},"properties":{"alt":"","lat":-69.917,"lon":-70.083,"name":"Sibelius Glacier","source":"SCAR CGA 13238 (United States of America)","tier":3,"type":"glacier"},"type":"Feature"},{"geometry":{"coordinates":[82813.0,-617912.0],"type":"Point"},"properties":{"alt":"","lat":-84.267,"lon":172.367,"name":"Siege Dome","source":"SCAR CGA 13252 (United States of America)","tier":3,"type":"dome"},"type":"Feature"},{"geometry":{"coordinates":[-2.140589e6,676293.0],"type":"Point"},"properties":{"alt":"","lat":-69.55,"lon":-72.467,"name":"Siegfried Glacier","source":"SCAR CGA 13253 (United States of America)","tier":3,"type":"glacier"},"type":"Feature"},{"geometry":{"coordinates":[-900522.0,-1.248605e6],"type":"Point"},"properties":{"alt":"","lat":-75.9,"lon":-144.2,"name":"Siemiatkowski Glacier","source":"SCAR CGA 13256 (United States of America)","tier":3,"type":"glacier"},"type":"Feature"},{"geometry":{"coordinates":[-2.533013e6,1.350612e6],"type":"Point"},"properties":{"alt":"","lat":-64.017,"lon":-61.933,"name":"Sigmen Glacier","source":"SCAR CGA 18582 (Bulgaria)","tier":3,"type":"glacier"},"type":"Feature"},{"geometry":{"coordinates":[297003.0,1.963843e6],"type":"Point"},"properties":{"alt":"Sigynbreen","lat":-71.867,"lon":8.6,"name":"Sigyn Glacier","source":"SCAR CGA 13270 (United States of America)","tier":3,"type":"glacier"},"type":"Feature"},{"geometry":{"coordinates":[-1.970374e6,-290959.0],"type":"Point"},"properties":{"alt":"","lat":-71.817,"lon":-98.4,"name":"Sikorski Glacier","source":"SCAR CGA 13272 (United States of America)","tier":3,"type":"glacier"},"type":"Feature"},{"geometry":{"coordinates":[-2.489555e6,1.386619e6],"type":"Point"},"properties":{"alt":"Sikorsky, glaciar","lat":-64.2,"lon":-60.883,"name":"Sikorsky Glacier","source":"SCAR CGA 13273 (United States of America)","tier":3,"type":"glacier"},"type":"Feature"},{"geometry":{"coordinates":[346564.0,-898921.0],"type":"Point"},"properties":{"alt":"","lat":-81.15,"lon":158.917,"name":"Silk Glacier","source":"SCAR CGA 13274 (United States of America)","tier":3,"type":"glacier"},"type":"Feature"},{"geometry":{"coordinates":[-1.50172e6,-656085.0],"type":"Point"},"properties":{"alt":"","lat":-75.0,"lon":-113.6,"name":"Simmons Glacier","source":"SCAR CGA 13287 (United States of America)","tier":3,"type":"glacier"},"type":"Feature"},{"geometry":{"coordinates":[404259.0,-2.010932e6],"type":"Point"},"properties":{"alt":"","lat":-71.283,"lon":168.633,"name":"Simpson Glacier","source":"SCAR CGA 13300 (United States of America)","tier":3,"type":"glacier"},"type":"Feature"},{"geometry":{"coordinates":[-1.571772e6,-698155.0],"type":"Point"},"properties":{"alt":"","lat":-74.267,"lon":-113.95,"name":"Singer Glacier","source":"SCAR CGA 13315 (United States of America)","tier":3,"type":"glacier"},"type":"Feature"},{"geometry":{"coordinates":[-469383.0,-776061.0],"type":"Point"},"properties":{"alt":"","lat":-81.667,"lon":-148.833,"name":"Siple Dome","source":"SCAR CGA 16768 (United States of America)","tier":3,"type":"dome"},"type":"Feature"},{"geometry":{"coordinates":[-2.102818e6,827614.0],"type":"Point"},"properties":{"alt":"","lat":-69.417,"lon":-68.517,"name":"Sirocco Glacier","source":"SCAR CGA 13338 (United States of America)","tier":3,"type":"glacier"},"type":"Feature"},{"geometry":{"coordinates":[308465.0,-819932.0],"type":"Point"},"properties":{"alt":"","lat":-81.95,"lon":159.383,"name":"Sivjee Glacier","source":"SCAR CGA 17347 (United States of America)","tier":3,"type":"glacier"},"type":"Feature"},{"geometry":{"coordinates":[-2.439383e6,1.465729e6],"type":"Point"},"properties":{"alt":"Sjogren, Glaciar","lat":-64.233,"lon":-59.0,"name":"Sjögren Glacier","source":"SCAR CGA 13349 (United States of America)","tier":3,"type":"glacier"},"type":"Feature"},{"geometry":{"coordinates":[-1.321723e6,91652.0],"type":"Point"},"properties":{"alt":"","lat":-77.85,"lon":-86.033,"name":"Skaklya Glacier","source":"SCAR CGA 19459 (Bulgaria)","tier":3,"type":"glacier"},"type":"Feature"},{"geometry":{"coordinates":[1.421107e6,1.720878e6],"type":"Point"},"properties":{"alt":"Skallen Hyôga, Skallebreen","lat":-69.667,"lon":39.55,"name":"Skallen Glacier","source":"SCAR CGA 13365 (United States of America)","tier":3,"type":"glacier"},"type":"Feature"},{"geometry":{"coordinates":[-2.582543e6,1.863733e6],"type":"Point"},"properties":{"alt":"","lat":-61.281,"lon":-54.183,"name":"Skaplizo Glacier","source":"SCAR CGA 19523 (Bulgaria)","tier":3,"type":"glacier"},"type":"Feature"},{"geometry":{"coordinates":[405225.0,1.948195e6],"type":"Point"},"properties":{"alt":"Skarsbrotet","lat":-71.833,"lon":11.75,"name":"Skarsbrotet Glacier","source":"SCAR CGA 13377 (United States of America)","tier":3,"type":"glacier"},"type":"Feature"},{"geometry":{"coordinates":[398570.0,1.959032e6],"type":"Point"},"properties":{"alt":"Skarskvervet","lat":-71.75,"lon":11.5,"name":"Skarskvervet Glacier","source":"SCAR CGA 13382 (United States of America)","tier":3,"type":"glacier"},"type":"Feature"},{"geometry":{"coordinates":[374732.0,-829938.0],"type":"Point"},"properties":{"alt":"","lat":-81.633,"lon":155.7,"name":"Skellerup Glacier","source":"SCAR CGA 17348 (United States of America)","tier":3,"type":"glacier"},"type":"Feature"},{"geometry":{"coordinates":[394856.0,-1.180101e6],"type":"Point"},"properties":{"alt":"","lat":-78.583,"lon":161.5,"name":"Skelton Glacier","source":"SCAR CGA 13400 (New Zealand)","tier":3,"type":"glacier"},"type":"Feature"},{"geometry":{"coordinates":[-2.010503e6,812296.0],"type":"Point"},"properties":{"alt":"","lat":-70.233,"lon":-68.0,"name":"Skinner Glacier","source":"SCAR CGA 13415 (United States of America)","tier":3,"type":"glacier"},"type":"Feature"},{"geometry":{"coordinates":[2.472908e6,-436040.0],"type":"Point"},"properties":{"alt":"","lat":-67.183,"lon":100.0,"name":"Skrytyj, lednik","source":"SCAR CGA 13446 (Russia)","tier":3,"type":"glacier"},"type":"Feature"},{"geometry":{"coordinates":[292808.0,-712759.0],"type":"Point"},"properties":{"alt":"","lat":-82.917,"lon":157.667,"name":"Skua Glacier","source":"SCAR CGA 13449 (United States of America)","tier":3,"type":"glacier"},"type":"Feature"},{"geometry":{"coordinates":[392114.0,-1.23485e6],"type":"Point"},"properties":{"alt":"","lat":-78.117,"lon":162.383,"name":"Sladen Summit","source":"SCAR CGA 13467 (United States of America)","tier":3,"type":"glacier"},"type":"Feature"},{"geometry":{"coordinates":[993298.0,-2.104503e6],"type":"Point"},"properties":{"alt":"","lat":-68.817,"lon":154.733,"name":"Slava Ice Shelf","source":"SCAR CGA 13474 (United States of America)","tier":3,"type":"iceshelf"},"type":"Feature"},{"geometry":{"coordinates":[601602.0,-1.94346e6],"type":"Point"},"properties":{"alt":"","lat":-71.433,"lon":162.8,"name":"Sledgers Glacier","source":"SCAR CGA 13476 (United States of America)","tier":3,"type":"glacier"},"type":"Feature"},{"geometry":{"coordinates":[-2.32771e6,1.13614e6],"type":"Point"},"properties":{"alt":"Sleipnir, glaciar, Sleipnir, Glaciar","lat":-66.483,"lon":-63.983,"name":"Sleipnir Glacier","source":"SCAR CGA 13479 (United States of America)","tier":3,"type":"glacier"},"type":"Feature"},{"geometry":{"coordinates":[-528419.0,973226.0],"type":"Point"},"properties":{"alt":"Slessorbreen","lat":-79.833,"lon":-28.5,"name":"Slessor Glacier","source":"SCAR CGA 13480 (United States of America)","tier":3,"type":"glacier"},"type":"Feature"},{"geometry":{"coordinates":[168544.0,1.965986e6],"type":"Point"},"properties":{"alt":"Sloket","lat":-71.983,"lon":4.9,"name":"Sloket Glacier","source":"SCAR CGA 13490 (United States of America)","tier":3,"type":"glacier"},"type":"Feature"},{"geometry":{"coordinates":[-2.284636e6,897640.0],"type":"Point"},"properties":{"alt":"","lat":-67.683,"lon":-68.55,"name":"Sloman Glacier","source":"SCAR CGA 13493 (United States of America)","tier":3,"type":"glacier"},"type":"Feature"},{"geometry":{"coordinates":[341908.0,-1.948999e6],"type":"Point"},"properties":{"alt":"","lat":-71.933,"lon":170.05,"name":"Slone Glacier","source":"SCAR CGA 13495 (United States of America)","tier":3,"type":"glacier"},"type":"Feature"},{"geometry":{"coordinates":[-2.070893e6,750058.0],"type":"Point"},"properties":{"alt":"","lat":-69.928,"lon":-70.09,"name":"Smaug Glacier","source":"SCAR CGA 20359 (United Kingdom)","tier":3,"type":"glacier"},"type":"Feature"},{"geometry":{"coordinates":[-1.510923e6,-610452.0],"type":"Point"},"properties":{"alt":"","lat":-75.083,"lon":-112.0,"name":"Smith Glacier","source":"SCAR CGA 13527 (United States of America)","tier":3,"type":"glacier"},"type":"Feature"},{"geometry":{"coordinates":[-2.408833e6,1.159293e6],"type":"Point"},"properties":{"alt":"","lat":-65.75,"lon":-64.3,"name":"Smith Glacier","source":"SCAR CGA 19905 (United Kingdom)","tier":3,"type":"glacier"},"type":"Feature"},{"geometry":{"coordinates":[570995.0,-1.973951e6],"type":"Point"},"properties":{"alt":"","lat":-71.25,"lon":163.867,"name":"Smithson Glacier","source":"SCAR CGA 13545 (United States of America)","tier":3,"type":"glacier"},"type":"Feature"},{"geometry":{"coordinates":[89041.0,-541768.0],"type":"Point"},"properties":{"alt":"","lat":-84.95,"lon":170.667,"name":"Snakeskin Glacier","source":"SCAR CGA 13561 (United States of America)","tier":3,"type":"glacier"},"type":"Feature"},{"geometry":{"coordinates":[2.481431e6,-749188.0],"type":"Point"},"properties":{"alt":"","lat":-66.467,"lon":106.8,"name":"Snedeker Glacier","source":"SCAR CGA 13565 (United States of America)","tier":3,"type":"glacier"},"type":"Feature"},{"geometry":{"coordinates":[-2.18704e6,947174.0],"type":"Point"},"properties":{"alt":"","lat":-68.317,"lon":-66.583,"name":"Snowshoe Glacier","source":"SCAR CGA 13594 (United States of America)","tier":3,"type":"glacier"},"type":"Feature"},{"geometry":{"coordinates":[268038.0,1.939927e6],"type":"Point"},"properties":{"alt":"Snuggerudbreen","lat":-72.117,"lon":7.867,"name":"Snuggerud Glacier","source":"SCAR CGA 13599 (United States of America)","tier":3,"type":"glacier"},"type":"Feature"},{"geometry":{"coordinates":[-95303.0,1.94862e6],"type":"Point"},"properties":{"alt":"Snøhetta","lat":-72.183,"lon":-2.8,"name":"Snøhetta Dome","source":"SCAR CGA 13577 (United States of America)","tier":3,"type":"dome"},"type":"Feature"},{"geometry":{"coordinates":[117998.0,-674936.0],"type":"Point"},"properties":{"alt":"","lat":-83.7,"lon":170.083,"name":"Socks Glacier","source":"SCAR CGA 13607 (United States of America)","tier":3,"type":"glacier"},"type":"Feature"},{"geometry":{"coordinates":[-2.38156e6,1.119829e6],"type":"Point"},"properties":{"alt":"Sohm, glaciar","lat":-66.117,"lon":-64.817,"name":"Sohm Glacier","source":"SCAR CGA 13618 (United States of America)","tier":3,"type":"glacier"},"type":"Feature"},{"geometry":{"coordinates":[-2.628596e6,1.531925e6],"type":"Point"},"properties":{"alt":"Solís, Glaciar","lat":-62.517,"lon":-59.767,"name":"Solis Glacier","source":"SCAR CGA 13634 (United States of America)","tier":3,"type":"glacier"},"type":"Feature"},{"geometry":{"coordinates":[400577.0,-1.278242e6],"type":"Point"},"properties":{"alt":"","lat":-77.717,"lon":162.6,"name":"Sollas Glacier","source":"SCAR CGA 13639 (United States of America)","tier":3,"type":"glacier"},"type":"Feature"},{"geometry":{"coordinates":[380799.0,-1.207739e6],"type":"Point"},"properties":{"alt":"","lat":-78.383,"lon":162.5,"name":"Solomon Glacier","source":"SCAR CGA 13642 (United States of America)","tier":3,"type":"glacier"},"type":"Feature"},{"geometry":{"coordinates":[-120432.0,-530085.0],"type":"Point"},"properties":{"alt":"","lat":-85.0,"lon":-167.2,"name":"Somero Glacier","source":"SCAR CGA 13655 (United States of America)","tier":3,"type":"glacier"},"type":"Feature"},{"geometry":{"coordinates":[-2.431716e6,1.211524e6],"type":"Point"},"properties":{"alt":"","lat":-65.367,"lon":-63.517,"name":"Somers Glacier","source":"SCAR CGA 13656 (United States of America)","tier":3,"type":"glacier"},"type":"Feature"},{"geometry":{"coordinates":[-2.333077e6,983132.0],"type":"Point"},"properties":{"alt":"","lat":-67.0,"lon":-67.15,"name":"Somigliana Glacier","source":"SCAR CGA 13659 (United States of America)","tier":3,"type":"glacier"},"type":"Feature"},{"geometry":{"coordinates":[443222.0,1.985577e6],"type":"Point"},"properties":{"alt":"","lat":-71.433,"lon":12.583,"name":"Somova, lednik","source":"SCAR CGA 13662 (Russia)","tier":3,"type":"glacier"},"type":"Feature"},{"geometry":{"coordinates":[-1.581038e6,-618542.0],"type":"Point"},"properties":{"alt":"","lat":-74.467,"lon":-111.367,"name":"Sorenson Glacier","source":"SCAR CGA 13683 (United States of America)","tier":3,"type":"glacier"},"type":"Feature"},{"geometry":{"coordinates":[-1.784216e6,958024.0],"type":"Point"},"properties":{"alt":"","lat":-71.517,"lon":-61.767,"name":"Soto Glacier","source":"SCAR CGA 13708 (United States of America)","tier":3,"type":"glacier"},"type":"Feature"},{"geometry":{"coordinates":[-177086.0,-363081.0],"type":"Point"},"properties":{"alt":"","lat":-86.283,"lon":-154.0,"name":"Souchez Glacier","source":"SCAR CGA 13714 (United States of America)","tier":3,"type":"glacier"},"type":"Feature"},{"geometry":{"coordinates":[415322.0,-1.261968e6],"type":"Point"},"properties":{"alt":"","lat":-77.817,"lon":161.783,"name":"South America Glacier","source":"SCAR CGA 13716 (United States of America)","tier":3,"type":"glacier"},"type":"Feature"},{"geometry":{"coordinates":[-1.23599e6,108498.0],"type":"Point"},"properties":{"alt":"","lat":-78.617,"lon":-84.983,"name":"Sowers Glacier","source":"SCAR CGA 18292 (United States of America)","tier":3,"type":"glacier"},"type":"Feature"},{"geometry":{"coordinates":[-1.930423e6,766909.0],"type":"Point"},"properties":{"alt":"","lat":-71.05,"lon":-68.333,"name":"Spartan Glacier","source":"SCAR CGA 13773 (United States of America)","tier":3,"type":"glacier"},"type":"Feature"},{"geometry":{"coordinates":[-1.42816e6,569778.0],"type":"Point"},"properties":{"alt":"","lat":-75.917,"lon":-68.25,"name":"Spear Glacier","source":"SCAR CGA 13785 (United States of America)","tier":3,"type":"glacier"},"type":"Feature"},{"geometry":{"coordinates":[-2.625052e6,1.611263e6],"type":"Point"},"properties":{"alt":"","lat":-62.189,"lon":-58.458,"name":"Sphinx Glacier","source":"SCAR CGA 13808 (Poland)","tier":3,"type":"glacier"},"type":"Feature"},{"geometry":{"coordinates":[-1.709638e6,936000.0],"type":"Point"},"properties":{"alt":"","lat":-72.2,"lon":-61.3,"name":"Spiess Glacier","source":"SCAR CGA 13822 (United States of America)","tier":3,"type":"glacier"},"type":"Feature"},{"geometry":{"coordinates":[-2.384435e6,1.08665e6],"type":"Point"},"properties":{"alt":"","lat":-66.217,"lon":-65.5,"name":"Splettstoesser Glacier","source":"SCAR CGA 19907 (United Kingdom)","tier":3,"type":"glacier"},"type":"Feature"},{"geometry":{"coordinates":[-1.170664e6,119944.0],"type":"Point"},"properties":{"alt":"","lat":-79.2,"lon":-84.15,"name":"Splettstoesser Glacier","source":"SCAR CGA 13846 (United States of America)","tier":3,"type":"glacier"},"type":"Feature"},{"geometry":{"coordinates":[519668.0,-1.668463e6],"type":"Point"},"properties":{"alt":"","lat":-74.017,"lon":162.7,"name":"Spreegletscher","source":"SCAR CGA 13863 (Germany)","tier":3,"type":"glacier"},"type":"Feature"},{"geometry":{"coordinates":[383021.0,-1.26067e6],"type":"Point"},"properties":{"alt":"","lat":-77.917,"lon":163.1,"name":"Spring Glacier","source":"SCAR CGA 13867 (United States of America)","tier":3,"type":"glacier"},"type":"Feature"},{"geometry":{"coordinates":[464572.0,-1.316781e6],"type":"Point"},"properties":{"alt":"","lat":-77.2,"lon":160.567,"name":"Sprocket Glacier","source":"SCAR CGA 16771 (United States of America)","tier":3,"type":"glacier"},"type":"Feature"},{"geometry":{"coordinates":[-1.556154e6,807209.0],"type":"Point"},"properties":{"alt":"","lat":-73.967,"lon":-62.583,"name":"Squires Glacier","source":"SCAR CGA 13880 (United States of America)","tier":3,"type":"glacier"},"type":"Feature"},{"geometry":{"coordinates":[-2.619119e6,1.51012e6],"type":"Point"},"properties":{"alt":"Srebarna Glacier, Srebúrna Glacier","lat":-62.683,"lon":-60.033,"name":"Sreburna Glacier","source":"SCAR CGA 17228 (United States of America)","tier":3,"type":"glacier"},"type":"Feature"},{"geometry":{"coordinates":[-1.426924e6,547745.0],"type":"Point"},"properties":{"alt":"","lat":-76.0,"lon":-69.0,"name":"Srite Glacier","source":"SCAR CGA 13887 (United States of America)","tier":3,"type":"glacier"},"type":"Feature"},{"geometry":{"coordinates":[-2.615775e6,1.849791e6],"type":"Point"},"properties":{"alt":"","lat":-61.117,"lon":-54.733,"name":"Stadium Glacier","source":"SCAR CGA 19899 (United Kingdom)","tier":3,"type":"glacier"},"type":"Feature"},{"geometry":{"coordinates":[-1.333525e6,175562.0],"type":"Point"},"properties":{"alt":"","lat":-77.667,"lon":-82.5,"name":"Staduhina, lednik","source":"SCAR CGA 13897 (Russia)","tier":3,"type":"glacier"},"type":"Feature"},{"geometry":{"coordinates":[390125.0,-1.875598e6],"type":"Point"},"properties":{"alt":"","lat":-72.5,"lon":168.25,"name":"Stafford Glacier","source":"SCAR CGA 13900 (United States of America)","tier":3,"type":"glacier"},"type":"Feature"},{"geometry":{"coordinates":[1.990462e6,782058.0],"type":"Point"},"properties":{"alt":"","lat":-70.5,"lon":68.55,"name":"Stagnant Glacier","source":"SCAR CGA 13902 (Russia)","tier":3,"type":"glacier"},"type":"Feature"},{"geometry":{"coordinates":[379909.0,-1.904145e6],"type":"Point"},"properties":{"alt":"","lat":-72.267,"lon":168.717,"name":"Staircase Glacier","source":"SCAR CGA 13907 (United States of America)","tier":3,"type":"glacier"},"type":"Feature"},{"geometry":{"coordinates":[-522750.0,1.518178e6],"type":"Point"},"properties":{"alt":"","lat":-75.3,"lon":-19.0,"name":"Stancomb-Wills Glacier","source":"SCAR CGA 13916 (United States of America)","tier":3,"type":"glacier"},"type":"Feature"},{"geometry":{"coordinates":[-1.781846e6,427783.0],"type":"Point"},"properties":{"alt":"","lat":-73.25,"lon":-76.5,"name":"Stange Ice Shelf","source":"SCAR CGA 13925 (United States of America)","tier":3,"type":"iceshelf"},"type":"Feature"},{"geometry":{"coordinates":[1.15707e6,1.919361e6],"type":"Point"},"properties":{"alt":"","lat":-69.583,"lon":31.083,"name":"Stanjukovicha, shel'fovyj lednik","source":"SCAR CGA 13927 (Russia)","tier":3,"type":"glacier"},"type":"Feature"},{"geometry":{"coordinates":[-1.823348e6,-404227.0],"type":"Point"},"properties":{"alt":"","lat":-72.933,"lon":-102.5,"name":"Stapleton Glacier","source":"SCAR CGA 17562 (United States of America)","tier":3,"type":"glacier"},"type":"Feature"},{"geometry":{"coordinates":[-2.375356e6,1.255034e6],"type":"Point"},"properties":{"alt":"","lat":-65.633,"lon":-62.15,"name":"Starbuck Glacier","source":"SCAR CGA 13938 (United States of America)","tier":3,"type":"glacier"},"type":"Feature"},{"geometry":{"coordinates":[317494.0,-888354.0],"type":"Point"},"properties":{"alt":"","lat":-81.333,"lon":160.333,"name":"Starshot Glacier","source":"SCAR CGA 13947 (United States of America)","tier":3,"type":"glacier"},"type":"Feature"},{"geometry":{"coordinates":[-147470.0,-451184.0],"type":"Point"},"properties":{"alt":"","lat":-85.633,"lon":-161.9,"name":"Steagall Glacier","source":"SCAR CGA 13963 (United States of America)","tier":3,"type":"glacier"},"type":"Feature"},{"geometry":{"coordinates":[574273.0,1.947447e6],"type":"Point"},"properties":{"alt":"","lat":-71.47,"lon":16.43,"name":"Steingardbreen","source":"SCAR CGA 20008 (Norway)","tier":3,"type":"glacier"},"type":"Feature"},{"geometry":{"coordinates":[-2.635861e6,1.620534e6],"type":"Point"},"properties":{"alt":"","lat":-62.067,"lon":-58.417,"name":"Stenhouse Glacier","source":"SCAR CGA 14002 (United States of America)","tier":3,"type":"glacier"},"type":"Feature"},{"geometry":{"coordinates":[-1.374069e6,-566350.0],"type":"Point"},"properties":{"alt":"","lat":-76.383,"lon":-112.4,"name":"Steuri Glacier","source":"SCAR CGA 14022 (United States of America)","tier":3,"type":"glacier"},"type":"Feature"},{"geometry":{"coordinates":[2.085665e6,645621.0],"type":"Point"},"properties":{"alt":"","lat":-70.1,"lon":72.8,"name":"Stevenson Glacier","source":"SCAR CGA 14026 (United States of America)","tier":3,"type":"glacier"},"type":"Feature"},{"geometry":{"coordinates":[-653154.0,-1.1988e6],"type":"Point"},"properties":{"alt":"","lat":-77.483,"lon":-151.417,"name":"Stewart Glacier","source":"SCAR CGA 14032 (United States of America)","tier":3,"type":"glacier"},"type":"Feature"},{"geometry":{"coordinates":[-1.431637e6,-833232.0],"type":"Point"},"properties":{"alt":"","lat":-74.84,"lon":-120.2,"name":"Stockholm Glacier","source":"SCAR CGA 20429 (United Kingdom)","tier":3,"type":"glacier"},"type":"Feature"},{"geometry":{"coordinates":[418217.0,-1.274511e6],"type":"Point"},"properties":{"alt":"","lat":-77.7,"lon":161.833,"name":"Stocking Glacier","source":"SCAR CGA 14053 (United States of America)","tier":3,"type":"glacier"},"type":"Feature"},{"geometry":{"coordinates":[2.222773e6,1.054656e6],"type":"Point"},"properties":{"alt":"","lat":-67.633,"lon":64.617,"name":"Strahan Glacier","source":"SCAR CGA 14110 (United States of America)","tier":3,"type":"glacier"},"type":"Feature"},{"geometry":{"coordinates":[460126.0,-1.606417e6],"type":"Point"},"properties":{"alt":"","lat":-74.708,"lon":164.017,"name":"Strandline Glacier","source":"SCAR CGA 14113 (New Zealand)","tier":3,"type":"glacier"},"type":"Feature"},{"geometry":{"coordinates":[-2.620171e6,1.518487e6],"type":"Point"},"properties":{"alt":"","lat":-62.639,"lon":-59.906,"name":"Strandzha Glacier","source":"SCAR CGA 17426 (Bulgaria)","tier":3,"type":"glacier"},"type":"Feature"},{"geometry":{"coordinates":[-1.485231e6,735121.0],"type":"Point"},"properties":{"alt":"","lat":-74.833,"lon":-63.667,"name":"Strange Glacier","source":"SCAR CGA 14117 (United States of America)","tier":3,"type":"glacier"},"type":"Feature"},{"geometry":{"coordinates":[-508592.0,917524.0],"type":"Point"},"properties":{"alt":"","lat":-80.367,"lon":-29.0,"name":"Stratton Glacier","source":"SCAR CGA 14122 (United States of America)","tier":3,"type":"glacier"},"type":"Feature"},{"geometry":{"coordinates":[-894265.0,-1.05324e6],"type":"Point"},"properties":{"alt":"","lat":-77.333,"lon":-139.667,"name":"Strauss Glacier","source":"SCAR CGA 14127 (United States of America)","tier":3,"type":"glacier"},"type":"Feature"},{"geometry":{"coordinates":[-2.478611e6,1.413775e6],"type":"Point"},"properties":{"alt":"","lat":-64.167,"lon":-60.3,"name":"Stringfellow Glacier","source":"SCAR CGA 14144 (United States of America)","tier":3,"type":"glacier"},"type":"Feature"},{"geometry":{"coordinates":[-140420.0,-506339.0],"type":"Point"},"properties":{"alt":"","lat":-85.167,"lon":-164.5,"name":"Strom Glacier","source":"SCAR CGA 14150 (United States of America)","tier":3,"type":"glacier"},"type":"Feature"},{"geometry":{"coordinates":[-2.628921e6,1.510677e6],"type":"Point"},"properties":{"alt":"","lat":-62.607,"lon":-60.117,"name":"Struma Glacier","source":"SCAR CGA 17427 (Bulgaria)","tier":3,"type":"glacier"},"type":"Feature"},{"geometry":{"coordinates":[-2.370703e6,1.251691e6],"type":"Point"},"properties":{"alt":"","lat":-65.683,"lon":-62.167,"name":"Stubb Glacier","source":"SCAR CGA 14162 (United States of America)","tier":3,"type":"glacier"},"type":"Feature"},{"geometry":{"coordinates":[305119.0,-1.242222e6],"type":"Point"},"properties":{"alt":"","lat":-78.267,"lon":166.2,"name":"Stuckless Glacier","source":"SCAR CGA 16906 (United States of America)","tier":3,"type":"glacier"},"type":"Feature"},{"geometry":{"coordinates":[163858.0,1.971966e6],"type":"Point"},"properties":{"alt":"Stuttflogbreen","lat":-71.933,"lon":4.75,"name":"Stuttflog Glacier","source":"SCAR CGA 14174 (United States of America)","tier":3,"type":"glacier"},"type":"Feature"},{"geometry":{"coordinates":[1.775923e6,702410.0],"type":"Point"},"properties":{"alt":"Loshkina, lednik","lat":-72.554,"lon":68.42,"name":"Styles Glacier","source":"SCAR CGA 14181 (Australia)","tier":3,"type":"glacier"},"type":"Feature"},{"geometry":{"coordinates":[485567.0,-1.676792e6],"type":"Point"},"properties":{"alt":"","lat":-74.033,"lon":163.85,"name":"Styx Glacier","source":"SCAR CGA 14184 (United States of America)","tier":3,"type":"glacier"},"type":"Feature"},{"geometry":{"coordinates":[401818.0,-1.287455e6],"type":"Point"},"properties":{"alt":"","lat":-77.633,"lon":162.667,"name":"Suess Glacier","source":"SCAR CGA 14205 (United States of America)","tier":3,"type":"glacier"},"type":"Feature"},{"geometry":{"coordinates":[-2.103504e6,734577.0],"type":"Point"},"properties":{"alt":"","lat":-69.7,"lon":-70.75,"name":"Sullivan Glacier","source":"SCAR CGA 14214 (United States of America)","tier":3,"type":"glacier"},"type":"Feature"},{"geometry":{"coordinates":[612344.0,-1.932307e6],"type":"Point"},"properties":{"alt":"","lat":-71.5,"lon":162.417,"name":"Sullivan Glacier","source":"SCAR CGA 14215 (New Zealand)","tier":3,"type":"glacier"},"type":"Feature"},{"geometry":{"coordinates":[-2.633955e6,1.820438e6],"type":"Point"},"properties":{"alt":"Sultan, glaciar","lat":-61.133,"lon":-55.35,"name":"Sultan Glacier","source":"SCAR CGA 14222 (United States of America)","tier":3,"type":"glacier"},"type":"Feature"},{"geometry":{"coordinates":[-751599.0,-1.20281e6],"type":"Point"},"properties":{"alt":"","lat":-77.0,"lon":-148.0,"name":"Sulzberger Ice Shelf","source":"SCAR CGA 14227 (United States of America)","tier":3,"type":"iceshelf"},"type":"Feature"},{"geometry":{"coordinates":[422563.0,-1.900832e6],"type":"Point"},"properties":{"alt":"","lat":-72.217,"lon":167.467,"name":"Summers Glacier","source":"SCAR CGA 14230 (United States of America)","tier":3,"type":"glacier"},"type":"Feature"},{"geometry":{"coordinates":[-2.113591e6,955802.0],"type":"Point"},"properties":{"alt":"","lat":-68.883,"lon":-65.667,"name":"Sumner Glacier","source":"SCAR CGA 14235 (United States of America)","tier":3,"type":"glacier"},"type":"Feature"},{"geometry":{"coordinates":[-2.05486e6,980118.0],"type":"Point"},"properties":{"alt":"","lat":-69.267,"lon":-64.5,"name":"Sunfix Glacier","source":"SCAR CGA 14244 (United States of America)","tier":3,"type":"glacier"},"type":"Feature"},{"geometry":{"coordinates":[-2.307364e6,925684.0],"type":"Point"},"properties":{"alt":"","lat":-67.404,"lon":-68.14,"name":"Sunshine Glacier","source":"SCAR CGA 18996 (United Kingdom)","tier":3,"type":"glacier"},"type":"Feature"},{"geometry":{"coordinates":[-2.324967e6,2.284739e6],"type":"Point"},"properties":{"alt":"","lat":-60.633,"lon":-45.5,"name":"Sunshine Glacier","source":"SCAR CGA 14249 (United States of America)","tier":3,"type":"glacier"},"type":"Feature"},{"geometry":{"coordinates":[-572132.0,542933.0],"type":"Point"},"properties":{"alt":"","lat":-82.75,"lon":-46.5,"name":"Support Force Glacier","source":"SCAR CGA 14251 (United States of America)","tier":3,"type":"glacier"},"type":"Feature"},{"geometry":{"coordinates":[400453.0,-1.757871e6],"type":"Point"},"properties":{"alt":"","lat":-73.517,"lon":167.167,"name":"Suter Glacier","source":"SCAR CGA 14270 (United States of America)","tier":3,"type":"glacier"},"type":"Feature"},{"geometry":{"coordinates":[753114.0,-2.069164e6],"type":"Point"},"properties":{"alt":"Suvorova, lednik","lat":-69.933,"lon":160.0,"name":"Suvorov Glacier","source":"SCAR CGA 14277 (United States of America)","tier":3,"type":"glacier"},"type":"Feature"},{"geometry":{"coordinates":[-2.463143e6,1.258648e6],"type":"Point"},"properties":{"alt":"Suárez, Ventisquero, Petzval Glacier","lat":-64.933,"lon":-62.933,"name":"Suárez Glacier","source":"SCAR CGA 14189 (United States of America)","tier":3,"type":"glacier"},"type":"Feature"},{"geometry":{"coordinates":[628889.0,1.873031e6],"type":"Point"},"properties":{"alt":"","lat":-71.96,"lon":18.56,"name":"Svartbreen","source":"SCAR CGA 20009 (Norway)","tier":3,"type":"glacier"},"type":"Feature"},{"geometry":{"coordinates":[64298.0,1.955453e6],"type":"Point"},"properties":{"alt":"Sveabreen","lat":-72.133,"lon":1.883,"name":"Svea Glacier","source":"SCAR CGA 14296 (United States of America)","tier":3,"type":"glacier"},"type":"Feature"},{"geometry":{"coordinates":[737173.0,-2.025367e6],"type":"Point"},"properties":{"alt":"","lat":-70.35,"lon":160.0,"name":"Svendsen Glacier","source":"SCAR CGA 14300 (United States of America)","tier":3,"type":"glacier"},"type":"Feature"},{"geometry":{"coordinates":[-2.514489e6,1.326676e6],"type":"Point"},"properties":{"alt":"","lat":-64.258,"lon":-62.183,"name":"Svetovrachene Glacier","source":"SCAR CGA 19592 (Bulgaria)","tier":3,"type":"glacier"},"type":"Feature"},{"geometry":{"coordinates":[-1.553113e6,832772.0],"type":"Point"},"properties":{"alt":"Swann, glaciar","lat":-73.883,"lon":-61.8,"name":"Swann Glacier","source":"SCAR CGA 14317 (United States of America)","tier":3,"type":"glacier"},"type":"Feature"},{"geometry":{"coordinates":[679964.0,-1.909562e6],"type":"Point"},"properties":{"alt":"","lat":-71.5,"lon":160.4,"name":"Swanson Glacier","source":"SCAR CGA 14318 (United States of America)","tier":3,"type":"glacier"},"type":"Feature"},{"geometry":{"coordinates":[-2.394397e6,1.509777e6],"type":"Point"},"properties":{"alt":"Swift, glaciar","lat":-64.367,"lon":-57.767,"name":"Swift Glacier","source":"SCAR CGA 14330 (United States of America)","tier":3,"type":"glacier"},"type":"Feature"},{"geometry":{"coordinates":[-615545.0,-1.257411e6],"type":"Point"},"properties":{"alt":"","lat":-77.167,"lon":-153.917,"name":"Swinburne Ice Shelf","source":"SCAR CGA 14332 (United States of America)","tier":3,"type":"iceshelf"},"type":"Feature"},{"geometry":{"coordinates":[155739.0,-549152.0],"type":"Point"},"properties":{"alt":"","lat":-84.75,"lon":164.167,"name":"Swinford Glacier","source":"SCAR CGA 14334 (United States of America)","tier":3,"type":"glacier"},"type":"Feature"},{"geometry":{"coordinates":[-2.229713e6,957191.0],"type":"Point"},"properties":{"alt":"","lat":-67.933,"lon":-66.767,"name":"Swithinbank Glacier","source":"SCAR CGA 14337 (United States of America)","tier":3,"type":"glacier"},"type":"Feature"},{"geometry":{"coordinates":[-775952.0,-1.143207e6],"type":"Point"},"properties":{"alt":"","lat":-77.333,"lon":-145.833,"name":"Swope Glacier","source":"SCAR CGA 14341 (United States of America)","tier":3,"type":"glacier"},"type":"Feature"},{"geometry":{"coordinates":[428946.0,-1.284466e6],"type":"Point"},"properties":{"alt":"","lat":-77.583,"lon":161.533,"name":"Sykes Glacier","source":"SCAR CGA 14344 (United States of America)","tier":3,"type":"glacier"},"type":"Feature"},{"geometry":{"coordinates":[216528.0,-588505.0],"type":"Point"},"properties":{"alt":"","lat":-84.233,"lon":159.8,"name":"Sylwester Glacier","source":"SCAR CGA 14345 (United States of America)","tier":3,"type":"glacier"},"type":"Feature"},{"geometry":{"coordinates":[-2.31281e6,1.011245e6],"type":"Point"},"properties":{"alt":"","lat":-67.067,"lon":-66.383,"name":"Sölch Glacier","source":"SCAR CGA 13629 (United States of America)","tier":3,"type":"glacier"},"type":"Feature"},{"geometry":{"coordinates":[967218.0,1.735609e6],"type":"Point"},"properties":{"alt":"","lat":-71.86,"lon":29.13,"name":"Sør-Rondanebreen","source":"SCAR CGA 20010 (Norway)","tier":3,"type":"glacier"},"type":"Feature"},{"geometry":{"coordinates":[2.293045e6,476954.0],"type":"Point"},"properties":{"alt":"Sørsdalbreen","lat":-68.683,"lon":78.25,"name":"Sørsdal Glacier","source":"SCAR CGA 13698 (United States of America)","tier":3,"type":"glacier"},"type":"Feature"},{"geometry":{"coordinates":[-2.401396e6,1.498619e6],"type":"Point"},"properties":{"alt":"Tait, glaciar","lat":-64.367,"lon":-58.033,"name":"Tait Glacier","source":"SCAR CGA 14384 (United States of America)","tier":3,"type":"glacier"},"type":"Feature"},{"geometry":{"coordinates":[-2.442611e6,1.23207e6],"type":"Point"},"properties":{"alt":"","lat":-65.2,"lon":-63.233,"name":"Talbot Glacier","source":"SCAR CGA 14397 (United States of America)","tier":3,"type":"glacier"},"type":"Feature"},{"geometry":{"coordinates":[696849.0,-1.724761e6],"type":"Point"},"properties":{"alt":"","lat":-73.0,"lon":158.0,"name":"Talos Dome","source":"SCAR CGA 14405 (United States of America)","tier":3,"type":"dome"},"type":"Feature"},{"geometry":{"coordinates":[1.509664e6,1.77594e6],"type":"Point"},"properties":{"alt":"Tama Hyôga, Perlebreen","lat":-68.783,"lon":40.367,"name":"Tama Glacier","source":"SCAR CGA 14408 (United States of America)","tier":3,"type":"glacier"},"type":"Feature"},{"geometry":{"coordinates":[-1.946479e6,604398.0],"type":"Point"},"properties":{"alt":"","lat":-71.4,"lon":-72.75,"name":"Taneeva, lednik","source":"SCAR CGA 14414 (Russia)","tier":3,"type":"glacier"},"type":"Feature"},{"geometry":{"coordinates":[-2.622093e6,1.535723e6],"type":"Point"},"properties":{"alt":"","lat":-62.549,"lon":-59.643,"name":"Targovishte Glacier","source":"SCAR CGA 17972 (Bulgaria)","tier":3,"type":"glacier"},"type":"Feature"},{"geometry":{"coordinates":[-146317.0,-420954.0],"type":"Point"},"properties":{"alt":"","lat":-85.9,"lon":-160.833,"name":"Tate Glacier","source":"SCAR CGA 14446 (United States of America)","tier":3,"type":"glacier"},"type":"Feature"},{"geometry":{"coordinates":[-2.071547e6,751603.0],"type":"Point"},"properties":{"alt":"","lat":-69.918,"lon":-70.058,"name":"Tatsu Glacier","source":"SCAR CGA 20362 (United Kingdom)","tier":3,"type":"glacier"},"type":"Feature"},{"geometry":{"coordinates":[511104.0,-1.24414e6],"type":"Point"},"properties":{"alt":"","lat":-77.667,"lon":157.667,"name":"Taylor Dome","source":"SCAR CGA 14455 (United States of America)","tier":3,"type":"dome"},"type":"Feature"},{"geometry":{"coordinates":[409674.0,-1.27344e6],"type":"Point"},"properties":{"alt":"","lat":-77.733,"lon":162.167,"name":"Taylor Glacier","source":"SCAR CGA 14457 (United States of America)","tier":3,"type":"glacier"},"type":"Feature"},{"geometry":{"coordinates":[2.166387e6,1.209101e6],"type":"Point"},"properties":{"alt":"","lat":-67.45,"lon":60.833,"name":"Taylor Glacier","source":"SCAR CGA 14456 (United States of America)","tier":3,"type":"glacier"},"type":"Feature"},{"geometry":{"coordinates":[409084.0,-1.246678e6],"type":"Point"},"properties":{"alt":"","lat":-77.967,"lon":161.833,"name":"Tedrow Glacier","source":"SCAR CGA 14481 (United States of America)","tier":3,"type":"glacier"},"type":"Feature"},{"geometry":{"coordinates":[2.055597e6,820100.0],"type":"Point"},"properties":{"alt":"","lat":-69.833,"lon":68.25,"name":"Tekuchij, lednik","source":"SCAR CGA 14490 (Russia)","tier":3,"type":"glacier"},"type":"Feature"},{"geometry":{"coordinates":[450653.0,-1.251737e6],"type":"Point"},"properties":{"alt":"","lat":-77.8,"lon":160.2,"name":"Telemeter Glacier","source":"SCAR CGA 14495 (United States of America)","tier":3,"type":"glacier"},"type":"Feature"},{"geometry":{"coordinates":[1.427997e6,1.720031e6],"type":"Point"},"properties":{"alt":"Telen Hyôga, Telebreen, Telen","lat":-69.633,"lon":39.7,"name":"Telen Glacier","source":"SCAR CGA 14496 (United States of America)","tier":3,"type":"glacier"},"type":"Feature"},{"geometry":{"coordinates":[-2.488077e6,1.435525e6],"type":"Point"},"properties":{"alt":"","lat":-64.0,"lon":-60.017,"name":"Temple Glacier","source":"SCAR CGA 14510 (United States of America)","tier":3,"type":"glacier"},"type":"Feature"},{"geometry":{"coordinates":[323045.0,-1.349032e6],"type":"Point"},"properties":{"alt":"","lat":-77.283,"lon":166.533,"name":"Tern Glacier","source":"SCAR CGA 14545 (New Zealand)","tier":3,"type":"glacier"},"type":"Feature"},{"geometry":{"coordinates":[291606.0,-1.337425e6],"type":"Point"},"properties":{"alt":"","lat":-77.45,"lon":167.7,"name":"Terra Nova Glacier","source":"SCAR CGA 16908 (United States of America)","tier":3,"type":"glacier"},"type":"Feature"},{"geometry":{"coordinates":[279637.0,-1.321258e6],"type":"Point"},"properties":{"alt":"","lat":-77.617,"lon":168.05,"name":"Terror Glacier","source":"SCAR CGA 14566 (United States of America)","tier":3,"type":"glacier"},"type":"Feature"},{"geometry":{"coordinates":[-2.636996e6,1.530305e6],"type":"Point"},"properties":{"alt":"","lat":-62.461,"lon":-59.872,"name":"Teteven Glacier","source":"SCAR CGA 17944 (Bulgaria)","tier":3,"type":"glacier"},"type":"Feature"},{"geometry":{"coordinates":[-2.508998e6,1.260523e6],"type":"Point"},"properties":{"alt":"","lat":-64.567,"lon":-63.325,"name":"Thamyris Glacier","source":"SCAR CGA 18571 (Bulgaria)","tier":3,"type":"glacier"},"type":"Feature"},{"geometry":{"coordinates":[336124.0,-723566.0],"type":"Point"},"properties":{"alt":"","lat":-82.667,"lon":155.083,"name":"The Slot","source":"SCAR CGA 13498 (New Zealand)","tier":3,"type":"glacier"},"type":"Feature"},{"geometry":{"coordinates":[-2.6147e6,1.851311e6],"type":"Point"},"properties":{"alt":"Estadio, glaciar","lat":-61.117,"lon":-54.7,"name":"The Stadium","source":"SCAR CGA 13895 (United States of America)","tier":3,"type":"glacier"},"type":"Feature"},{"geometry":{"coordinates":[-1.228492e6,129120.0],"type":"Point"},"properties":{"alt":"","lat":-78.667,"lon":-84.0,"name":"Thomas Glacier","source":"SCAR CGA 14610 (United States of America)","tier":3,"type":"glacier"},"type":"Feature"},{"geometry":{"coordinates":[-1.64392e6,905622.0],"type":"Point"},"properties":{"alt":"","lat":-72.85,"lon":-61.15,"name":"Thomas Glacier","source":"SCAR CGA 20322 (United Kingdom)","tier":3,"type":"glacier"},"type":"Feature"},{"geometry":{"coordinates":[2.131052e6,-1.41855e6],"type":"Point"},"properties":{"alt":"","lat":-66.75,"lon":123.65,"name":"Thompson Glacier","source":"SCAR CGA 14625 (United States of America)","tier":3,"type":"glacier"},"type":"Feature"},{"geometry":{"coordinates":[-1.783974e6,307610.0],"type":"Point"},"properties":{"alt":"","lat":-73.45,"lon":-80.217,"name":"Thomson Glacier","source":"SCAR CGA 17567 (United States of America)","tier":3,"type":"glacier"},"type":"Feature"},{"geometry":{"coordinates":[-1.534283e6,485722.0],"type":"Point"},"properties":{"alt":"","lat":-75.267,"lon":-72.433,"name":"Thomson Summit","source":"SCAR CGA 14643 (United States of America)","tier":3,"type":"glacier"},"type":"Feature"},{"geometry":{"coordinates":[-2.483492e6,1.24364e6],"type":"Point"},"properties":{"alt":"","lat":-64.833,"lon":-63.4,"name":"Thunder Glacier","source":"SCAR CGA 14679 (United States of America)","tier":3,"type":"glacier"},"type":"Feature"},{"geometry":{"coordinates":[-1.491028e6,-1.055707e6],"type":"Point"},"properties":{"alt":"","lat":-73.3,"lon":-125.3,"name":"Thurston Glacier","source":"SCAR CGA 14683 (United States of America)","tier":3,"type":"glacier"},"type":"Feature"},{"geometry":{"coordinates":[-1.516394e6,-456383.0],"type":"Point"},"properties":{"alt":"","lat":-75.5,"lon":-106.75,"name":"Thwaites Glacier","source":"SCAR CGA 14685 (United States of America)","tier":3,"type":"glacier"},"type":"Feature"},{"geometry":{"coordinates":[-1.568024e6,-474412.0],"type":"Point"},"properties":{"alt":"","lat":-75.005,"lon":-106.833,"name":"Thwaites Glacier Tongue","source":"SCAR CGA 14686 (New Zealand)","tier":3,"type":"glacier"},"type":"Feature"},{"geometry":{"coordinates":[1.842675e6,1.615983e6],"type":"Point"},"properties":{"alt":"","lat":-67.717,"lon":48.75,"name":"Thyer Glacier","source":"SCAR CGA 14689 (United States of America)","tier":3,"type":"glacier"},"type":"Feature"},{"geometry":{"coordinates":[161804.0,-648962.0],"type":"Point"},"properties":{"alt":"","lat":-83.85,"lon":166.0,"name":"Tillite Glacier","source":"SCAR CGA 14720 (United States of America)","tier":3,"type":"glacier"},"type":"Feature"},{"geometry":{"coordinates":[1.671209e6,663093.0],"type":"Point"},"properties":{"alt":"","lat":-73.561,"lon":68.358,"name":"Tingey Glacier","source":"SCAR CGA 14734 (Australia)","tier":3,"type":"glacier"},"type":"Feature"},{"geometry":{"coordinates":[457684.0,-1.688436e6],"type":"Point"},"properties":{"alt":"","lat":-74.0,"lon":164.833,"name":"Tinker Glacier","source":"SCAR CGA 14739 (United States of America)","tier":3,"type":"glacier"},"type":"Feature"},{"geometry":{"coordinates":[-2.486162e6,1.498761e6],"type":"Point"},"properties":{"alt":"","lat":-63.733,"lon":-58.917,"name":"Tinsel Dome","source":"SCAR CGA 14741 (United States of America)","tier":3,"type":"dome"},"type":"Feature"},{"geometry":{"coordinates":[42184.0,-157434.0],"type":"Point"},"properties":{"alt":"","lat":-88.5,"lon":165.0,"name":"Titan Dome","source":"SCAR CGA 14746 (United States of America)","tier":3,"type":"dome"},"type":"Feature"},{"geometry":{"coordinates":[396002.0,-1.912221e6],"type":"Point"},"properties":{"alt":"","lat":-72.167,"lon":168.3,"name":"Tocci Glacier","source":"SCAR CGA 14760 (United States of America)","tier":3,"type":"glacier"},"type":"Feature"},{"geometry":{"coordinates":[-2.222318e6,941030.0],"type":"Point"},"properties":{"alt":"","lat":-68.05,"lon":-67.05,"name":"Todd Glacier","source":"SCAR CGA 14761 (United States of America)","tier":3,"type":"glacier"},"type":"Feature"},{"geometry":{"coordinates":[-2.166766e6,983650.0],"type":"Point"},"properties":{"alt":"","lat":-68.35,"lon":-65.583,"name":"Tofani Glacier","source":"SCAR CGA 14770 (United States of America)","tier":3,"type":"glacier"},"type":"Feature"},{"geometry":{"coordinates":[-2.32884e6,-28454.0],"type":"Point"},"properties":{"alt":"Tofte, Glaciar, Toftebreen","lat":-68.8,"lon":-90.7,"name":"Tofte Glacier","source":"SCAR CGA 14771 (United States of America)","tier":3,"type":"glacier"},"type":"Feature"},{"geometry":{"coordinates":[806502.0,-2.101008e6],"type":"Point"},"properties":{"alt":"Tomilina, lednik","lat":-69.5,"lon":159.0,"name":"Tomilin Glacier","source":"SCAR CGA 14790 (United States of America)","tier":3,"type":"glacier"},"type":"Feature"},{"geometry":{"coordinates":[473707.0,-1.371855e6],"type":"Point"},"properties":{"alt":"","lat":-76.7,"lon":160.95,"name":"Topside Glacier","source":"SCAR CGA 14815 (United States of America)","tier":3,"type":"glacier"},"type":"Feature"},{"geometry":{"coordinates":[764104.0,1.912331e6],"type":"Point"},"properties":{"alt":"","lat":-71.21,"lon":21.78,"name":"Tordenbreen","source":"SCAR CGA 20011 (Norway)","tier":3,"type":"glacier"},"type":"Feature"},{"geometry":{"coordinates":[1.192829e6,1.664082e6],"type":"Point"},"properties":{"alt":"Torii, Glacier","lat":-71.317,"lon":35.633,"name":"Torii Glacier","source":"SCAR CGA 14827 (United States of America)","tier":3,"type":"glacier"},"type":"Feature"},{"geometry":{"coordinates":[-1.983082e6,1.395026e6],"type":"Point"},"properties":{"alt":"","lat":-67.95,"lon":-54.875,"name":"Torlegård Glacier","source":"SCAR CGA 19904 (United Kingdom)","tier":3,"type":"glacier"},"type":"Feature"},{"geometry":{"coordinates":[-2.473121e6,1.268285e6],"type":"Point"},"properties":{"alt":"Toro Mazote, Glaciar","lat":-64.817,"lon":-62.85,"name":"Toro Mazote Glacier","source":"SCAR CGA 14832 (United Kingdom)","tier":3,"type":"glacier"},"type":"Feature"},{"geometry":{"coordinates":[2.269034e6,-1.123068e6],"type":"Point"},"properties":{"alt":"","lat":-67.0,"lon":116.333,"name":"Totten Glacier","source":"SCAR CGA 14847 (United States of America)","tier":3,"type":"glacier"},"type":"Feature"},{"geometry":{"coordinates":[413216.0,-1.031375e6],"type":"Point"},"properties":{"alt":"","lat":-79.8,"lon":158.167,"name":"Touchdown Glacier","source":"SCAR CGA 14852 (United States of America)","tier":3,"type":"glacier"},"type":"Feature"},{"geometry":{"coordinates":[-2.62315e6,1.610095e6],"type":"Point"},"properties":{"alt":"","lat":-62.208,"lon":-58.458,"name":"Tower Glacier","source":"SCAR CGA 14861 (Poland)","tier":3,"type":"glacier"},"type":"Feature"},{"geometry":{"coordinates":[472895.0,-1.379899e6],"type":"Point"},"properties":{"alt":"","lat":-76.633,"lon":161.083,"name":"Towle Glacier","source":"SCAR CGA 14866 (United States of America)","tier":3,"type":"glacier"},"type":"Feature"},{"geometry":{"coordinates":[364559.0,-1.890163e6],"type":"Point"},"properties":{"alt":"","lat":-72.417,"lon":169.083,"name":"Towles Glacier","source":"SCAR CGA 14868 (United States of America)","tier":3,"type":"glacier"},"type":"Feature"},{"geometry":{"coordinates":[-2.100362e6,781815.0],"type":"Point"},"properties":{"alt":"","lat":-69.583,"lon":-69.583,"name":"Toynbee Glacier","source":"SCAR CGA 14870 (United States of America)","tier":3,"type":"glacier"},"type":"Feature"},{"geometry":{"coordinates":[2.589425e6,-566163.0],"type":"Point"},"properties":{"alt":"","lat":-65.95,"lon":102.333,"name":"Tracy Glacier","source":"SCAR CGA 14873 (United States of America)","tier":3,"type":"glacier"},"type":"Feature"},{"geometry":{"coordinates":[385409.0,-1.88035e6],"type":"Point"},"properties":{"alt":"","lat":-72.467,"lon":168.417,"name":"Trafalgar Glacier","source":"SCAR CGA 14875 (United States of America)","tier":3,"type":"glacier"},"type":"Feature"},{"geometry":{"coordinates":[1.5808e6,855331.0],"type":"Point"},"properties":{"alt":"","lat":-73.567,"lon":61.583,"name":"Trail Glacier","source":"SCAR CGA 14878 (United States of America)","tier":3,"type":"glacier"},"type":"Feature"},{"geometry":{"coordinates":[413581.0,-1.862974e6],"type":"Point"},"properties":{"alt":"","lat":-72.567,"lon":167.483,"name":"Trainer Glacier","source":"SCAR CGA 14881 (United States of America)","tier":3,"type":"glacier"},"type":"Feature"},{"geometry":{"coordinates":[-2.00103e6,775478.0],"type":"Point"},"properties":{"alt":"","lat":-70.433,"lon":-68.817,"name":"Transition Glacier","source":"SCAR CGA 14889 (United States of America)","tier":3,"type":"glacier"},"type":"Feature"},{"geometry":{"coordinates":[254408.0,-771516.0],"type":"Point"},"properties":{"alt":"","lat":-82.533,"lon":161.75,"name":"Tranter Glacier","source":"SCAR CGA 14893 (United States of America)","tier":3,"type":"glacier"},"type":"Feature"},{"geometry":{"coordinates":[-2.324636e6,1.012388e6],"type":"Point"},"properties":{"alt":"","lat":-66.967,"lon":-66.467,"name":"Tranter Glacier","source":"SCAR CGA 20323 (United Kingdom)","tier":3,"type":"glacier"},"type":"Feature"},{"geometry":{"coordinates":[-2.634005e6,1.534055e6],"type":"Point"},"properties":{"alt":"Traub, Gran Glaciar","lat":-62.467,"lon":-59.783,"name":"Traub Glacier","source":"SCAR CGA 14896 (United States of America)","tier":3,"type":"glacier"},"type":"Feature"},{"geometry":{"coordinates":[645790.0,-2.0114e6],"type":"Point"},"properties":{"alt":"","lat":-70.733,"lon":162.2,"name":"Traversegletscher","source":"SCAR CGA 14898 (Germany)","tier":3,"type":"glacier"},"type":"Feature"},{"geometry":{"coordinates":[-2.03033e6,771927.0],"type":"Point"},"properties":{"alt":"Trench, glaciar","lat":-70.2,"lon":-69.183,"name":"Trench Glacier","source":"SCAR CGA 14905 (United States of America)","tier":3,"type":"glacier"},"type":"Feature"},{"geometry":{"coordinates":[-2.48314e6,1.385097e6],"type":"Point"},"properties":{"alt":"","lat":-64.256,"lon":-60.847,"name":"Trepetlika Glacier","source":"SCAR CGA 19549 (Bulgaria)","tier":3,"type":"glacier"},"type":"Feature"},{"geometry":{"coordinates":[371207.0,-1.16666e6],"type":"Point"},"properties":{"alt":"","lat":-78.767,"lon":162.35,"name":"Trepidation Glacier","source":"SCAR CGA 14913 (United States of America)","tier":3,"type":"glacier"},"type":"Feature"},{"geometry":{"coordinates":[-2.585264e6,1.872567e6],"type":"Point"},"properties":{"alt":"","lat":-61.217,"lon":-54.083,"name":"Treskavets Glacier","source":"SCAR CGA 19533 (Bulgaria)","tier":3,"type":"glacier"},"type":"Feature"},{"geometry":{"coordinates":[-2.445821e6,1.53704e6],"type":"Point"},"properties":{"alt":"","lat":-63.858,"lon":-57.853,"name":"Triangular Glacier","source":"SCAR CGA 19896 (United Kingdom)","tier":3,"type":"glacier"},"type":"Feature"},{"geometry":{"coordinates":[-1.899991e6,752900.0],"type":"Point"},"properties":{"alt":"","lat":-71.35,"lon":-68.383,"name":"Trio Glacier","source":"SCAR CGA 17856 (United Kingdom)","tier":3,"type":"glacier"},"type":"Feature"},{"geometry":{"coordinates":[-2.444567e6,1.194054e6],"type":"Point"},"properties":{"alt":"Trooz, Glaciar","lat":-65.333,"lon":-63.967,"name":"Trooz Glacier","source":"SCAR CGA 14991 (United States of America)","tier":3,"type":"glacier"},"type":"Feature"},{"geometry":{"coordinates":[-1.559755e6,-622279.0],"type":"Point"},"properties":{"alt":"","lat":-74.633,"lon":-111.75,"name":"True Glacier","source":"SCAR CGA 15002 (United States of America)","tier":3,"type":"glacier"},"type":"Feature"},{"geometry":{"coordinates":[620496.0,-2.023236e6],"type":"Point"},"properties":{"alt":"","lat":-70.7,"lon":162.95,"name":"Trögergletscher","source":"SCAR CGA 14977 (Germany)","tier":3,"type":"glacier"},"type":"Feature"},{"geometry":{"coordinates":[356642.0,-1.878485e6],"type":"Point"},"properties":{"alt":"","lat":-72.533,"lon":169.25,"name":"Tucker Glacier","source":"SCAR CGA 15028 (United States of America)","tier":3,"type":"glacier"},"type":"Feature"},{"geometry":{"coordinates":[-1.241196e6,89334.0],"type":"Point"},"properties":{"alt":"","lat":-78.583,"lon":-85.883,"name":"Tulaczyk Glacier","source":"SCAR CGA 18295 (United States of America)","tier":3,"type":"glacier"},"type":"Feature"},{"geometry":{"coordinates":[-2.058512e6,776480.0],"type":"Point"},"properties":{"alt":"","lat":-69.95,"lon":-69.333,"name":"Tumble Glacier","source":"SCAR CGA 15044 (United States of America)","tier":3,"type":"glacier"},"type":"Feature"},{"geometry":{"coordinates":[-2.640704e6,1.493534e6],"type":"Point"},"properties":{"alt":"","lat":-62.592,"lon":-60.508,"name":"Tundzha Glacier","source":"SCAR CGA 17933 (Bulgaria)","tier":3,"type":"glacier"},"type":"Feature"},{"geometry":{"coordinates":[1.69233e6,672653.0],"type":"Point"},"properties":{"alt":"Krichaka, lednik","lat":-73.352,"lon":68.324,"name":"Turk Glacier","source":"SCAR CGA 15060 (Australia)","tier":3,"type":"glacier"},"type":"Feature"},{"geometry":{"coordinates":[440555.0,-1.259203e6],"type":"Point"},"properties":{"alt":"","lat":-77.767,"lon":160.717,"name":"Turnabout Glacier","source":"SCAR CGA 15066 (United States of America)","tier":3,"type":"glacier"},"type":"Feature"},{"geometry":{"coordinates":[1.381267e6,633531.0],"type":"Point"},"properties":{"alt":"","lat":-76.08,"lon":65.361,"name":"Turnback Dome","source":"SCAR CGA 18728 (Australia)","tier":3,"type":"dome"},"type":"Feature"},{"geometry":{"coordinates":[-2.290574e6,903052.0],"type":"Point"},"properties":{"alt":"","lat":-67.617,"lon":-68.483,"name":"Turner Glacier","source":"SCAR CGA 15072 (United States of America)","tier":3,"type":"glacier"},"type":"Feature"},{"geometry":{"coordinates":[-113670.0,1.806728e6],"type":"Point"},"properties":{"alt":"Tverreggbreen","lat":-73.45,"lon":-3.6,"name":"Tverregg Glacier","source":"SCAR CGA 15107 (United States of America)","tier":3,"type":"glacier"},"type":"Feature"},{"geometry":{"coordinates":[-2.620356e6,1.631028e6],"type":"Point"},"properties":{"alt":"Mellizos, glaciar, Mellizos, Islote","lat":-62.133,"lon":-58.1,"name":"Twin Pinnacles","source":"SCAR CGA 15127 (United States of America)","tier":3,"type":"glacier"},"type":"Feature"},{"geometry":{"coordinates":[388253.0,-949016.0],"type":"Point"},"properties":{"alt":"","lat":-80.583,"lon":157.75,"name":"Twombley Glacier","source":"SCAR CGA 15139 (United States of America)","tier":3,"type":"glacier"},"type":"Feature"},{"geometry":{"coordinates":[384709.0,-1.905076e6],"type":"Point"},"properties":{"alt":"","lat":-72.25,"lon":168.583,"name":"Tyler Glacier","source":"SCAR CGA 15141 (United States of America)","tier":3,"type":"glacier"},"type":"Feature"},{"geometry":{"coordinates":[1.195135e6,1.660147e6],"type":"Point"},"properties":{"alt":"","lat":-71.333,"lon":35.75,"name":"Tôtyaku Hyôga","source":"SCAR CGA 14850 (Japan)","tier":3,"type":"glacier"},"type":"Feature"},{"geometry":{"coordinates":[118755.0,1.960325e6],"type":"Point"},"properties":{"alt":"Tønnesenbreen","lat":-72.067,"lon":3.467,"name":"Tønnesen Glacier","source":"SCAR CGA 14802 (United States of America)","tier":3,"type":"glacier"},"type":"Feature"},{"geometry":{"coordinates":[-1.45523e6,691514.0],"type":"Point"},"properties":{"alt":"","lat":-75.25,"lon":-64.583,"name":"Ueda Glacier","source":"SCAR CGA 15156 (United States of America)","tier":3,"type":"glacier"},"type":"Feature"},{"geometry":{"coordinates":[2.452649e6,-796914.0],"type":"Point"},"properties":{"alt":"","lat":-66.583,"lon":108.0,"name":"Underwood Glacier","source":"SCAR CGA 15183 (United States of America)","tier":3,"type":"glacier"},"type":"Feature"},{"geometry":{"coordinates":[-1.106995e6,145739.0],"type":"Point"},"properties":{"alt":"","lat":-79.75,"lon":-82.5,"name":"Union Glacier","source":"SCAR CGA 15189 (United States of America)","tier":3,"type":"glacier"},"type":"Feature"},{"geometry":{"coordinates":[499523.0,2.15795e6],"type":"Point"},"properties":{"alt":"","lat":-69.817,"lon":13.033,"name":"Universitetskij, Kupol","source":"SCAR CGA 15191 (Russia)","tier":3,"type":"dome"},"type":"Feature"},{"geometry":{"coordinates":[-1.385795e6,198874.0],"type":"Point"},"properties":{"alt":"","lat":-77.167,"lon":-81.833,"name":"Unkovskogo, lednik","source":"SCAR CGA 15194 (Russia)","tier":3,"type":"glacier"},"type":"Feature"},{"geometry":{"coordinates":[372373.0,-1.214186e6],"type":"Point"},"properties":{"alt":"","lat":-78.35,"lon":162.95,"name":"Upper Jaw Glacier","source":"SCAR CGA 15202 (United States of America)","tier":3,"type":"glacier"},"type":"Feature"},{"geometry":{"coordinates":[417046.0,-1.211189e6],"type":"Point"},"properties":{"alt":"","lat":-78.25,"lon":161.0,"name":"Upper Staircase","source":"SCAR CGA 15203 (United States of America)","tier":3,"type":"glacier"},"type":"Feature"},{"geometry":{"coordinates":[-1.894154e6,752501.0],"type":"Point"},"properties":{"alt":"Urano, glaciar","lat":-71.4,"lon":-68.333,"name":"Uranus Glacier","source":"SCAR CGA 15207 (United States of America)","tier":3,"type":"glacier"},"type":"Feature"},{"geometry":{"coordinates":[-2.632149e6,1.611928e6],"type":"Point"},"properties":{"alt":"","lat":-62.133,"lon":-58.517,"name":"Urbanek Icefall","source":"SCAR CGA 15211 (United Kingdom)","tier":3,"type":"glacier"},"type":"Feature"},{"geometry":{"coordinates":[-2.653093e6,1.487288e6],"type":"Point"},"properties":{"alt":"","lat":-62.524,"lon":-60.726,"name":"Urdoviza Glacier","source":"SCAR CGA 17932 (Bulgaria)","tier":3,"type":"glacier"},"type":"Feature"},{"geometry":{"coordinates":[-2.644785e6,1.613325e6],"type":"Point"},"properties":{"alt":"","lat":-62.033,"lon":-58.617,"name":"Usher Glacier","source":"SCAR CGA 15233 (United States of America)","tier":3,"type":"glacier"},"type":"Feature"},{"geometry":{"coordinates":[-2.205499e6,942241.0],"type":"Point"},"properties":{"alt":"Uspallata, glaciar","lat":-68.183,"lon":-66.867,"name":"Uspallata Glacier","source":"SCAR CGA 15239 (United States of America)","tier":3,"type":"glacier"},"type":"Feature"},{"geometry":{"coordinates":[-1.846719e6,736142.0],"type":"Point"},"properties":{"alt":"","lat":-71.85,"lon":-68.267,"name":"Utopia Glacier","source":"SCAR CGA 16618 (United States of America)","tier":3,"type":"glacier"},"type":"Feature"},{"geometry":{"coordinates":[2.166712e6,1.186226e6],"type":"Point"},"properties":{"alt":"","lat":-67.546,"lon":61.3,"name":"Utstikkar Glacier","source":"SCAR CGA 19809 (Australia)","tier":3,"type":"glacier"},"type":"Feature"},{"geometry":{"coordinates":[2.16696e6,1.184739e6],"type":"Point"},"properties":{"alt":"Jelbart Glacier","lat":-67.55,"lon":61.333,"name":"Utstikkar Glacier","source":"SCAR CGA 15257 (United States of America)","tier":3,"type":"glacier"},"type":"Feature"},{"geometry":{"coordinates":[446960.0,-1.62637e6],"type":"Point"},"properties":{"alt":"Vacchi Ice Piedmont","lat":-74.567,"lon":164.633,"name":"Vacchi Piedmont Glacier","source":"SCAR CGA 18083 (United States of America)","tier":3,"type":"glacier"},"type":"Feature"},{"geometry":{"coordinates":[419783.0,-1.289408e6],"type":"Point"},"properties":{"alt":"","lat":-77.567,"lon":161.967,"name":"Valhalla Glacier","source":"SCAR CGA 15278 (United States of America)","tier":3,"type":"glacier"},"type":"Feature"},{"geometry":{"coordinates":[829955.0,1.081619e6],"type":"Point"},"properties":{"alt":"Valkyrjedomen","lat":-77.5,"lon":37.5,"name":"Valkyrie Dome","source":"SCAR CGA 15284 (United States of America)","tier":3,"type":"dome"},"type":"Feature"},{"geometry":{"coordinates":[-2.307743e6,955899.0],"type":"Point"},"properties":{"alt":"Vallot, glaciar","lat":-67.3,"lon":-67.5,"name":"Vallot Glacier","source":"SCAR CGA 15288 (United States of America)","tier":3,"type":"glacier"},"type":"Feature"},{"geometry":{"coordinates":[594488.0,-1.99417e6],"type":"Point"},"properties":{"alt":"","lat":-71.017,"lon":163.4,"name":"Van Loon Glacier","source":"SCAR CGA 15303 (United States of America)","tier":3,"type":"glacier"},"type":"Feature"},{"geometry":{"coordinates":[-206380.0,-330278.0],"type":"Point"},"properties":{"alt":"","lat":-86.417,"lon":-148.0,"name":"Van Reeth Glacier","source":"SCAR CGA 15306 (United States of America)","tier":3,"type":"glacier"},"type":"Feature"},{"geometry":{"coordinates":[-471577.0,-445794.0],"type":"Point"},"properties":{"alt":"","lat":-84.033,"lon":-133.39,"name":"Van der Veen Ice Stream","source":"SCAR CGA 17570 (New Zealand)","tier":3,"type":"glacier"},"type":"Feature"},{"geometry":{"coordinates":[113084.0,-496406.0],"type":"Point"},"properties":{"alt":"","lat":-85.317,"lon":167.167,"name":"Vandament Glacier","source":"SCAR CGA 15312 (United States of America)","tier":3,"type":"glacier"},"type":"Feature"},{"geometry":{"coordinates":[2.416603e6,-900326.0],"type":"Point"},"properties":{"alt":"","lat":-66.583,"lon":110.433,"name":"Vanderford Glacier","source":"SCAR CGA 15314 (United States of America)","tier":3,"type":"glacier"},"type":"Feature"},{"geometry":{"coordinates":[-1.510941e6,-559415.0],"type":"Point"},"properties":{"alt":"","lat":-75.25,"lon":-110.317,"name":"Vane Glacier","source":"SCAR CGA 15316 (United States of America)","tier":3,"type":"glacier"},"type":"Feature"},{"geometry":{"coordinates":[489271.0,1.991955e6],"type":"Point"},"properties":{"alt":"Vangengejmbreen, Vangengejma, Glacier","lat":-71.283,"lon":13.8,"name":"Vangengeym Glacier","source":"SCAR CGA 15317 (United States of America)","tier":3,"type":"glacier"},"type":"Feature"},{"geometry":{"coordinates":[-1.924903e6,573228.0],"type":"Point"},"properties":{"alt":"Varlamova, lednik","lat":-71.667,"lon":-73.417,"name":"Varlamov Glacier","source":"SCAR CGA 15333 (United States of America)","tier":3,"type":"glacier"},"type":"Feature"},{"geometry":{"coordinates":[-200118.0,-396166.0],"type":"Point"},"properties":{"alt":"","lat":-85.917,"lon":-153.2,"name":"Vaughan Glacier","source":"SCAR CGA 15347 (United States of America)","tier":3,"type":"glacier"},"type":"Feature"},{"geometry":{"coordinates":[-1.687194e6,-333562.0],"type":"Point"},"properties":{"alt":"","lat":-74.267,"lon":-101.183,"name":"Velasco Glacier","source":"SCAR CGA 17571 (United States of America)","tier":3,"type":"glacier"},"type":"Feature"},{"geometry":{"coordinates":[-1.852658e6,86290.0],"type":"Point"},"properties":{"alt":"","lat":-73.05,"lon":-87.333,"name":"Venable Ice Shelf","source":"SCAR CGA 15375 (United States of America)","tier":3,"type":"iceshelf"},"type":"Feature"},{"geometry":{"coordinates":[2.080397e6,1.096094e6],"type":"Point"},"properties":{"alt":"","lat":-68.6,"lon":62.217,"name":"Venture Dome","source":"SCAR CGA 15388 (United States of America)","tier":3,"type":"dome"},"type":"Feature"},{"geometry":{"coordinates":[-1.868915e6,745622.0],"type":"Point"},"properties":{"alt":"Venus, glaciar","lat":-71.633,"lon":-68.25,"name":"Venus Glacier","source":"SCAR CGA 15390 (United States of America)","tier":3,"type":"glacier"},"type":"Feature"},{"geometry":{"coordinates":[-1.170866e6,-1.146597e6],"type":"Point"},"properties":{"alt":"","lat":-75.0,"lon":-134.4,"name":"Venzke Glacier","source":"SCAR CGA 15391 (United States of America)","tier":3,"type":"glacier"},"type":"Feature"},{"geometry":{"coordinates":[-1.942555e6,538718.0],"type":"Point"},"properties":{"alt":"","lat":-71.6,"lon":-74.5,"name":"Verdi Ice Shelf","source":"SCAR CGA 15395 (United States of America)","tier":3,"type":"iceshelf"},"type":"Feature"},{"geometry":{"coordinates":[349102.0,-1.213466e6],"type":"Point"},"properties":{"alt":"","lat":-78.417,"lon":163.95,"name":"Vereyken Glacier","source":"SCAR CGA 16785 (United States of America)","tier":3,"type":"glacier"},"type":"Feature"},{"geometry":{"coordinates":[-2.644103e6,1.484578e6],"type":"Point"},"properties":{"alt":"","lat":-62.604,"lon":-60.687,"name":"Verila Glacier","source":"SCAR CGA 17934 (Bulgaria)","tier":3,"type":"glacier"},"type":"Feature"},{"geometry":{"coordinates":[255590.0,2.07264e6],"type":"Point"},"properties":{"alt":"","lat":-70.95,"lon":7.03,"name":"Vestre Orvinbreen","source":"SCAR CGA 20015 (Norway)","tier":3,"type":"glacier"},"type":"Feature"},{"geometry":{"coordinates":[175162.0,1.969128e6],"type":"Point"},"properties":{"alt":"Skorvebreen, vestre","lat":-71.95,"lon":5.083,"name":"Vestreskorve Glacier","source":"SCAR CGA 15451 (United States of America)","tier":3,"type":"glacier"},"type":"Feature"},{"geometry":{"coordinates":[-445608.0,1.663033e6],"type":"Point"},"properties":{"alt":"Veststraumen, Endurance Glacier","lat":-74.25,"lon":-15.0,"name":"Veststraumen Glacier","source":"SCAR CGA 15454 (United States of America)","tier":3,"type":"glacier"},"type":"Feature"},{"geometry":{"coordinates":[-2.656064e6,1.382659e6],"type":"Point"},"properties":{"alt":"","lat":-62.935,"lon":-62.5,"name":"Vetrino Glacier","source":"SCAR CGA 18482 (Bulgaria)","tier":3,"type":"glacier"},"type":"Feature"},{"geometry":{"coordinates":[-1.339658e6,97596.0],"type":"Point"},"properties":{"alt":"","lat":-77.683,"lon":-85.833,"name":"Vicha Glacier","source":"SCAR CGA 19469 (Bulgaria)","tier":3,"type":"glacier"},"type":"Feature"},{"geometry":{"coordinates":[412733.0,-1.322424e6],"type":"Point"},"properties":{"alt":"Lower Victoria Glacier","lat":-77.3,"lon":162.667,"name":"Victoria Lower Glacier","source":"SCAR CGA 15478 (United States of America)","tier":3,"type":"glacier"},"type":"Feature"},{"geometry":{"coordinates":[442650.0,-1.316576e6],"type":"Point"},"properties":{"alt":"","lat":-77.267,"lon":161.417,"name":"Victoria Upper Glacier","source":"SCAR CGA 15480 (United States of America)","tier":3,"type":"glacier"},"type":"Feature"},{"geometry":{"coordinates":[-2.464867e6,1.515406e6],"type":"Point"},"properties":{"alt":"Victoria, glaciar, Vivar, Glaciar","lat":-63.817,"lon":-58.417,"name":"Victory Glacier","source":"SCAR CGA 15484 (United States of America)","tier":3,"type":"glacier"},"type":"Feature"},{"geometry":{"coordinates":[-2.472751e6,1.269005e6],"type":"Point"},"properties":{"alt":"Vidaurrazaga, Glaciar","lat":-64.817,"lon":-62.833,"name":"Vidaurrazaga Glacier","source":"SCAR CGA 15490 (United Kingdom)","tier":3,"type":"glacier"},"type":"Feature"},{"geometry":{"coordinates":[-2.480355e6,1.291499e6],"type":"Point"},"properties":{"alt":"","lat":-64.667,"lon":-62.494,"name":"Vidbol Glacier","source":"SCAR CGA 18597 (Bulgaria)","tier":3,"type":"glacier"},"type":"Feature"},{"geometry":{"coordinates":[165572.0,2.126565e6],"type":"Point"},"properties":{"alt":"","lat":-70.55,"lon":4.452,"name":"Vidisen","source":"SCAR CGA 20017 (Norway)","tier":3,"type":"iceshelf"},"type":"Feature"},{"geometry":{"coordinates":[-1.327122e6,88664.0],"type":"Point"},"properties":{"alt":"","lat":-77.803,"lon":-86.178,"name":"Vidul Glacier","source":"SCAR CGA 19460 (Bulgaria)","tier":3,"type":"glacier"},"type":"Feature"},{"geometry":{"coordinates":[388569.0,1.95347e6],"type":"Point"},"properties":{"alt":"Vindegghallet","lat":-71.817,"lon":11.25,"name":"Vindegghallet Glacier","source":"SCAR CGA 15526 (United States of America)","tier":3,"type":"glacier"},"type":"Feature"},{"geometry":{"coordinates":[275648.0,1.961334e6],"type":"Point"},"properties":{"alt":"Vinjebreen","lat":-71.917,"lon":8.0,"name":"Vinje Glacier","source":"SCAR CGA 15529 (United States of America)","tier":3,"type":"glacier"},"type":"Feature"},{"geometry":{"coordinates":[-1.314762e6,110595.0],"type":"Point"},"properties":{"alt":"","lat":-77.9,"lon":-85.192,"name":"Vit Ice Piedmont","source":"SCAR CGA 19465 (Bulgaria)","tier":3,"type":"glacier"},"type":"Feature"},{"geometry":{"coordinates":[-1.977776e6,726375.0],"type":"Point"},"properties":{"alt":"","lat":-70.783,"lon":-69.833,"name":"Vivaldi Glacier","source":"SCAR CGA 15551 (United States of America)","tier":3,"type":"glacier"},"type":"Feature"},{"geometry":{"coordinates":[-2.46695e6,1.26784e6],"type":"Point"},"properties":{"alt":"Vivallos, Ventisquero","lat":-64.867,"lon":-62.8,"name":"Vivallos Glacier","source":"SCAR CGA 15553 (United States of America)","tier":3,"type":"glacier"},"type":"Feature"},{"geometry":{"coordinates":[-2.623704e6,1.618327e6],"type":"Point"},"properties":{"alt":"Vieville, Glaciar","lat":-62.167,"lon":-58.333,"name":"Viéville, glaciar","source":"SCAR CGA 15503 (Argentina)","tier":3,"type":"glacier"},"type":"Feature"},{"geometry":{"coordinates":[-270775.0,1.709606e6],"type":"Point"},"properties":{"alt":"","lat":-74.167,"lon":-9.0,"name":"Vladimira Chelomeja, lednik","source":"SCAR CGA 15561 (Russia)","tier":3,"type":"glacier"},"type":"Feature"},{"geometry":{"coordinates":[2.148632e6,-1.476714e6],"type":"Point"},"properties":{"alt":"","lat":-66.333,"lon":124.5,"name":"Voejkova, shel'fovyj lednik","source":"SCAR CGA 15566 (Russia)","tier":3,"type":"glacier"},"type":"Feature"},{"geometry":{"coordinates":[-2.461476e6,1.245177e6],"type":"Point"},"properties":{"alt":"Vogel, glaciar","lat":-65.0,"lon":-63.167,"name":"Vogel Glacier","source":"SCAR CGA 15567 (United States of America)","tier":3,"type":"glacier"},"type":"Feature"},{"geometry":{"coordinates":[386287.0,-1.290284e6],"type":"Point"},"properties":{"alt":"","lat":-77.65,"lon":163.333,"name":"Von Guerard Glacier","source":"SCAR CGA 16788 (United States of America)","tier":3,"type":"glacier"},"type":"Feature"},{"geometry":{"coordinates":[-1.439379e6,-1.010363e6],"type":"Point"},"properties":{"alt":"","lat":-73.917,"lon":-125.067,"name":"Vornberger Glacier","source":"SCAR CGA 17572 (United States of America)","tier":3,"type":"glacier"},"type":"Feature"},{"geometry":{"coordinates":[2.145191e6,-1.481709e6],"type":"Point"},"properties":{"alt":"","lat":-66.333,"lon":124.633,"name":"Voyeykov Ice Shelf","source":"SCAR CGA 15606 (United States of America)","tier":3,"type":"iceshelf"},"type":"Feature"},{"geometry":{"coordinates":[2.116282e6,628210.0],"type":"Point"},"properties":{"alt":"","lat":-69.883,"lon":73.467,"name":"Vrana Dome","source":"SCAR CGA 15608 (United States of America)","tier":3,"type":"dome"},"type":"Feature"},{"geometry":{"coordinates":[-771095.0,670303.0],"type":"Point"},"properties":{"alt":"","lat":-80.617,"lon":-49.0,"name":"Vstrechnyj, lednik","source":"SCAR CGA 15610 (Russia)","tier":3,"type":"glacier"},"type":"Feature"},{"geometry":{"coordinates":[414505.0,-1.235242e6],"type":"Point"},"properties":{"alt":"","lat":-78.05,"lon":161.45,"name":"Waddington Glacier","source":"SCAR CGA 15629 (United States of America)","tier":3,"type":"glacier"},"type":"Feature"},{"geometry":{"coordinates":[-2.074904e6,780596.0],"type":"Point"},"properties":{"alt":"","lat":-69.8,"lon":-69.383,"name":"Wager Glacier","source":"SCAR CGA 15635 (United States of America)","tier":3,"type":"glacier"},"type":"Feature"},{"geometry":{"coordinates":[168244.0,-632306.0],"type":"Point"},"properties":{"alt":"","lat":-83.983,"lon":165.1,"name":"Wahl Glacier","source":"SCAR CGA 15641 (United States of America)","tier":3,"type":"glacier"},"type":"Feature"},{"geometry":{"coordinates":[369701.0,-1.228384e6],"type":"Point"},"properties":{"alt":"","lat":-78.233,"lon":163.25,"name":"Walcott Glacier","source":"SCAR CGA 15656 (United States of America)","tier":3,"type":"glacier"},"type":"Feature"},{"geometry":{"coordinates":[1.9813e6,-1.662508e6],"type":"Point"},"properties":{"alt":"","lat":-66.517,"lon":130.0,"name":"Waldron Glacier","source":"SCAR CGA 15666 (United States of America)","tier":3,"type":"glacier"},"type":"Feature"},{"geometry":{"coordinates":[383193.0,-1.295023e6],"type":"Point"},"properties":{"alt":"","lat":-77.617,"lon":163.517,"name":"Wales Glacier","source":"SCAR CGA 15670 (United States of America)","tier":3,"type":"glacier"},"type":"Feature"},{"geometry":{"coordinates":[-1.784946e6,-134211.0],"type":"Point"},"properties":{"alt":"","lat":-73.633,"lon":-94.3,"name":"Walk Glacier","source":"SCAR CGA 15675 (United States of America)","tier":3,"type":"glacier"},"type":"Feature"},{"geometry":{"coordinates":[458465.0,-1.303393e6],"type":"Point"},"properties":{"alt":"","lat":-77.333,"lon":160.621,"name":"Walker Glacier","source":"SCAR CGA 18016 (United States of America)","tier":3,"type":"glacier"},"type":"Feature"},{"geometry":{"coordinates":[-2.443846e6,1.287583e6],"type":"Point"},"properties":{"alt":"","lat":-64.967,"lon":-62.217,"name":"Wallend Glacier","source":"SCAR CGA 15694 (United States of America)","tier":3,"type":"glacier"},"type":"Feature"},{"geometry":{"coordinates":[418838.0,-2.01364e6],"type":"Point"},"properties":{"alt":"","lat":-71.233,"lon":168.25,"name":"Wallis Glacier","source":"SCAR CGA 15696 (United States of America)","tier":3,"type":"glacier"},"type":"Feature"},{"geometry":{"coordinates":[813631.0,-2.092247e6],"type":"Point"},"properties":{"alt":"","lat":-69.55,"lon":158.75,"name":"Walsh Glacier","source":"SCAR CGA 15703 (United States of America)","tier":3,"type":"glacier"},"type":"Feature"},{"geometry":{"coordinates":[-2.142304e6,764947.0],"type":"Point"},"properties":{"alt":"","lat":-69.283,"lon":-70.35,"name":"Walter Glacier","source":"SCAR CGA 15708 (United States of America)","tier":3,"type":"glacier"},"type":"Feature"},{"geometry":{"coordinates":[-2.630132e6,1.620708e6],"type":"Point"},"properties":{"alt":"","lat":-62.108,"lon":-58.358,"name":"Wanda Glacier","source":"SCAR CGA 15715 (Poland)","tier":3,"type":"glacier"},"type":"Feature"},{"geometry":{"coordinates":[367316.0,-1.237746e6],"type":"Point"},"properties":{"alt":"","lat":-78.158,"lon":163.471,"name":"Ward Glacier","source":"SCAR CGA 15724 (New Zealand)","tier":3,"type":"glacier"},"type":"Feature"},{"geometry":{"coordinates":[-2.313022e6,962818.0],"type":"Point"},"properties":{"alt":"Ward, glaciar","lat":-67.233,"lon":-67.4,"name":"Ward Glacier","source":"SCAR CGA 15723 (United States of America)","tier":3,"type":"glacier"},"type":"Feature"},{"geometry":{"coordinates":[339164.0,-1.994672e6],"type":"Point"},"properties":{"alt":"","lat":-71.533,"lon":170.35,"name":"Warning Glacier","source":"SCAR CGA 15742 (United States of America)","tier":3,"type":"glacier"},"type":"Feature"},{"geometry":{"coordinates":[-1.930432e6,-282194.0],"type":"Point"},"properties":{"alt":"","lat":-72.183,"lon":-98.317,"name":"Warr Glacier","source":"SCAR CGA 17576 (United States of America)","tier":3,"type":"glacier"},"type":"Feature"},{"geometry":{"coordinates":[-2.627471e6,1.604866e6],"type":"Point"},"properties":{"alt":"Warszawa Icefield (Dome, Peninsula), Warszawa Icefield","lat":-62.2,"lon":-58.583,"name":"Warszawa Dome","source":"SCAR CGA 15753 (United States of America)","tier":3,"type":"dome"},"type":"Feature"},{"geometry":{"coordinates":[-1.629461e6,908809.0],"type":"Point"},"properties":{"alt":"","lat":-72.95,"lon":-60.85,"name":"Watkins Glacier","source":"SCAR CGA 20324 (United Kingdom)","tier":3,"type":"glacier"},"type":"Feature"},{"geometry":{"coordinates":[-570885.0,470322.0],"type":"Point"},"properties":{"alt":"","lat":-83.2,"lon":-50.517,"name":"Watts Summit","source":"SCAR CGA 15788 (United States of America)","tier":3,"type":"glacier"},"type":"Feature"},{"geometry":{"coordinates":[-1.537686e6,830269.0],"type":"Point"},"properties":{"alt":"","lat":-74.017,"lon":-61.633,"name":"Waverly Glacier","source":"SCAR CGA 15795 (United States of America)","tier":3,"type":"glacier"},"type":"Feature"},{"geometry":{"coordinates":[380795.0,-1.293829e6],"type":"Point"},"properties":{"alt":"","lat":-77.633,"lon":163.6,"name":"Weatherwax Glacier","source":"SCAR CGA 17157 (United States of America)","tier":3,"type":"glacier"},"type":"Feature"},{"geometry":{"coordinates":[456127.0,-1.306146e6],"type":"Point"},"properties":{"alt":"","lat":-77.317,"lon":160.75,"name":"Webb Glacier","source":"SCAR CGA 15806 (United States of America)","tier":3,"type":"glacier"},"type":"Feature"},{"geometry":{"coordinates":[-1.185118e6,79062.0],"type":"Point"},"properties":{"alt":"","lat":-79.1,"lon":-86.183,"name":"Webster Glacier","source":"SCAR CGA 15823 (United States of America)","tier":3,"type":"glacier"},"type":"Feature"},{"geometry":{"coordinates":[1.386562e6,634329.0],"type":"Point"},"properties":{"alt":"","lat":-76.033,"lon":65.417,"name":"Wehrle Dome","source":"SCAR CGA 15851 (Australia)","tier":3,"type":"dome"},"type":"Feature"},{"geometry":{"coordinates":[-2.384397e6,1.127099e6],"type":"Point"},"properties":{"alt":"","lat":-66.067,"lon":-64.7,"name":"Weir Glacier","source":"SCAR CGA 15857 (United States of America)","tier":3,"type":"glacier"},"type":"Feature"},{"geometry":{"coordinates":[-2.47437e6,1.347205e6],"type":"Point"},"properties":{"alt":"Wellman, glaciar","lat":-64.483,"lon":-61.433,"name":"Wellman Glacier","source":"SCAR CGA 15878 (United States of America)","tier":3,"type":"glacier"},"type":"Feature"},{"geometry":{"coordinates":[-1.578034e6,868131.0],"type":"Point"},"properties":{"alt":"","lat":-73.533,"lon":-61.183,"name":"Wells Glacier","source":"SCAR CGA 15881 (United States of America)","tier":3,"type":"glacier"},"type":"Feature"},{"geometry":{"coordinates":[-1.205517e6,120327.0],"type":"Point"},"properties":{"alt":"","lat":-78.883,"lon":-84.3,"name":"Wessbecher Glacier","source":"SCAR CGA 15896 (United States of America)","tier":3,"type":"glacier"},"type":"Feature"},{"geometry":{"coordinates":[2.559656e6,223941.0],"type":"Point"},"properties":{"alt":"","lat":-66.667,"lon":85.0,"name":"West Ice Shelf","source":"SCAR CGA 15908 (United States of America)","tier":3,"type":"iceshelf"},"type":"Feature"},{"geometry":{"coordinates":[2.604682e6,113723.0],"type":"Point"},"properties":{"alt":"","lat":-66.333,"lon":87.5,"name":"Westeis","source":"SCAR CGA 15919 (Germany)","tier":3,"type":"iceshelf"},"type":"Feature"},{"geometry":{"coordinates":[577396.0,-2.035955e6],"type":"Point"},"properties":{"alt":"","lat":-70.7,"lon":164.167,"name":"Westfalengletscher","source":"SCAR CGA 15922 (Germany)","tier":3,"type":"glacier"},"type":"Feature"},{"geometry":{"coordinates":[396721.0,1.949945e6],"type":"Point"},"properties":{"alt":"","lat":-71.833,"lon":11.5,"name":"Westliches Hochfeld","source":"SCAR CGA 6489 (Germany)","tier":3,"type":"glacier"},"type":"Feature"},{"geometry":{"coordinates":[-1.503956e6,747117.0],"type":"Point"},"properties":{"alt":"Wetmore, glaciar","lat":-74.633,"lon":-63.583,"name":"Wetmore Glacier","source":"SCAR CGA 15929 (United States of America)","tier":3,"type":"glacier"},"type":"Feature"},{"geometry":{"coordinates":[-2.124985e6,966920.0],"type":"Point"},"properties":{"alt":"Weyerhaeuser, glaciar","lat":-68.75,"lon":-65.533,"name":"Weyerhaeuser Glacier","source":"SCAR CGA 15934 (United States of America)","tier":3,"type":"glacier"},"type":"Feature"},{"geometry":{"coordinates":[-2.474127e6,1.287033e6],"type":"Point"},"properties":{"alt":"","lat":-64.733,"lon":-62.517,"name":"Wheatstone Glacier","source":"SCAR CGA 15946 (United States of America)","tier":3,"type":"glacier"},"type":"Feature"},{"geometry":{"coordinates":[348343.0,-1.932778e6],"type":"Point"},"properties":{"alt":"","lat":-72.067,"lon":169.783,"name":"Whewell Glacier","source":"SCAR CGA 15954 (United States of America)","tier":3,"type":"glacier"},"type":"Feature"},{"geometry":{"coordinates":[413636.0,-1.897104e6],"type":"Point"},"properties":{"alt":"","lat":-72.267,"lon":167.7,"name":"Whiplash Glacier","source":"SCAR CGA 15958 (United States of America)","tier":3,"type":"glacier"},"type":"Feature"},{"geometry":{"coordinates":[-2.442553e6,1.524303e6],"type":"Point"},"properties":{"alt":"","lat":-63.942,"lon":-58.033,"name":"Whisky Glacier","source":"SCAR CGA 18144 (United Kingdom)","tier":3,"type":"glacier"},"type":"Feature"},{"geometry":{"coordinates":[-2.620756e6,1.629165e6],"type":"Point"},"properties":{"alt":"","lat":-62.139,"lon":-58.133,"name":"White Eagle Glacier","source":"SCAR CGA 15970 (Poland)","tier":3,"type":"glacier"},"type":"Feature"},{"geometry":{"coordinates":[-982740.0,-1.206389e6],"type":"Point"},"properties":{"alt":"","lat":-75.75,"lon":-140.833,"name":"White Glacier","source":"SCAR CGA 15972 (United States of America)","tier":3,"type":"glacier"},"type":"Feature"},{"geometry":{"coordinates":[-2.48408e6,1.461291e6],"type":"Point"},"properties":{"alt":"Whitecloud, glaciar","lat":-63.917,"lon":-59.533,"name":"Whitecloud Glacier","source":"SCAR CGA 15984 (United States of America)","tier":3,"type":"glacier"},"type":"Feature"},{"geometry":{"coordinates":[347433.0,-1.859488e6],"type":"Point"},"properties":{"alt":"","lat":-72.717,"lon":169.417,"name":"Whitehall Glacier","source":"SCAR CGA 15986 (United States of America)","tier":3,"type":"glacier"},"type":"Feature"},{"geometry":{"coordinates":[-161726.0,-444339.0],"type":"Point"},"properties":{"alt":"","lat":-85.65,"lon":-160.0,"name":"Whitney Glacier","source":"SCAR CGA 15998 (United States of America)","tier":3,"type":"glacier"},"type":"Feature"},{"geometry":{"coordinates":[2.374286e6,-1.067878e6],"type":"Point"},"properties":{"alt":"","lat":-66.367,"lon":114.217,"name":"Whittle Glacier","source":"SCAR CGA 16004 (United States of America)","tier":3,"type":"glacier"},"type":"Feature"},{"geometry":{"coordinates":[-2.337863e6,1.052311e6],"type":"Point"},"properties":{"alt":"Widdowson, glaciar","lat":-66.717,"lon":-65.767,"name":"Widdowson Glacier","source":"SCAR CGA 16009 (United States of America)","tier":3,"type":"glacier"},"type":"Feature"},{"geometry":{"coordinates":[-750242.0,1.051801e6],"type":"Point"},"properties":{"alt":"","lat":-78.15,"lon":-35.5,"name":"Wiedenmanngletscher","source":"SCAR CGA 16017 (Germany)","tier":3,"type":"glacier"},"type":"Feature"},{"geometry":{"coordinates":[-2.456521e6,1.195473e6],"type":"Point"},"properties":{"alt":"","lat":-65.233,"lon":-64.05,"name":"Wiggins Glacier","source":"SCAR CGA 16024 (United States of America)","tier":3,"type":"glacier"},"type":"Feature"},{"geometry":{"coordinates":[462593.0,-1.356274e6],"type":"Point"},"properties":{"alt":"","lat":-76.867,"lon":161.167,"name":"Wildwind Glacier","source":"SCAR CGA 16039 (United States of America)","tier":3,"type":"glacier"},"type":"Feature"},{"geometry":{"coordinates":[436568.0,-1.834894e6],"type":"Point"},"properties":{"alt":"","lat":-72.767,"lon":166.617,"name":"Wilhelm Glacier","source":"SCAR CGA 16046 (United States of America)","tier":3,"type":"glacier"},"type":"Feature"},{"geometry":{"coordinates":[-2.071863e6,633432.0],"type":"Point"},"properties":{"alt":"","lat":-70.25,"lon":-73.0,"name":"Wilkins Ice Shelf","source":"SCAR CGA 16057 (United States of America)","tier":3,"type":"iceshelf"},"type":"Feature"},{"geometry":{"coordinates":[-2.336081e6,1.023849e6],"type":"Point"},"properties":{"alt":"Wilkinson, glaciar","lat":-66.833,"lon":-66.333,"name":"Wilkinson Glacier","source":"SCAR CGA 16061 (United States of America)","tier":3,"type":"glacier"},"type":"Feature"},{"geometry":{"coordinates":[-1.989144e6,810407.0],"type":"Point"},"properties":{"alt":"","lat":-70.417,"lon":-67.833,"name":"Willey Glacier","source":"SCAR CGA 16070 (United States of America)","tier":3,"type":"glacier"},"type":"Feature"},{"geometry":{"coordinates":[-2.496454e6,1.247407e6],"type":"Point"},"properties":{"alt":"Tolosa, glaciar, William, Glaciar","lat":-64.717,"lon":-63.45,"name":"William Glacier","source":"SCAR CGA 16072 (United States of America)","tier":3,"type":"glacier"},"type":"Feature"},{"geometry":{"coordinates":[394466.0,-1.236025e6],"type":"Point"},"properties":{"alt":"","lat":-78.1,"lon":162.3,"name":"Williams Glacier","source":"SCAR CGA 16078 (United States of America)","tier":3,"type":"glacier"},"type":"Feature"},{"geometry":{"coordinates":[1.201439e6,-2.047279e6],"type":"Point"},"properties":{"alt":"","lat":-68.402,"lon":149.594,"name":"Williams Glacier","source":"SCAR CGA 18716 (Australia)","tier":3,"type":"glacier"},"type":"Feature"},{"geometry":{"coordinates":[-1.831807e6,49567.0],"type":"Point"},"properties":{"alt":"","lat":-73.25,"lon":-88.45,"name":"Williams Ice Stream","source":"SCAR CGA 17578 (United States of America)","tier":3,"type":"glacier"},"type":"Feature"},{"geometry":{"coordinates":[2.345467e6,-1.049178e6],"type":"Point"},"properties":{"alt":"","lat":-66.667,"lon":114.1,"name":"Williamson Glacier","source":"SCAR CGA 16090 (United States of America)","tier":3,"type":"glacier"},"type":"Feature"},{"geometry":{"coordinates":[427302.0,-1.321637e6],"type":"Point"},"properties":{"alt":"","lat":-77.267,"lon":162.083,"name":"Willis Glacier","source":"SCAR CGA 16101 (United States of America)","tier":3,"type":"glacier"},"type":"Feature"},{"geometry":{"coordinates":[2.080197e6,1.403111e6],"type":"Point"},"properties":{"alt":"","lat":-67.2,"lon":56.0,"name":"Wilma Glacier","source":"SCAR CGA 16105 (United States of America)","tier":3,"type":"glacier"},"type":"Feature"},{"geometry":{"coordinates":[2.131129e6,1.415024e6],"type":"Point"},"properties":{"alt":"","lat":-66.767,"lon":56.417,"name":"Wilson Glacier","source":"SCAR CGA 16108 (United States of America)","tier":3,"type":"glacier"},"type":"Feature"},{"geometry":{"coordinates":[402769.0,-1.331237e6],"type":"Point"},"properties":{"alt":"","lat":-77.25,"lon":163.167,"name":"Wilson Piedmont Glacier","source":"SCAR CGA 16115 (United States of America)","tier":3,"type":"glacier"},"type":"Feature"},{"geometry":{"coordinates":[-2.494203e6,1.507569e6],"type":"Point"},"properties":{"alt":"","lat":-63.633,"lon":-58.85,"name":"Wimple Dome","source":"SCAR CGA 16128 (United States of America)","tier":3,"type":"dome"},"type":"Feature"},{"geometry":{"coordinates":[-2.629337e6,1.612838e6],"type":"Point"},"properties":{"alt":"","lat":-62.15,"lon":-58.475,"name":"Windy Glacier","source":"SCAR CGA 16140 (Poland)","tier":3,"type":"glacier"},"type":"Feature"},{"geometry":{"coordinates":[623816.0,-2.031949e6],"type":"Point"},"properties":{"alt":"","lat":-70.617,"lon":162.933,"name":"Winklergletscher","source":"SCAR CGA 16146 (Germany)","tier":3,"type":"glacier"},"type":"Feature"},{"geometry":{"coordinates":[389493.0,-1.201111e6],"type":"Point"},"properties":{"alt":"","lat":-78.417,"lon":162.033,"name":"Wirdnam Glacier","source":"SCAR CGA 16153 (United States of America)","tier":3,"type":"glacier"},"type":"Feature"},{"geometry":{"coordinates":[-549849.0,-1.259556e6],"type":"Point"},"properties":{"alt":"","lat":-77.4,"lon":-156.417,"name":"Withrow Glacier","source":"SCAR CGA 16170 (United States of America)","tier":3,"type":"glacier"},"type":"Feature"},{"geometry":{"coordinates":[441143.0,-1.866165e6],"type":"Point"},"properties":{"alt":"","lat":-72.483,"lon":166.7,"name":"Wood Glacier","source":"SCAR CGA 16192 (United States of America)","tier":3,"type":"glacier"},"type":"Feature"},{"geometry":{"coordinates":[512896.0,-1.54482e6],"type":"Point"},"properties":{"alt":"","lat":-75.1,"lon":161.633,"name":"Woodberry Glacier","source":"SCAR CGA 16197 (United States of America)","tier":3,"type":"glacier"},"type":"Feature"},{"geometry":{"coordinates":[-2.464951e6,1.292302e6],"type":"Point"},"properties":{"alt":"","lat":-64.783,"lon":-62.333,"name":"Woodbury Glacier","source":"SCAR CGA 16199 (United States of America)","tier":3,"type":"glacier"},"type":"Feature"},{"geometry":{"coordinates":[-637589.0,491600.0],"type":"Point"},"properties":{"alt":"","lat":-82.6,"lon":-52.367,"name":"Worcester Summit","source":"SCAR CGA 16213 (United States of America)","tier":3,"type":"glacier"},"type":"Feature"},{"geometry":{"coordinates":[-2.108855e6,862755.0],"type":"Point"},"properties":{"alt":"Wordie, barrera de hielos, Wordie Ice Shelf*, Wordie, Barrera de Hielos","lat":-69.25,"lon":-67.75,"name":"Wordie Ice Shelf","source":"SCAR CGA 16215 (United States of America)","tier":3,"type":"iceshelf"},"type":"Feature"},{"geometry":{"coordinates":[-320608.0,-282820.0],"type":"Point"},"properties":{"alt":"","lat":-86.067,"lon":-131.417,"name":"Wotkyns Glacier","source":"SCAR CGA 16228 (United States of America)","tier":3,"type":"glacier"},"type":"Feature"},{"geometry":{"coordinates":[401282.0,-1.312534e6],"type":"Point"},"properties":{"alt":"","lat":-77.417,"lon":163.0,"name":"Wright Lower Glacier","source":"SCAR CGA 16235 (United States of America)","tier":3,"type":"glacier"},"type":"Feature"},{"geometry":{"coordinates":[452010.0,-1.282359e6],"type":"Point"},"properties":{"alt":"Upper Wright Glacier","lat":-77.533,"lon":160.583,"name":"Wright Upper Glacier","source":"SCAR CGA 16241 (United States of America)","tier":3,"type":"glacier"},"type":"Feature"},{"geometry":{"coordinates":[-2.152953e6,716889.0],"type":"Point"},"properties":{"alt":"","lat":-69.333,"lon":-71.583,"name":"Wubbold Glacier","source":"SCAR CGA 16250 (United States of America)","tier":3,"type":"glacier"},"type":"Feature"},{"geometry":{"coordinates":[-2.625212e6,1.531457e6],"type":"Point"},"properties":{"alt":"","lat":-62.544,"lon":-59.742,"name":"Wulfila Glacier","source":"SCAR CGA 17967 (Bulgaria)","tier":3,"type":"glacier"},"type":"Feature"},{"geometry":{"coordinates":[388683.0,-1.828608e6],"type":"Point"},"properties":{"alt":"","lat":-72.917,"lon":168.0,"name":"Wunderlichgletscher","source":"SCAR CGA 16254 (Germany)","tier":3,"type":"glacier"},"type":"Feature"},{"geometry":{"coordinates":[-2.181814e6,963810.0],"type":"Point"},"properties":{"alt":"","lat":-68.3,"lon":-66.167,"name":"Wyatt Glacier","source":"SCAR CGA 16263 (United States of America)","tier":3,"type":"glacier"},"type":"Feature"},{"geometry":{"coordinates":[167260.0,-610005.0],"type":"Point"},"properties":{"alt":"","lat":-84.183,"lon":164.667,"name":"Wyckoff Glacier","source":"SCAR CGA 16270 (United States of America)","tier":3,"type":"glacier"},"type":"Feature"},{"geometry":{"coordinates":[1.920761e6,1.617431e6],"type":"Point"},"properties":{"alt":"","lat":-67.183,"lon":49.9,"name":"Wyers Ice Shelf","source":"SCAR CGA 16271 (United States of America)","tier":3,"type":"iceshelf"},"type":"Feature"},{"geometry":{"coordinates":[414335.0,-1.75276e6],"type":"Point"},"properties":{"alt":"","lat":-73.533,"lon":166.7,"name":"Wylde Glacier","source":"SCAR CGA 16274 (United States of America)","tier":3,"type":"glacier"},"type":"Feature"},{"geometry":{"coordinates":[-2.655319e6,1.381259e6],"type":"Point"},"properties":{"alt":"","lat":-62.946,"lon":-62.517,"name":"Yablanitsa Glacier","source":"SCAR CGA 18483 (Bulgaria)","tier":3,"type":"glacier"},"type":"Feature"},{"geometry":{"coordinates":[-2.637461e6,1.526202e6],"type":"Point"},"properties":{"alt":"","lat":-62.475,"lon":-59.944,"name":"Yakoruda Glacier","source":"SCAR CGA 17953 (Bulgaria)","tier":3,"type":"glacier"},"type":"Feature"},{"geometry":{"coordinates":[1.184891e6,1.656058e6],"type":"Point"},"properties":{"alt":"Yamato, Glacier","lat":-71.417,"lon":35.583,"name":"Yamato Glacier","source":"SCAR CGA 16339 (United States of America)","tier":3,"type":"glacier"},"type":"Feature"},{"geometry":{"coordinates":[-1.343962e6,105378.0],"type":"Point"},"properties":{"alt":"","lat":-77.639,"lon":-85.517,"name":"Yamen Glacier","source":"SCAR CGA 19470 (Bulgaria)","tier":3,"type":"glacier"},"type":"Feature"},{"geometry":{"coordinates":[389829.0,-989638.0],"type":"Point"},"properties":{"alt":"","lat":-80.233,"lon":158.5,"name":"Yancey Glacier","source":"SCAR CGA 16342 (United States of America)","tier":3,"type":"glacier"},"type":"Feature"},{"geometry":{"coordinates":[-1.860466e6,980912.0],"type":"Point"},"properties":{"alt":"","lat":-70.817,"lon":-62.2,"name":"Yates Glacier","source":"SCAR CGA 16356 (United States of America)","tier":3,"type":"glacier"},"type":"Feature"},{"geometry":{"coordinates":[-47219.0,-539714.0],"type":"Point"},"properties":{"alt":"","lat":-85.017,"lon":-175.0,"name":"Yeats Glacier","source":"SCAR CGA 16360 (United States of America)","tier":3,"type":"glacier"},"type":"Feature"},{"geometry":{"coordinates":[-1.480675e6,-671664.0],"type":"Point"},"properties":{"alt":"","lat":-75.117,"lon":-114.4,"name":"Yoder Glacier","source":"SCAR CGA 16376 (United States of America)","tier":3,"type":"glacier"},"type":"Feature"},{"geometry":{"coordinates":[-1.29578e6,117544.0],"type":"Point"},"properties":{"alt":"","lat":-78.067,"lon":-84.817,"name":"Young Glacier","source":"SCAR CGA 16380 (United States of America)","tier":3,"type":"glacier"},"type":"Feature"},{"geometry":{"coordinates":[-2.139096e6,720002.0],"type":"Point"},"properties":{"alt":"","lat":-69.442,"lon":-71.397,"name":"Yozola Glacier","source":"SCAR CGA 18563 (Bulgaria)","tier":3,"type":"glacier"},"type":"Feature"},{"geometry":{"coordinates":[-2.630511e6,1.603573e6],"type":"Point"},"properties":{"alt":"","lat":-62.183,"lon":-58.633,"name":"Zalewski Glacier","source":"SCAR CGA 16427 (Poland)","tier":3,"type":"glacier"},"type":"Feature"},{"geometry":{"coordinates":[-31027.0,-495465.0],"type":"Point"},"properties":{"alt":"","lat":-85.433,"lon":-176.417,"name":"Zaneveld Glacier","source":"SCAR CGA 16432 (United States of America)","tier":3,"type":"glacier"},"type":"Feature"},{"geometry":{"coordinates":[-1.241144e6,90055.0],"type":"Point"},"properties":{"alt":"","lat":-78.583,"lon":-85.85,"name":"Zapol Glacier","source":"SCAR CGA 18302 (United States of America)","tier":3,"type":"glacier"},"type":"Feature"},{"geometry":{"coordinates":[-2.532856e6,1.347214e6],"type":"Point"},"properties":{"alt":"","lat":-64.032,"lon":-61.992,"name":"Zbelsurd Glacier","source":"SCAR CGA 19358 (Bulgaria)","tier":3,"type":"glacier"},"type":"Feature"},{"geometry":{"coordinates":[-2.621286e6,1.642207e6],"type":"Point"},"properties":{"alt":"","lat":-62.075,"lon":-57.933,"name":"Zbyszek Glacier","source":"SCAR CGA 16458 (Poland)","tier":3,"type":"glacier"},"type":"Feature"},{"geometry":{"coordinates":[394327.0,-906891.0],"type":"Point"},"properties":{"alt":"","lat":-80.917,"lon":156.5,"name":"Zeller Glacier","source":"SCAR CGA 16471 (United States of America)","tier":3,"type":"glacier"},"type":"Feature"},{"geometry":{"coordinates":[555789.0,-1.906826e6],"type":"Point"},"properties":{"alt":"","lat":-71.867,"lon":163.75,"name":"Zenith Glacier","source":"SCAR CGA 16472 (United States of America)","tier":3,"type":"glacier"},"type":"Feature"},{"geometry":{"coordinates":[-2.098801e6,822511.0],"type":"Point"},"properties":{"alt":"","lat":-69.467,"lon":-68.6,"name":"Zephyr Glacier","source":"SCAR CGA 16475 (United States of America)","tier":3,"type":"glacier"},"type":"Feature"},{"geometry":{"coordinates":[364161.0,-1.254816e6],"type":"Point"},"properties":{"alt":"","lat":-78.017,"lon":163.817,"name":"Zetland Glacier","source":"SCAR CGA 16480 (United States of America)","tier":3,"type":"glacier"},"type":"Feature"},{"geometry":{"coordinates":[-1.318021e6,92165.0],"type":"Point"},"properties":{"alt":"","lat":-77.883,"lon":-86.0,"name":"Zhenda Glacier","source":"SCAR CGA 19457 (Bulgaria)","tier":3,"type":"glacier"},"type":"Feature"},{"geometry":{"coordinates":[-2.623309e6,1.534032e6],"type":"Point"},"properties":{"alt":"","lat":-62.547,"lon":-59.682,"name":"Zheravna Glacier","source":"SCAR CGA 17970 (Bulgaria)","tier":3,"type":"glacier"},"type":"Feature"},{"geometry":{"coordinates":[-1.921591e6,-204229.0],"type":"Point"},"properties":{"alt":"","lat":-72.35,"lon":-96.067,"name":"Zinberg Glacier","source":"SCAR CGA 17582 (United States of America)","tier":3,"type":"glacier"},"type":"Feature"},{"geometry":{"coordinates":[-2.513452e6,1.307489e6],"type":"Point"},"properties":{"alt":"","lat":-64.344,"lon":-62.517,"name":"Zlatiya Glacier","source":"SCAR CGA 19572 (Bulgaria)","tier":3,"type":"glacier"},"type":"Feature"},{"geometry":{"coordinates":[-2.634476e6,1.615465e6],"type":"Point"},"properties":{"alt":"","lat":-62.1,"lon":-58.483,"name":"Znosko Glacier","source":"SCAR CGA 16516 (United Kingdom)","tier":3,"type":"glacier"},"type":"Feature"},{"geometry":{"coordinates":[401700.0,-1.258694e6],"type":"Point"},"properties":{"alt":"","lat":-77.883,"lon":162.3,"name":"Zoller Glacier","source":"SCAR CGA 16518 (United States of America)","tier":3,"type":"glacier"},"type":"Feature"},{"geometry":{"coordinates":[-2.088677e6,822752.0],"type":"Point"},"properties":{"alt":"","lat":-69.55,"lon":-68.5,"name":"Zonda Glacier","source":"SCAR CGA 16520 (United States of America)","tier":3,"type":"glacier"},"type":"Feature"},{"geometry":{"coordinates":[-100717.0,-530492.0],"type":"Point"},"properties":{"alt":"","lat":-85.033,"lon":-169.25,"name":"Zotikov Glacier","source":"SCAR CGA 16522 (United States of America)","tier":3,"type":"glacier"},"type":"Feature"},{"geometry":{"coordinates":[1.894662e6,1.642175e6],"type":"Point"},"properties":{"alt":"Zubchatyj, shel'fovyj lednik","lat":-67.217,"lon":49.083,"name":"Zubchatyy Ice Shelf","source":"SCAR CGA 16527 (United States of America)","tier":3,"type":"iceshelf"},"type":"Feature"},{"geometry":{"coordinates":[-1.565501e6,-627741.0],"type":"Point"},"properties":{"alt":"","lat":-74.567,"lon":-111.85,"name":"Zuniga Glacier","source":"SCAR CGA 16540 (United States of America)","tier":3,"type":"glacier"},"type":"Feature"},{"geometry":{"coordinates":[528185.0,-1.990195e6],"type":"Point"},"properties":{"alt":"","lat":-71.212,"lon":165.137,"name":"Zwally Glacier","source":"SCAR CGA 18985 (United States of America)","tier":3,"type":"glacier"},"type":"Feature"},{"geometry":{"coordinates":[2.554123e6,40939.0],"type":"Point"},"properties":{"alt":"Zybkij, lednik","lat":-66.799,"lon":89.082,"name":"Zybkij Glacier","source":"SCAR CGA 16547 (Australia)","tier":3,"type":"glacier"},"type":"Feature"},{"geometry":{"coordinates":[558488.0,-2.050866e6],"type":"Point"},"properties":{"alt":"Zykova, lednik","lat":-70.617,"lon":164.767,"name":"Zykov Glacier","source":"SCAR CGA 16548 (United States of America)","tier":3,"type":"glacier"},"type":"Feature"},{"geometry":{"coordinates":[1.597001e6,-1.983906e6],"type":"Point"},"properties":{"alt":"Zélée, Glacier de la","lat":-66.867,"lon":141.167,"name":"Zélée Glacier","source":"SCAR CGA 16465 (United States of America)","tier":3,"type":"glacier"},"type":"Feature"},{"geometry":{"coordinates":[-2.355871e6,1.035789e6],"type":"Point"},"properties":{"alt":"","lat":-66.631,"lon":-66.267,"name":"Škorpil Glacier","source":"SCAR CGA 18776 (Bulgaria)","tier":3,"type":"glacier"},"type":"Feature"}],"type":"FeatureCollection"}