name,lat,lon,type,source,tier,alt,historical
AAE Glacier,-67.5889,145.6169,glacier,SCAR CGA 18717 (Australia),3,,
ANZAC Glacier,-66.8678,109.4756,glacier,SCAR CGA 18719 (Australia),3,,
Aagaard Glacier,-66.7667,-64.5167,glacier,SCAR CGA 1 (United States of America),3,"Alderete, Glaciar",
Aaron Glacier,-85.1333,-90.6667,glacier,SCAR CGA 3 (United States of America),3,,
Abbot Ice Shelf,-72.75,-96.0,iceshelf,SCAR CGA 6 (United States of America),3,,
Academy Glacier,-84.25,-61.0,glacier,SCAR CGA 27 (United States of America),3,,
Acosta Glacier,-71.9667,-100.9167,glacier,SCAR CGA 17439 (United States of America),3,,
Adams Glacier,-78.1167,163.6333,glacier,SCAR CGA 55 (United States of America),3,,
Adams Glacier,-66.8333,109.6667,glacier,SCAR CGA 54 (United States of America),3,,
Adare Glacier,-71.7167,170.2,glacier,SCAR CGA 67 (New Zealand),3,,
Adele Glacier,-77.2167,166.5,glacier,SCAR CGA 76 (New Zealand),3,,
Admiralen Glacier,-62.1,-58.5167,glacier,SCAR CGA 19902 (United Kingdom),3,,
Aeronaut Glacier,-73.2667,163.6,glacier,SCAR CGA 99 (United States of America),3,,
Ahern Glacier,-81.7833,159.1667,glacier,SCAR CGA 123 (United States of America),3,,
Ahlmann Glacier,-67.8667,-65.75,glacier,SCAR CGA 124 (United States of America),3,"Ahlmann, glaciar|Ahlmann, Glaciar",
Ahrnsbrak Glacier,-79.8,-82.3,glacier,SCAR CGA 128 (United States of America),3,,
Aiken Glacier,-77.6333,163.4,glacier,SCAR CGA 16638 (United States of America),3,,
Airdevronsix Glacier,-77.5118,160.2608,glacier,SCAR CGA 17995 (New Zealand),3,,
Airy Glacier,-69.2167,-66.3333,glacier,SCAR CGA 135 (United States of America),3,,
Aitkenhead Glacier,-63.95,-58.7333,glacier,SCAR CGA 139 (United States of America),3,,
Akebono Glacier,-68.1167,42.8833,glacier,SCAR CGA 149 (United States of America),3,Akebono Hyôga|Daggrybreen,
Albanus Glacier,-85.8667,-151.0,glacier,SCAR CGA 167 (United States of America),3,,
Albatross Glacier,-77.2833,166.5167,glacier,SCAR CGA 168 (New Zealand),3,,
Alberich Glacier,-77.6,161.6,glacier,SCAR CGA 169 (United States of America),3,,
Alberts Glacier,-66.8667,-64.8833,glacier,SCAR CGA 171 (United States of America),3,,
Albone Glacier,-64.2167,-59.7,glacier,SCAR CGA 176 (United States of America),3,"Albone, glaciar",
Albrecht Penck Glacier,-76.6667,162.3333,glacier,SCAR CGA 177 (United States of America),3,,
Algie Glacier,-82.1333,162.0833,glacier,SCAR CGA 217 (United States of America),3,,
Alice Glacier,-83.9667,170.0,glacier,SCAR CGA 222 (United States of America),3,,
"Aljab'eva, lednik",-71.7,-72.6667,glacier,SCAR CGA 225 (Russia),3,,
Alley Glacier,-79.9667,158.0833,glacier,SCAR CGA 17019 (United States of America),3,,
Allison Dome,-73.5547,70.5997,dome,SCAR CGA 247 (Australia),3,,
Allison Glacier,-78.2667,161.9167,glacier,SCAR CGA 248 (United States of America),3,,
Alos Ice Rumples,-73.6333,-76.0,glacier,SCAR CGA 20083 (United Kingdom),3,,
Alpha Glacier,-63.9514,-57.8819,glacier,SCAR CGA 19897 (United Kingdom),3,,
Alt Glacier,-71.1,162.5167,glacier,SCAR CGA 266 (United States of America),3,,
Altarduken Glacier,-71.65,11.4333,glacier,SCAR CGA 270 (United States of America),3,Altarduken,
Altimir Glacier,-64.5972,-63.15,glacier,SCAR CGA 18574 (Bulgaria),3,,
Alvarez Glacier,-70.8833,162.3333,glacier,SCAR CGA 274 (United States of America),3,,
Alyabiev Glacier,-71.7,-72.6667,glacier,SCAR CGA 18233 (United States of America),3,,
Ambergris Glacier,-65.7167,-62.6167,glacier,SCAR CGA 284 (United States of America),3,,
Amery Ice Shelf,-69.75,71.0,iceshelf,SCAR CGA 295 (United States of America),3,,
Amorphous Glacier,-74.7,163.9333,glacier,SCAR CGA 302 (New Zealand),3,,
Amos Glacier,-77.8167,163.65,glacier,SCAR CGA 303 (United States of America),3,,
Amphitheatre Glacier,-78.2833,163.0667,glacier,SCAR CGA 309 (United States of America),3,,
Amundsen Glacier,-85.5833,-159.0,glacier,SCAR CGA 318 (United States of America),3,,
Anandakrishnan Glacier,-75.5333,-140.0833,glacier,SCAR CGA 17443 (United States of America),3,,
Anchialus Glacier,-77.8639,-85.4083,glacier,SCAR CGA 19464 (Bulgaria),3,,
Anderson Dome,-73.5,-93.9,dome,SCAR CGA 350 (United States of America),3,,
Anderson Glacier,-66.4,-63.9167,glacier,SCAR CGA 351 (United States of America),3,"Anderson, glaciar|Anderson, Glaciar",
Anderson Summit,-85.05,-90.8833,glacier,SCAR CGA 361 (United States of America),3,,
Anderton Glacier,-74.6833,162.3667,glacier,SCAR CGA 370 (United States of America),3,,
Andrew Glacier,-63.8833,-59.6667,glacier,SCAR CGA 381 (United States of America),3,,
"Angarskij, lednik",-65.9167,103.8333,glacier,SCAR CGA 397 (Russia),3,,
"Anguita, Glaciar",-62.4833,-60.7667,glacier,SCAR CGA 17590 (Chile),3,,
Anna Glacier,-62.0333,-58.2,glacier,SCAR CGA 406 (United States of America),3,,
"Annenkova, lednik",-66.6333,92.5833,glacier,SCAR CGA 410 (Russia),3,,
Ant Hill Glacier,-78.8167,161.5,glacier,SCAR CGA 417 (United States of America),3,,
Antevs Glacier,-67.3167,-66.8167,glacier,SCAR CGA 425 (United States of America),3,"Antevs, glaciar",
Anthony Glacier,-69.7833,-62.75,glacier,SCAR CGA 427 (United States of America),3,"Anthony, glaciar",
Anu Whakatoro Glacier,-77.2903,161.7,glacier,SCAR CGA 17996 (United States of America),3,Anu whakatoro Glacier,
Anuchin Glacier,-71.2833,13.5167,glacier,SCAR CGA 430 (United States of America),3,"Anuchinbreen|Anuchina, lednik",
Apfel Glacier,-66.4167,100.5833,glacier,SCAR CGA 441 (United States of America),3,,
Aphrodite Glacier,-68.7833,-64.5333,glacier,SCAR CGA 442 (United States of America),3,"Aphrodite, glaciar",
Apollo Glacier,-68.8333,-64.75,glacier,SCAR CGA 444 (United States of America),3,"Apolo, glaciar",
Arago Glacier,-64.85,-62.3833,glacier,SCAR CGA 451 (United States of America),3,"Arago, glaciar",
"Aranda, Glaciar",-62.4667,-60.7833,glacier,SCAR CGA 17593 (Chile),3,,
Archer Glacier,-65.1667,-63.0833,glacier,SCAR CGA 460 (United States of America),3,,
Arctowski Dome,-62.1333,-58.6333,dome,SCAR CGA 469 (United States of America),3,Arctowski Icefield (Dome)|Arctowski Ice Cap,
Arensky Glacier,-71.65,-72.25,glacier,SCAR CGA 485 (United States of America),3,"Arenskogo, lednik",
Argentina Glacier,-62.6833,-60.4,glacier,SCAR CGA 491 (United States of America),3,"Argentina, Lóbulo",
Argo Glacier,-83.3667,157.5,glacier,SCAR CGA 496 (United States of America),3,,
Argonaut Glacier,-73.2167,166.7,glacier,SCAR CGA 498 (United States of America),3,,
Argosy Glacier,-83.1333,157.5833,glacier,SCAR CGA 499 (United States of America),3,,
Armira Glacier,-63.0236,-62.5467,glacier,SCAR CGA 18429 (Bulgaria),3,,
Armstrong Glacier,-71.5167,-67.5,glacier,SCAR CGA 522 (United States of America),3,,
Arneb Glacier,-72.4167,170.0333,glacier,SCAR CGA 529 (United States of America),3,,
Arriens Glacier,-73.4611,68.3617,glacier,SCAR CGA 535 (Australia),3,,
Arruiz Glacier,-70.65,162.15,glacier,SCAR CGA 545 (United States of America),3,,
Arthur Glacier,-77.05,-145.25,glacier,SCAR CGA 549 (United States of America),3,,
Asafiev Glacier,-71.0833,-70.75,glacier,SCAR CGA 555 (United States of America),3,"Asaf'eva, lednik",
Ascent Glacier,-83.2167,156.4,glacier,SCAR CGA 556 (United States of America),3,,
Ashton Glacier,-70.7333,-61.95,glacier,SCAR CGA 561 (United States of America),3,"Ashton, glaciar",
Ashworth Glacier,-85.0267,169.2647,glacier,SCAR CGA 18231 (United States of America),3,,
Asimutbreen Glacier,-71.3833,13.7,glacier,SCAR CGA 567 (United States of America),3,Asimutbreen,
Assender Glacier,-67.6,46.4167,glacier,SCAR CGA 572 (United States of America),3,,
Astakhov Glacier,-70.75,163.35,glacier,SCAR CGA 574 (United States of America),3,,
Astapenko Glacier,-70.6667,163.0,glacier,SCAR CGA 575 (United States of America),3,,
Aster Glacier,-78.5833,-85.0,glacier,SCAR CGA 18235 (United States of America),3,,
Astro Glacier,-82.9,157.3333,glacier,SCAR CGA 583 (United States of America),3,,
Astrolabe Glacier,-66.75,139.9167,glacier,SCAR CGA 587 (United States of America),3,,
Astronaut Glacier,-73.0833,164.0833,glacier,SCAR CGA 592 (United States of America),3,,
"Astronomicheskij, lednik",-67.4,98.8333,glacier,SCAR CGA 594 (Russia),3,,
Astudillo Glacier,-64.8833,-62.85,glacier,SCAR CGA 597 (United States of America),3,"Astudillo, Ventisquero",
Athene Glacier,-68.9333,-64.0,glacier,SCAR CGA 601 (United States of America),3,,
Atka Glacier,-76.6833,161.55,glacier,SCAR CGA 607 (United States of America),3,,
Atkinson Glacier,-71.5,167.4167,glacier,SCAR CGA 610 (United States of America),3,,
Attlee Glacier,-66.2167,-63.7667,glacier,SCAR CGA 619 (United States of America),3,"Attlee, glaciar|Attlee, Glaciar",
Aurora Glacier,-77.6167,167.6333,glacier,SCAR CGA 641 (United States of America),3,,
Auster Glacier,-67.2,50.75,glacier,SCAR CGA 651 (United States of America),3,,
Austisen,-69.39,35.72,iceshelf,SCAR CGA 19967 (Norway),3,,
Austre Orvinbreen,-70.9,7.98,glacier,SCAR CGA 19969 (Norway),3,,
Austreskorve Glacier,-71.8333,5.6667,glacier,SCAR CGA 675 (United States of America),3,"Skorvebreen, Austre",
Avalanche Glacier,-64.9167,-62.8333,glacier,SCAR CGA 16929 (United Kingdom),3,,
Aviator Glacier,-73.8333,165.05,glacier,SCAR CGA 694 (United States of America),3,,
"Avrora, Kupol",-70.1333,2.4167,dome,SCAR CGA 702 (Russia),3,,
Avsyuk Glacier,-67.1167,-67.25,glacier,SCAR CGA 703 (United States of America),3,"Avsyuk, glaciar",
Axel Heiberg Glacier,-85.4167,-163.0,glacier,SCAR CGA 705 (United States of America),3,Axel Heibergbreen,
BANZARE Glacier,-66.7583,108.2958,glacier,SCAR CGA 18720 (Australia),3,,
Bach Ice Shelf,-72.0,-72.0,iceshelf,SCAR CGA 731 (United States of America),3,"Bach, barrera de hielos|Flores, Barrera de Hielos",
Bachtold Glacier,-77.125,162.0,glacier,SCAR CGA 18371 (United States of America),3,,
Backstairs Passage Glacier,-75.0333,162.6,glacier,SCAR CGA 742 (United States of America),3,,
Backwater Glacier,-74.7,162.55,glacier,SCAR CGA 743 (New Zealand),3,,
Bader Glacier,-67.6167,-66.75,glacier,SCAR CGA 746 (United States of America),3,,
Bagshawe Glacier,-64.9333,-62.5833,glacier,SCAR CGA 754 (United States of America),3,,
Baker Glacier,-72.7667,169.25,glacier,SCAR CGA 787 (United States of America),3,,
Balakirev Glacier,-71.4167,-70.1667,glacier,SCAR CGA 801 (United States of America),3,"Balakireva, lednik",
Balanstra Glacier,-64.325,-62.3056,glacier,SCAR CGA 19584 (Bulgaria),3,,
Balch Glacier,-66.8333,-64.8,glacier,SCAR CGA 804 (United States of America),3,"De Hoz, Glaciar",
Balchen Glacier,-76.3833,-145.1667,glacier,SCAR CGA 805 (United States of America),3,,
Baldwin Glacier,-85.1,-177.1667,glacier,SCAR CGA 816 (United States of America),3,,
Bali Glacier,-74.82,-122.16,glacier,SCAR CGA 20430 (United Kingdom),3,,
Balish Glacier,-79.4167,-84.5,glacier,SCAR CGA 833 (United States of America),3,,
Ball Glacier,-64.3333,-57.3667,glacier,SCAR CGA 836 (United States of America),3,,
Ball Glacier,-78.05,162.8333,glacier,SCAR CGA 837 (United States of America),3,,
Ballgletscher,-70.8667,162.9333,glacier,SCAR CGA 845 (Germany),3,,
Bally Glacier,-81.3667,159.2,glacier,SCAR CGA 17280 (United States of America),3,,
"Baltijskij, Kupol",-80.6167,-25.0333,dome,SCAR CGA 850 (Russia),3,,
Bamber Glacier,-67.1167,-68.0833,glacier,SCAR CGA 20317 (United Kingdom),3,,
Banari Glacier,-61.1764,-54.0639,glacier,SCAR CGA 19535 (Bulgaria),3,,
Baranowski Glacier,-62.2,-58.45,glacier,SCAR CGA 872 (United States of America),3,,
Barber Glacier,-70.4333,162.75,glacier,SCAR CGA 876 (United States of America),3,,
Barcus Glacier,-74.25,-62.0,glacier,SCAR CGA 881 (United States of America),3,"Reconquista, glaciar|Herve, Glaciar",
Bargh Glacier,-73.0833,168.7667,glacier,SCAR CGA 892 (United States of America),3,,
Barkov Glacier,-71.7667,10.45,glacier,SCAR CGA 904 (United States of America),3,"Barkovbreen|Barkova, lednik",
Barne Glacier,-77.6,166.4333,glacier,SCAR CGA 913 (United States of America),3,,
Barnes Glacier,-67.5333,-66.4167,glacier,SCAR CGA 916 (United States of America),3,,
Barnett Glacier,-70.9833,167.5,glacier,SCAR CGA 921 (United States of America),3,,
Barnola Glacier,-64.2439,-58.06,glacier,SCAR CGA 19039 (United States of America),3,,
Baronick Glacier,-78.6,161.8333,glacier,SCAR CGA 925 (United States of America),3,,
Barrett Glacier,-84.6167,-174.1667,glacier,SCAR CGA 934 (United States of America),3,,
Barré Glacier,-66.5833,138.6667,glacier,SCAR CGA 929 (United States of America),3,,
Bartlett Glacier,-86.25,-152.0,glacier,SCAR CGA 957 (United States of America),3,,
Bartley Glacier,-77.5333,162.2167,glacier,SCAR CGA 961 (United States of America),3,,
Bartrum Glacier,-79.7333,158.7333,glacier,SCAR CGA 966 (United States of America),3,,
Bartók Glacier,-69.6333,-71.0,glacier,SCAR CGA 962 (United States of America),3,,
Bates Glacier,-74.2167,163.85,glacier,SCAR CGA 995 (United States of America),3,,
Battye Glacier,-70.8697,67.7592,glacier,SCAR CGA 1005 (United States of America),3,,
Baxter Glacier,-76.6667,161.85,glacier,SCAR CGA 1018 (United States of America),3,,
Bayerngletscher,-71.0,165.3,glacier,SCAR CGA 1022 (Germany),3,,
Bayly Glacier,-64.6167,-61.8333,glacier,SCAR CGA 1027 (United States of America),3,"Bayly, glaciar",
"Bazheevoj, lednik",-82.2333,-41.3333,glacier,SCAR CGA 1031 (Russia),3,,
Beacon Dome,-86.1333,-146.4167,dome,SCAR CGA 1034 (United States of America),3,,
Beaglehole Glacier,-66.55,-64.1167,glacier,SCAR CGA 1042 (United States of America),3,,
Beakley Glacier,-73.85,-119.8333,glacier,SCAR CGA 1044 (United States of America),3,,
Beaman Glacier,-70.9667,164.6333,glacier,SCAR CGA 1049 (United States of America),3,,
Beardmore Glacier,-83.75,171.0,glacier,SCAR CGA 1054 (United States of America),3,,
Bearman Glacier,-72.35,-99.1667,glacier,SCAR CGA 17447 (United States of America),3,,
Beaumont Glacier,-72.0333,-62.0,glacier,SCAR CGA 1063 (United States of America),3,,
Beaver Glacier,-83.4,169.5,glacier,SCAR CGA 1069 (United States of America),3,,
Beaver Glacier,-67.0333,50.6667,glacier,SCAR CGA 1068 (United States of America),3,,
Beaver Glacier,-67.0833,-51.0,glacier,SCAR CGA 1070 (Russia),3,,
Behr Glacier,-72.9167,168.0833,glacier,SCAR CGA 1099 (United States of America),3,,
Belgica Glacier,-65.3833,-63.8333,glacier,SCAR CGA 1116 (United States of America),3,,
Bell Glacier,-66.7,124.9,glacier,SCAR CGA 1128 (United States of America),3,,
Bellingshausen Dome,-62.165,-58.888,dome,SCAR CGA 1137 (United Kingdom),3,,
"Bellinsgauzena, shel'fovyj lednik",-69.5,-0.5,glacier,SCAR CGA 1140 (Russia),3,,
Bellisime Glacier,-72.3167,-99.8833,glacier,SCAR CGA 17448 (United States of America),3,,
Benbrook Glacier,-81.45,158.9167,glacier,SCAR CGA 17281 (United States of America),3,,
Bender Glacier,-78.7167,-85.3333,glacier,SCAR CGA 18236 (United States of America),3,,
Bennett Dome,-71.8,-73.05,dome,SCAR CGA 1174 (United States of America),3,,
Benson Glacier,-76.8167,162.2,glacier,SCAR CGA 1187 (United States of America),3,,
Beowulf Glacier,-77.6333,161.8167,glacier,SCAR CGA 1199 (United States of America),3,,
"Beregovogo, shel'fovyj lednik",-70.3333,19.0,glacier,SCAR CGA 1202 (Russia),3,,
Berkovitsa Glacier,-62.5706,-60.6778,glacier,SCAR CGA 17930 (Bulgaria),3,,
Berlin Glacier,-74.8,-125.7,glacier,SCAR CGA 20432 (United Kingdom),3,,
Berlindom,-73.5667,164.3,dome,SCAR CGA 1229 (Germany),3,,
Berry Glacier,-75.0,-134.0,glacier,SCAR CGA 1254 (United States of America),3,,
Bersame Glacier,-61.2472,-54.15,glacier,SCAR CGA 19528 (Bulgaria),3,,
Bertoglio Glacier,-79.3,160.3333,glacier,SCAR CGA 1265 (United States of America),3,,
Bertram Glacier,-70.8333,-67.4667,glacier,SCAR CGA 1267 (United States of America),3,,
"Beruti, glaciar",-75.9333,-62.25,glacier,SCAR CGA 1270 (Argentina),3,"San Telmo, Glaciar",
Berwick Glacier,-84.6,165.75,glacier,SCAR CGA 1271 (United States of America),3,,
Beta Glacier,-63.975,-57.9333,glacier,SCAR CGA 19898 (United Kingdom),3,,
Bevin Glacier,-66.2833,-63.7833,glacier,SCAR CGA 1290 (United States of America),3,"Bevin, glaciar|Bevin, Glaciar",
Biker Glacier,-77.2,160.1167,glacier,SCAR CGA 16653 (United States of America),3,,
Bilgeri Glacier,-66.0167,-64.7833,glacier,SCAR CGA 1321 (United States of America),3,"Bilgeri, glaciar",
Bindschadler Glacier,-77.9667,162.15,glacier,SCAR CGA 1335 (United States of America),3,,
Bingham Glacier,-69.3833,-63.1667,glacier,SCAR CGA 1339 (United States of America),3,"Bingham, glaciar|Bingham, Glaciar",
Bingley Glacier,-84.4833,167.1667,glacier,SCAR CGA 1341 (United States of America),3,,
Birley Glacier,-65.9667,-64.35,glacier,SCAR CGA 1361 (United States of America),3,"Birley, glaciar|Birley, Glaciar",
Bishop Glacier,-69.7,-71.45,glacier,SCAR CGA 1371 (United States of America),3,,
Black Glacier,-71.6667,164.7,glacier,SCAR CGA 1394 (United States of America),3,,
Blackwall Glacier,-86.1667,-159.6667,glacier,SCAR CGA 1415 (United States of America),3,,
Blackwall Ice Stream,-82.8667,-35.35,glacier,SCAR CGA 17012 (United Kingdom),3,,
Blackwelder Glacier,-77.9333,164.2,glacier,SCAR CGA 1417 (United States of America),3,,
Blades Glacier,-77.6333,-153.0,glacier,SCAR CGA 1421 (United States of America),3,,
Blagun Glacier,-66.85,-66.0556,glacier,SCAR CGA 19718 (Bulgaria),3,,
Blaiklock Glacier,-80.5,-29.85,glacier,SCAR CGA 1424 (United States of America),3,,
Blair Glacier,-66.75,124.5333,glacier,SCAR CGA 1428 (United States of America),3,,
Blanchard Glacier,-64.7333,-62.0833,glacier,SCAR CGA 1441 (United States of America),3,"Blanchard, glaciar",
Blankenship Glacier,-77.9833,161.75,glacier,SCAR CGA 1448 (United States of America),3,,
Bledisloe Glacier,-81.3667,156.35,glacier,SCAR CGA 17285 (United States of America),3,,
Blue Glacier,-77.8333,164.1667,glacier,SCAR CGA 1484 (United States of America),3,,
Blériot Glacier,-64.4167,-61.1667,glacier,SCAR CGA 1454 (United States of America),3,,
"Bogdashevskogo, lednik",-74.6667,-75.0,glacier,SCAR CGA 1518 (Russia),3,,
Bol Glacier,-77.8667,162.5667,glacier,SCAR CGA 1529 (United States of America),3,,
Bolton Glacier,-65.0167,-62.9667,glacier,SCAR CGA 1549 (United States of America),3,"Bolton, glaciar",
Bombardier Glacier,-64.3167,-59.9833,glacier,SCAR CGA 1554 (United States of America),3,,
Bond Glacier,-66.9667,109.0,glacier,SCAR CGA 1560 (United States of America),3,,
Bondeson Glacier,-82.7333,165.0,glacier,SCAR CGA 1565 (United States of America),3,,
Bone Glacier,-72.1375,-61.9333,glacier,SCAR CGA 20297 (United Kingdom),3,,
Bonnabeau Dome,-73.5167,-94.1667,dome,SCAR CGA 1576 (United States of America),3,,
Bonne Glacier,-77.8833,163.8167,glacier,SCAR CGA 1577 (United States of America),3,,
Boomerang Glacier,-74.55,163.9,glacier,SCAR CGA 1587 (United States of America),3,,
Borchgrevink Glacier,-73.0667,168.5,glacier,SCAR CGA 1596 (United States of America),3,,
Bornmann Glacier,-72.3333,170.2167,glacier,SCAR CGA 1624 (United States of America),3,,
Borns Glacier,-77.7833,162.0167,glacier,SCAR CGA 1625 (United States of America),3,,
Boschert Glacier,-74.7167,-111.5,glacier,SCAR CGA 1632 (United States of America),3,,
Boulderclay Glacier,-74.75,164.0,glacier,SCAR CGA 1660 (New Zealand),3,,
Bowden Glacier,-78.1333,163.1167,glacier,SCAR CGA 1671 (United States of America),3,,
Bowers Glacier,-72.6167,169.05,glacier,SCAR CGA 1677 (United States of America),3,,
Bowers Piedmont Glacier,-77.7167,164.3,glacier,SCAR CGA 1681 (United States of America),3,,
Bowin Glacier,-84.8833,177.3333,glacier,SCAR CGA 1686 (United States of America),3,,
Bowman Glacier,-85.5667,-162.0,glacier,SCAR CGA 1696 (United States of America),3,,
Boyana Glacier,-62.7,-60.0833,glacier,SCAR CGA 17195 (United States of America),3,,
Boyd Glacier,-77.2333,-145.4167,glacier,SCAR CGA 1709 (United States of America),3,,
Boydell Glacier,-64.1833,-59.0667,glacier,SCAR CGA 1714 (United States of America),3,"Boydell, glaciar",
Boyer Glacier,-73.3,167.35,glacier,SCAR CGA 1716 (United States of America),3,,
Bozhinov Glacier,-64.6083,-61.4583,glacier,SCAR CGA 18598 (Bulgaria),3,,
Bradford Glacier,-65.85,-64.3,glacier,SCAR CGA 1732 (United States of America),3,,
Brahms Ice Shelf,-71.4667,-73.6833,iceshelf,SCAR CGA 1744 (United States of America),3,,
Brandau Glacier,-84.9,173.5,glacier,SCAR CGA 1753 (United States of America),3,,
Branscomb Glacier,-78.5333,-86.0833,glacier,SCAR CGA 1759 (United States of America),3,,
Bravo Glacier,-62.5167,-59.7833,glacier,SCAR CGA 1790 (United States of America),3,"Bravo, Glaciar",
Brecher Glacier,-80.7,157.4667,glacier,SCAR CGA 17289 (United States of America),3,,
Breguet Glacier,-64.1667,-60.8,glacier,SCAR CGA 1811 (United States of America),3,"Breguet, glaciar",
Breitfuss Glacier,-66.9667,-64.8667,glacier,SCAR CGA 1820 (United States of America),3,"Breitfuss, glaciar|Breitfuss, Glaciar",
Breitunga,-70.12,25.3,glacier,SCAR CGA 19973 (Norway),3,,
Bremner Glacier,-72.2167,-62.6333,glacier,SCAR CGA 20298 (United Kingdom),3,,
Bridgman Glacier,-72.3833,170.0833,glacier,SCAR CGA 1852 (United States of America),3,,
Britten Ice Shelf,-72.6,-72.5,iceshelf,SCAR CGA 1873 (United States of America),3,,
Brook Glacier,-78.7,-85.15,glacier,SCAR CGA 18239 (United States of America),3,,
Brown Glacier,-74.8333,-65.1333,glacier,SCAR CGA 1909 (United States of America),3,,
Browngletscher,-73.4333,166.7333,glacier,SCAR CGA 1921 (Germany),3,,
Browns Glacier,-68.9333,78.0,glacier,SCAR CGA 1927 (United States of America),3,,
Brunner Glacier,-85.2333,-175.6333,glacier,SCAR CGA 1950 (United States of America),3,,
Brunt Ice Shelf,-74.75,-22.5,iceshelf,SCAR CGA 1958 (United States of America),3,,
Brunvoll Glacier,-67.8,66.8,glacier,SCAR CGA 1960 (United States of America),3,,
Brush Glacier,-74.4833,-111.6,glacier,SCAR CGA 1964 (United States of America),3,,
Bryan Glacier,-73.5,-61.55,glacier,SCAR CGA 1969 (United States of America),3,,
Bryan Glacier,-77.4042,160.9292,glacier,SCAR CGA 17998 (New Zealand),3,,
Brückner Glacier,-67.3,-67.0,glacier,SCAR CGA 1942 (United States of America),3,,
Bucher Glacier,-67.65,-66.8333,glacier,SCAR CGA 1981 (United States of America),3,,
"Buhtovyj, lednik",-67.6167,69.6667,glacier,SCAR CGA 2020 (Russia),3,,
Bulbur Glacier,-72.45,-98.55,glacier,SCAR CGA 17452 (United States of America),3,,
Bungenstockrücken,-81.5,-69.0,dome,SCAR CGA 2045 (Germany),3,,
Bunner Glacier,-74.4667,-110.6667,glacier,SCAR CGA 2050 (United States of America),3,,
Burdenis Glacier,-78.2333,-86.05,glacier,SCAR CGA 19448 (Bulgaria),3,,
Burevestnik Glacier,-64.0389,-62.35,glacier,SCAR CGA 19612 (Bulgaria),3,,
Burgess Glacier,-85.4333,171.9167,glacier,SCAR CGA 2067 (United States of America),3,,
Burmester Dome,-83.3667,-50.9333,dome,SCAR CGA 2081 (United States of America),3,,
Burnette Glacier,-72.0167,170.05,glacier,SCAR CGA 2084 (United States of America),3,,
Burns Glacier,-73.95,164.25,glacier,SCAR CGA 2092 (United States of America),3,,
Burrage Dome,-75.55,161.0833,dome,SCAR CGA 2096 (United States of America),3,,
Burrows Glacier,-78.0333,163.9333,glacier,SCAR CGA 17384 (United States of America),3,,
Burton Island Glacier,-66.8167,90.3333,glacier,SCAR CGA 2106 (United States of America),3,,
Bussey Glacier,-65.2667,-64.0167,glacier,SCAR CGA 2115 (United States of America),3,,
Butler Glacier,-77.4,-152.7,glacier,SCAR CGA 2119 (United States of America),3,,
Butler Summit,-77.55,161.1,glacier,SCAR CGA 17771 (United States of America),3,,
Byrd Glacier,-80.3333,159.0,glacier,SCAR CGA 2153 (United States of America),3,,
Byway Glacier,-66.5,-65.2,glacier,SCAR CGA 2165 (United States of America),3,,
Böhnecke Glacier,-72.3833,-61.4167,glacier,SCAR CGA 1524 (United States of America),3,,
Cadman Glacier,-65.6167,-63.7833,glacier,SCAR CGA 2183 (United States of America),3,"Cadman, glaciar|Cadman, Glaciar",
Cairns Glacier,-78.5667,-86.0,glacier,SCAR CGA 18241 (United States of America),3,,
Calkin Glacier,-77.7667,162.2833,glacier,SCAR CGA 2208 (United States of America),3,,
Cambridge Glacier,-76.95,160.5167,glacier,SCAR CGA 2224 (United States of America),3,,
Campbell Glacier,-67.7909,45.6789,glacier,SCAR CGA 2245 (Australia),3,,
Campbell Glacier,-74.4167,164.3667,glacier,SCAR CGA 2246 (United States of America),3,,
Canada Glacier,-77.6167,162.9833,glacier,SCAR CGA 2258 (United States of America),3,,
Canham Glacier,-71.8167,163.0,glacier,SCAR CGA 2266 (United States of America),3,,
Canyon Glacier,-83.95,175.4167,glacier,SCAR CGA 2292 (United States of America),3,,
Cappellari Glacier,-85.8667,-158.6667,glacier,SCAR CGA 2304 (United States of America),3,,
Capsize Glacier,-74.0333,163.3333,glacier,SCAR CGA 2305 (United States of America),3,,
Carbutt Glacier,-65.15,-62.8167,glacier,SCAR CGA 2314 (United States of America),3,"Carbutt, glaciar",
Cardell Glacier,-66.4167,-65.5333,glacier,SCAR CGA 2315 (United States of America),3,,
Carey Glacier,-78.8833,-83.9167,glacier,SCAR CGA 2320 (United States of America),3,,
Carleton Glacier,-78.0167,162.5,glacier,SCAR CGA 2325 (United States of America),3,,
Carlson Glacier,-69.4167,-68.05,glacier,SCAR CGA 2330 (United States of America),3,,
Carlyon Glacier,-79.5667,159.8333,glacier,SCAR CGA 2335 (United States of America),3,,
Carnein Glacier,-74.6833,162.9,glacier,SCAR CGA 2339 (United States of America),3,,
Carryer Glacier,-71.2833,162.6333,glacier,SCAR CGA 2359 (United States of America),3,,
Cascade Glacier,-71.3719,169.0751,glacier,SCAR CGA 20219 (New Zealand),3,,
Casey Glacier,-69.0,-63.8333,glacier,SCAR CGA 2377 (United States of America),3,"Casey, glaciar|Casey, Glaciar",
Cassidy Glacier,-77.7667,160.15,glacier,SCAR CGA 2386 (United States of America),3,,
Cassini Glacier,-77.8833,163.8,glacier,SCAR CGA 2387 (United States of America),3,,
Catspaw Glacier,-77.7167,161.7,glacier,SCAR CGA 2419 (United States of America),3,,
Caulfeild Glacier,-66.1833,-65.0,glacier,SCAR CGA 2424 (United States of America),3,Caulfield Glacier,
"Caupolicán, Ventisquero",-64.8,-63.4833,glacier,SCAR CGA 2425 (Chile),3,,
Cayley Glacier,-64.3333,-60.9667,glacier,SCAR CGA 2436 (United States of America),3,"Cayley, glaciar",
Centurion Glacier,-68.2,-66.9333,glacier,SCAR CGA 2464 (United States of America),3,"Centurión, glaciar|Centurión, Glaciar",
Cerberus Glacier,-77.45,161.9,glacier,SCAR CGA 16659 (United States of America),3,,
Cervellati Glacier,-78.3833,-85.7167,glacier,SCAR CGA 18242 (United States of America),3,,
Chamberlin Glacier,-67.5667,-65.55,glacier,SCAR CGA 2486 (United States of America),3,,
Chambers Glacier,-83.2833,-49.4167,glacier,SCAR CGA 2488 (United States of America),3,,
Champness Glacier,-71.4167,164.3667,glacier,SCAR CGA 2494 (United States of America),3,,
Channel Glacier,-64.7833,-63.3167,glacier,SCAR CGA 2507 (United States of America),3,"Canal, glaciar|Casais, Glaciar",
Chaos Glacier,-69.0167,78.0,glacier,SCAR CGA 2512 (United States of America),3,,
Chapman Glacier,-70.2833,-67.9167,glacier,SCAR CGA 2518 (United States of America),3,,
Chapman Glacier,-70.7167,166.4,glacier,SCAR CGA 2519 (United States of America),3,,
Charity Glacier,-62.7333,-60.3333,glacier,SCAR CGA 2541 (United States of America),3,"Charity, glaciar",
Charles Glacier,-72.5667,-3.4333,glacier,SCAR CGA 2544 (United States of America),3,Charlesbreen,
Charybdis Glacier,-70.4167,67.5,glacier,SCAR CGA 2558 (United States of America),3,,
Chattahoochee Glacier,-76.5667,160.7,glacier,SCAR CGA 2565 (United States of America),3,,
Chavez Glacier,-73.9167,-101.25,glacier,SCAR CGA 17454 (United States of America),3,,
Cherry Glacier,-84.5,167.1667,glacier,SCAR CGA 2594 (New Zealand),3,,
Chijire Glacier,-68.05,43.3833,glacier,SCAR CGA 2620 (United States of America),3,Tizire Hyôga|Rukkebreen,
Childs Glacier,-83.4,-58.6667,glacier,SCAR CGA 2623 (United States of America),3,,
Chinn Glacier,-77.4667,162.25,glacier,SCAR CGA 16812 (United States of America),3,,
Christiaensen Glacier,-71.5333,35.6167,glacier,SCAR CGA 2657 (United States of America),3,"Christiaensen, Glacier",
Christy Glacier,-86.1,-161.5,glacier,SCAR CGA 2672 (United States of America),3,,
Chugunov Glacier,-70.7167,163.15,glacier,SCAR CGA 2675 (United States of America),3,"Chugunova, lednik",
"Chugunova, Kupol",-65.9,99.4833,dome,SCAR CGA 2677 (Russia),3,,
Chuprene Glacier,-62.9653,-62.5314,glacier,SCAR CGA 18436 (Bulgaria),3,,
Church Glacier,-71.85,167.5667,glacier,SCAR CGA 2681 (United States of America),3,,
"Ciolkovskogo, Kupol",-70.5,3.0,dome,SCAR CGA 2698 (Russia),3,,
"Ciolkovskogo, lednik",-73.0833,63.5,glacier,SCAR CGA 2699 (Russia),3,,
Clark Glacier,-77.4167,162.4167,glacier,SCAR CGA 2715 (United States of America),3,,
Clarke Glacier,-75.5667,162.0833,glacier,SCAR CGA 2728 (United States of America),3,,
Clarke Glacier,-68.8,-66.9333,glacier,SCAR CGA 2727 (United States of America),3,"Clarke, glaciar",
Clarke Glacier,-75.1833,-139.1,glacier,SCAR CGA 17455 (United States of America),3,,
Clarsach Glacier,-69.95,-70.2833,glacier,SCAR CGA 2736 (United States of America),3,,
Clausen Glacier,-76.1667,-112.05,glacier,SCAR CGA 2738 (United States of America),3,,
Clausnitzer Glacier,-74.0333,164.6833,glacier,SCAR CGA 2739 (United States of America),3,,
Cleaves Glacier,-82.95,165.0,glacier,SCAR CGA 2748 (United States of America),3,,
Cleveland Glacier,-76.9167,162.0167,glacier,SCAR CGA 2760 (United States of America),3,,
Clifford Glacier,-70.3833,-62.5,glacier,SCAR CGA 2763 (United States of America),3,"Clifford, glaciar",
Cline Glacier,-71.6667,-62.0,glacier,SCAR CGA 2766 (United States of America),3,,
Clio Glacier,-77.4333,162.0,glacier,SCAR CGA 16815 (United States of America),3,,
Clowes Glacier,-72.9333,-60.6833,glacier,SCAR CGA 2780 (United States of America),3,,
Co-pilot Glacier,-73.1833,164.3667,glacier,SCAR CGA 2783 (United States of America),3,Co-Pilot Glacier,
Cocks Glacier,-78.6833,162.0,glacier,SCAR CGA 2804 (United States of America),3,,
Cohen Glacier,-85.2,-164.25,glacier,SCAR CGA 2811 (United States of America),3,,
Cole Glacier,-68.7,-66.1,glacier,SCAR CGA 2827 (United States of America),3,,
Coleman Glacier,-75.7833,-132.55,glacier,SCAR CGA 2832 (United States of America),3,,
Coley Glacier,-64.15,-57.2333,glacier,SCAR CGA 2835 (United States of America),3,,
Coley North Glacier,-64.125,-57.2458,glacier,SCAR CGA 18117 (United Kingdom),3,,
Coley South Glacier,-64.175,-57.2667,glacier,SCAR CGA 18118 (United Kingdom),3,,
Collins Glacier,-73.6833,65.9167,glacier,SCAR CGA 2846 (United States of America),3,,
Colorado Glacier,-85.8833,-133.0833,glacier,SCAR CGA 2858 (United States of America),3,,
Comberiate Glacier,-78.35,162.2333,glacier,SCAR CGA 16661 (United States of America),3,,
Commanda Glacier,-77.5,162.8,glacier,SCAR CGA 16818 (United States of America),3,,
Commandant Charcot Glacier,-66.4167,136.5833,glacier,SCAR CGA 2873 (United States of America),3,,
Commonwealth Glacier,-77.5833,163.3167,glacier,SCAR CGA 2877 (United States of America),3,,
Comrie Glacier,-65.8,-64.3333,glacier,SCAR CGA 2883 (United States of America),3,"Comrie, Glaciar",
Conchie Glacier,-71.6,-67.25,glacier,SCAR CGA 2888 (United States of America),3,,
Condit Glacier,-77.8667,162.8,glacier,SCAR CGA 2890 (United States of America),3,,
Conger Glacier,-66.0333,103.55,glacier,SCAR CGA 2903 (United States of America),3,,
Conrow Glacier,-77.5667,162.1167,glacier,SCAR CGA 2914 (United States of America),3,,
Constellation Dome,-81.1,160.2167,dome,SCAR CGA 2920 (United States of America),3,,
Contell Glacier,-62.65,-60.3667,glacier,SCAR CGA 2927 (United States of America),3,,
Cook Ice Shelf,-68.6667,152.5,iceshelf,SCAR CGA 2935 (United States of America),3,,
Cook Summit,-64.4,-62.4,glacier,SCAR CGA 2941 (United States of America),3,,
Cooke Glacier,-72.7333,-88.5667,glacier,SCAR CGA 17459 (United States of America),3,,
Cooper Glacier,-85.5,-164.5,glacier,SCAR CGA 2949 (United States of America),3,,
Copper Col,-64.7333,-63.3833,glacier,SCAR CGA 2960 (United States of America),3,"Copper, Ventisquero",
Coral Sea Glacier,-72.55,168.45,glacier,SCAR CGA 2973 (United States of America),3,,
Cordini Glacier,-70.0167,-62.5,glacier,SCAR CGA 2978 (United States of America),3,,
Corner Glacier,-74.45,163.6667,glacier,SCAR CGA 2988 (United States of America),3,,
Cornwall Glacier,-83.0667,162.3333,glacier,SCAR CGA 3002 (United States of America),3,,
Cornwall Glacier,-80.7833,-26.2667,glacier,SCAR CGA 3001 (United States of America),3,,
Corr Dome,-77.7667,-75.3,dome,SCAR CGA 20304 (United Kingdom),3,,
Cosgrove Glacier,-67.4833,59.1667,glacier,SCAR CGA 3020 (United States of America),3,,
Cosgrove Ice Shelf,-73.5667,-100.3667,iceshelf,SCAR CGA 3021 (United States of America),3,,
Cosmonaut Glacier,-73.4333,164.5,glacier,SCAR CGA 3023 (United States of America),3,,
Cosmonette Glacier,-73.6167,164.85,glacier,SCAR CGA 3024 (United States of America),3,,
Cotton Glacier,-77.1167,161.6667,glacier,SCAR CGA 3026 (United States of America),3,,
Coulston Glacier,-72.4167,167.9667,glacier,SCAR CGA 3033 (United States of America),3,,
Coulter Glacier,-69.3333,-71.7833,glacier,SCAR CGA 3034 (United States of America),3,,
Covert Glacier,-77.9,163.0667,glacier,SCAR CGA 3051 (United States of America),3,,
Cowie Dome,-86.4167,-152.0,dome,SCAR CGA 3056 (United States of America),3,,
Cox Glacier,-72.2,-101.0333,glacier,SCAR CGA 3058 (United States of America),3,,
Crab Glacier,-61.24,-55.1867,glacier,SCAR CGA 20349 (United Kingdom),3,,
Cracktrack Glacier,-71.6667,166.5,glacier,SCAR CGA 3074 (United States of America),3,,
Craft Glacier,-72.2,-101.3667,glacier,SCAR CGA 3076 (United States of America),3,,
Crane Glacier,-65.3333,-62.25,glacier,SCAR CGA 3086 (United States of America),3,"Crane, glaciar|Crane, Glaciar",
Crawford Glacier,-70.8833,163.2167,glacier,SCAR CGA 3101 (United States of America),3,,
Creagh Glacier,-78.0167,161.1667,glacier,SCAR CGA 3103 (United States of America),3,,
Crescent Glacier,-77.6667,163.2333,glacier,SCAR CGA 3113 (United States of America),3,,
Crevasse Valley Glacier,-76.7667,-145.5,glacier,SCAR CGA 3122 (United States of America),3,,
Crisp Glacier,-77.2,162.2,glacier,SCAR CGA 3125 (United States of America),3,,
Croll Glacier,-72.4833,167.3,glacier,SCAR CGA 3135 (United States of America),3,,
Cronus Glacier,-68.85,-64.0667,glacier,SCAR CGA 3139 (United States of America),3,"Cronus, glaciar",
Croom Glacier,-70.3,-62.4167,glacier,SCAR CGA 3143 (United States of America),3,,
Crosson Ice Shelf,-74.95,-109.5,iceshelf,SCAR CGA 3150 (United States of America),3,,
Crosswell Glacier,-78.2833,-85.4,glacier,SCAR CGA 3152 (United States of America),3,,
Crume Glacier,-71.55,169.35,glacier,SCAR CGA 3171 (United States of America),3,,
"Crummer, Ghiacciaio",-75.0667,162.5333,glacier,SCAR CGA 17180 (Italy),3,,
Cryosat Ice Stream,-73.3,-69.95,glacier,SCAR CGA 20080 (United Kingdom),3,,
Crystal Glacier,-61.95,-57.9333,glacier,SCAR CGA 3180 (Poland),3,,
Cumbie Glacier,-77.2167,-154.2,glacier,SCAR CGA 3195 (United States of America),3,,
Cumpston Glacier,-66.9833,-65.0333,glacier,SCAR CGA 3199 (United States of America),3,,
Cunningham Glacier,-84.2667,173.75,glacier,SCAR CGA 3204 (United States of America),3,,
Cycle Glacier,-77.2,160.1667,glacier,SCAR CGA 16662 (United States of America),3,,
Dabrava Glacier,-66.975,-66.4667,glacier,SCAR CGA 19735 (Bulgaria),3,,
Daguerre Glacier,-65.1167,-63.4167,glacier,SCAR CGA 3250 (United States of America),3,"Daguerre, glaciar",
Dahe Glacier,-77.25,162.0333,glacier,SCAR CGA 18027 (United States of America),3,,
Dakshin Gangotri (DG) Glacier,-70.755,11.5839,glacier,SCAR CGA 16554 (India),3,,
Dale Glacier,-78.2833,162.0333,glacier,SCAR CGA 3262 (United States of America),3,,
Dalgopol Glacier,-62.9214,-62.4619,glacier,SCAR CGA 18437 (Bulgaria),3,,
Dalton Glacier,-77.55,-152.4167,glacier,SCAR CGA 3288 (United States of America),3,,
Damaskegletscher,-73.3667,166.95,glacier,SCAR CGA 3295 (Germany),3,,
Dana Glacier,-70.9167,-62.3833,glacier,SCAR CGA 3302 (United States of America),3,,
Danowski Glacier,-62.025,-57.65,glacier,SCAR CGA 3320 (Poland),3,,
Dargomyzhsky Glacier,-71.8333,-70.8333,glacier,SCAR CGA 3328 (United States of America),3,"Dargomyzhskogo, lednik",
Darkowski Glacier,-77.8667,162.4167,glacier,SCAR CGA 3329 (United States of America),3,,
Darwin Glacier,-79.8833,159.0,glacier,SCAR CGA 3343 (United States of America),3,,
Daspit Glacier,-68.1667,-65.75,glacier,SCAR CGA 3350 (United States of America),3,,
Dater Glacier,-78.2833,-84.5833,glacier,SCAR CGA 3351 (United States of America),3,,
David Glacier,-75.3167,162.0,glacier,SCAR CGA 3362 (United States of America),3,,
Davidson Glacier,-82.8167,166.1167,glacier,SCAR CGA 3366 (United States of America),3,,
Davies Dome,-63.8833,-58.05,dome,SCAR CGA 3372 (United States of America),3,,
Davis Glacier,-75.75,162.1667,glacier,SCAR CGA 3380 (United States of America),3,,
Davisville Glacier,-85.2833,-128.5,glacier,SCAR CGA 3395 (United States of America),3,,
De Haven Glacier,-67.05,127.5333,glacier,SCAR CGA 3420 (United States of America),3,,
DeAngelo Glacier,-71.9,170.1667,glacier,SCAR CGA 3438 (United States of America),3,,
DeBreuck Glacier,-82.8833,162.8333,glacier,SCAR CGA 3447 (United States of America),3,,
DeGanahl Glacier,-85.2167,-170.5833,glacier,SCAR CGA 3477 (United States of America),3,,
DeVicq Glacier,-75.0,-131.0,glacier,SCAR CGA 3585 (United States of America),3,De Vicq Glacier,
DeVries Glacier,-80.3333,157.5,glacier,SCAR CGA 3597 (United States of America),3,Devries Glacier,
DeWald Glacier,-72.3167,167.0,glacier,SCAR CGA 3598 (United States of America),3,,
Dead Glacier,-62.2208,-58.4611,glacier,SCAR CGA 17262 (Poland),3,,
Deadmond Glacier,-72.0167,-96.45,glacier,SCAR CGA 3432 (United States of America),3,,
Debelt Glacier,-62.5319,-60.0628,glacier,SCAR CGA 17942 (Bulgaria),3,,
Debenham Glacier,-77.1667,162.6333,glacier,SCAR CGA 3444 (United States of America),3,,
Deception Glacier,-78.55,158.55,glacier,SCAR CGA 3456 (United States of America),3,,
Decker Glacier,-77.4667,162.7833,glacier,SCAR CGA 3460 (United States of America),3,,
Defant Glacier,-72.5333,-61.5833,glacier,SCAR CGA 3474 (United States of America),3,,
Delinski Glacier,-77.4833,160.4333,glacier,SCAR CGA 17776 (United States of America),3,,
Delius Glacier,-69.6167,-71.05,glacier,SCAR CGA 3494 (United States of America),3,,
Della Pia Glacier,-78.5667,-85.05,glacier,SCAR CGA 18248 (United States of America),3,,
Delta Glacier,-78.7,161.3333,glacier,SCAR CGA 3500 (United States of America),3,,
Delyo Glacier,-78.2556,-86.0028,glacier,SCAR CGA 19447 (Bulgaria),3,,
Deming Glacier,-72.0,168.5,glacier,SCAR CGA 3512 (United States of America),3,,
Demorest Glacier,-67.3667,-65.5833,glacier,SCAR CGA 3513 (United States of America),3,"Demorest, glaciar|Demorest, Glaciar",
Denman Glacier,-66.75,99.5,glacier,SCAR CGA 3526 (United States of America),3,,
Dennistoun Glacier,-71.1833,168.0,glacier,SCAR CGA 3529 (United States of America),3,,
Denton Glacier,-77.4833,162.6,glacier,SCAR CGA 3531 (United States of America),3,,
Depot Glacier,-63.4167,-57.05,glacier,SCAR CGA 3537 (United States of America),3,,
"Derzhavina, lednik",-80.5833,-28.4667,glacier,SCAR CGA 3558 (Russia),3,,
Descent Glacier,-77.85,162.8667,glacier,SCAR CGA 3562 (United States of America),3,,
Deville Glacier,-64.8,-62.5833,glacier,SCAR CGA 3587 (United States of America),3,"Deville, glaciar",
Devils Glacier,-86.3833,-165.0,glacier,SCAR CGA 3589 (United States of America),3,,
Dewdrop Glacier,-77.0167,162.3667,glacier,SCAR CGA 3602 (United States of America),3,,
Diamond Glacier,-79.85,159.0,glacier,SCAR CGA 3609 (United States of America),3,,
Dibble Glacier,-66.2833,134.6,glacier,SCAR CGA 3619 (United States of America),3,,
Dick Glacier,-84.8833,-175.8333,glacier,SCAR CGA 3622 (United States of America),3,,
Dickey Glacier,-81.5833,161.0,glacier,SCAR CGA 3627 (United States of America),3,,
Dilemma Glacier,-78.75,161.4167,glacier,SCAR CGA 3643 (United States of America),3,,
Dimkov Glacier,-64.4194,-62.6278,glacier,SCAR CGA 18575 (Bulgaria),3,,
Dingle Dome,-67.05,48.9,dome,SCAR CGA 3652 (United States of America),3,,
Dingsør Dome,-68.0167,67.7167,dome,SCAR CGA 3655 (United States of America),3,,
Dinsmoor Glacier,-64.3667,-59.9833,glacier,SCAR CGA 3657 (United States of America),3,,
Diorite Glacier,-64.8583,-62.7833,glacier,SCAR CGA 16940 (Poland),3,,
Diplock Glacier,-64.05,-58.8333,glacier,SCAR CGA 3662 (United States of America),3,,
Discovery Glacier,-78.3333,164.5,glacier,SCAR CGA 16825 (United States of America),3,,
Djerassi Glacier,-64.2361,-62.4333,glacier,SCAR CGA 18577 (Bulgaria),3,,
Dobbratz Glacier,-79.4,-85.0833,glacier,SCAR CGA 3709 (United States of America),3,,
Dobrodan Glacier,-61.2708,-54.0722,glacier,SCAR CGA 19524 (Bulgaria),3,,
Dobrowolski Glacier,-62.087,-58.2589,glacier,SCAR CGA 3711 (United Kingdom),3,,
Dobrudzha Glacier,-62.6578,-59.9542,glacier,SCAR CGA 17404 (Bulgaria),3,,
Dobson Dome,-64.0333,-57.9167,dome,SCAR CGA 3716 (United States of America),3,,
Dodelen Glacier,-64.0667,-62.4833,glacier,SCAR CGA 19606 (Bulgaria),3,,
Dokuchaevbreen,-71.6333,11.6833,glacier,SCAR CGA 3740 (Norway),3,"Dokuchaeva, lednik",
Dolie Glacier,-66.8028,-65.9778,glacier,SCAR CGA 19717 (Bulgaria),3,,
"Dolinnyj, lednik",-73.0333,68.2,glacier,SCAR CGA 3746 (Russia),3,,
Dome Argus,-81.0,77.0,dome,SCAR CGA 501 (United States of America),3,,
Dome Charlie,-75.0,125.0,dome,SCAR CGA 2550 (United States of America),3,Dome C,
Domeyko Glacier,-62.0667,-58.45,glacier,SCAR CGA 3754 (United States of America),3,,
Donnally Glacier,-81.6167,159.3,glacier,SCAR CGA 3776 (United States of America),3,,
Donnellan Glacier,-78.6,-85.8,glacier,SCAR CGA 18250 (United States of America),3,,
Doran Glacier,-77.7167,162.6667,glacier,SCAR CGA 16668 (United States of America),3,,
Dorchuck Glacier,-74.7333,-113.9333,glacier,SCAR CGA 3785 (United States of America),3,,
Dorngletscher,-70.7667,162.7667,glacier,SCAR CGA 3787 (Germany),3,,
Dorrer Glacier,-82.6833,163.0833,glacier,SCAR CGA 3790 (United States of America),3,,
Doss Glacier,-82.5,162.35,glacier,SCAR CGA 3799 (United States of America),3,,
Dotson Ice Shelf,-74.4,-112.3667,iceshelf,SCAR CGA 3803 (United States of America),3,,
Double Curtain Glacier,-77.65,163.5167,glacier,SCAR CGA 3808 (United States of America),3,,
Douglas Glacier,-73.5167,-61.75,glacier,SCAR CGA 3816 (United States of America),3,,
Downer Glacier,-66.9667,56.4167,glacier,SCAR CGA 3840 (United States of America),3,,
Doyle Glacier,-66.0,-65.3,glacier,SCAR CGA 3846 (United States of America),3,"Doyle, glaciar",
Doyle Glacier,-61.1333,-54.7667,glacier,SCAR CGA 19900 (United Kingdom),3,,
Dragoman Glacier,-63.0158,-62.5339,glacier,SCAR CGA 18439 (Bulgaria),3,,
Dragon Glacier,-62.1152,-58.3718,glacier,SCAR CGA 3853 (United Kingdom),3,,
Drake Glacier,-61.9333,-58.0833,glacier,SCAR CGA 3858 (United Kingdom),3,,
"Driackogo, lednik",-74.15,67.2833,glacier,SCAR CGA 3875 (Russia),3,,
Driscoll Glacier,-79.7,-83.0,glacier,SCAR CGA 3880 (United States of America),3,,
Dromedary Glacier,-78.3,163.1667,glacier,SCAR CGA 3883 (United States of America),3,,
Drummond Glacier,-66.6667,-65.7167,glacier,SCAR CGA 3888 (United States of America),3,,
Drygalski Glacier,-64.7167,-60.7333,glacier,SCAR CGA 3901 (United States of America),3,"Drygalski, bahía|Drygalski, Glaciar",
DuBeau Glacier,-66.3833,106.45,glacier,SCAR CGA 3910 (United States of America),3,Du Beau Glacier,
Dugdale Glacier,-71.6333,169.8333,glacier,SCAR CGA 3939 (United States of America),3,,
Dugdale Ice Tongue,-71.5821,169.9628,glacier,SCAR CGA 20221 (New Zealand),3,,
Dun Glacier,-77.8,162.2333,glacier,SCAR CGA 3954 (United States of America),3,,
Dunn Glacier,-73.6,165.7667,glacier,SCAR CGA 3969 (United States of America),3,,
Dålk Glacier,-69.4333,76.45,glacier,SCAR CGA 3269 (United States of America),3,,
Dürbaumgletscher,-74.1667,164.25,glacier,SCAR CGA 3975 (Germany),3,,
Earnshaw Glacier,-68.75,-65.1833,glacier,SCAR CGA 4022 (United States of America),3,,
Eastwind Glacier,-77.6167,168.2667,glacier,SCAR CGA 16830 (United States of America),3,,
Ebbe Glacier,-71.05,164.75,glacier,SCAR CGA 4047 (United States of America),3,,
Ecology Glacier,-62.1833,-58.4667,glacier,SCAR CGA 4060 (United States of America),3,,
Eden Glacier,-66.2,-63.25,glacier,SCAR CGA 4064 (United States of America),3,"Eden, glaciar|Edén, Glaciar",
Edge Glacier,-82.4833,-51.1167,glacier,SCAR CGA 4067 (United States of America),3,,
Edgeworth Glacier,-64.3833,-59.9167,glacier,SCAR CGA 4071 (United States of America),3,,
Edisto Glacier,-72.45,169.8833,glacier,SCAR CGA 4076 (United States of America),3,,
Edisto Ice Tongue,-66.1667,100.6667,glacier,SCAR CGA 4077 (United States of America),3,Edisto Glacier,
Edward VIII Ice Shelf,-66.8333,56.55,iceshelf,SCAR CGA 4089 (United States of America),3,King Edward Ice Shelf,
Edwards Glacier,-71.5833,160.5,glacier,SCAR CGA 4092 (United States of America),3,,
Egeberg Glacier,-71.5667,169.8333,glacier,SCAR CGA 4106 (United States of America),3,,
Einsetebreen,-71.42,19.66,glacier,SCAR CGA 19975 (Norway),3,,
Ekblad Glacier,-83.0667,167.2833,glacier,SCAR CGA 4135 (United States of America),3,,
Ekström Ice Shelf,-71.0,-8.0,iceshelf,SCAR CGA 4145 (United States of America),3,Ekströmisen,
El-Sayed Glacier,-75.6667,-141.8667,glacier,SCAR CGA 4150 (United States of America),3,,
Elder Glacier,-72.5833,168.7667,glacier,SCAR CGA 4155 (United States of America),3,,
Eldred Glacier,-61.9667,-58.2667,glacier,SCAR CGA 4157 (United States of America),3,,
Eliason Glacier,-64.25,-59.4167,glacier,SCAR CGA 4172 (United States of America),3,,
Ellen Glacier,-78.2167,-84.5,glacier,SCAR CGA 4182 (United States of America),3,,
Elliott Glacier,-66.55,115.2333,glacier,SCAR CGA 4185 (United States of America),3,,
Ellis Glacier,-71.9667,24.2833,glacier,SCAR CGA 4198 (United States of America),3,Ellisbreen,
Embree Glacier,-77.9833,-85.1667,glacier,SCAR CGA 4220 (United States of America),3,Embrée Glacier,
Emmanuel Glacier,-77.9,162.0833,glacier,SCAR CGA 4237 (United States of America),3,,
Endeavour Piedmont Glacier,-77.3833,166.6667,glacier,SCAR CGA 16833 (United States of America),3,,
Endurance Glacier,-61.1667,-55.1333,glacier,SCAR CGA 4258 (United States of America),3,"Endurance, glaciar",
England Glacier,-73.4947,68.3336,glacier,SCAR CGA 4269 (Australia),3,,
Entrikin Glacier,-80.8167,160.0,glacier,SCAR CGA 4288 (United States of America),3,,
Entuziasty Glacier,-70.5,14.5,glacier,SCAR CGA 4289 (United States of America),3,"Entusiastbreen|Éntuziastov, shel'fovyj lednik",
Envisat Ice Stream,-73.1167,-68.6083,glacier,SCAR CGA 20079 (United Kingdom),3,,
Enyo Glacier,-77.4833,162.0,glacier,SCAR CGA 16834 (United States of America),3,,
Eos Glacier,-77.4667,162.1667,glacier,SCAR CGA 16835 (United States of America),3,,
Epler Glacier,-86.25,-161.0,glacier,SCAR CGA 4297 (United States of America),3,,
Erebus Glacier,-77.6833,167.0,glacier,SCAR CGA 4302 (United States of America),3,,
Erickson Glacier,-84.4167,-179.8333,glacier,SCAR CGA 4311 (United States of America),3,,
Eros Glacier,-71.3,-68.3333,glacier,SCAR CGA 4320 (United States of America),3,,
Errant Glacier,-82.35,160.9667,glacier,SCAR CGA 4321 (United States of America),3,,
Ers Ice Stream,-72.8958,-71.7333,glacier,SCAR CGA 20085 (United Kingdom),3,,
Erskine Glacier,-66.4833,-65.6667,glacier,SCAR CGA 4326 (United States of America),3,"Erskine, glaciar",
Eureka Glacier,-69.7333,-68.75,glacier,SCAR CGA 4368 (United States of America),3,,
Evans Glacier,-83.7833,170.0,glacier,SCAR CGA 4376 (United States of America),3,,
Evans Glacier,-65.0833,-61.6667,glacier,SCAR CGA 4375 (United States of America),3,"Evans, ensenada|Evans, Ensenada",
Evans Piedmont Glacier,-76.7333,162.6667,glacier,SCAR CGA 4384 (United States of America),3,,
Evison Glacier,-71.6833,163.85,glacier,SCAR CGA 4397 (United States of America),3,,
Evteev Glacier,-78.95,161.2,glacier,SCAR CGA 4399 (United States of America),3,,
Exodus Glacier,-79.8333,156.3667,glacier,SCAR CGA 4407 (United States of America),3,,
Exum Glacier,-73.5,-94.2333,glacier,SCAR CGA 4420 (United States of America),3,,
Fahnestock Glacier,-77.8833,-149.6833,glacier,SCAR CGA 17469 (United States of America),3,,
Falkenhof Glacier,-85.0333,172.0833,glacier,SCAR CGA 4438 (United States of America),3,,
Fang Glacier,-77.4833,167.1,glacier,SCAR CGA 4454 (United States of America),3,,
Farbo Glacier,-75.8333,-141.75,glacier,SCAR CGA 4463 (United States of America),3,,
Farmer Glacier,-81.7833,159.8,glacier,SCAR CGA 17306 (United States of America),3,,
Fastook Glacier,-79.0333,156.75,glacier,SCAR CGA 17470 (United States of America),3,,
Fedorovbreen,-73.3333,-2.5,glacier,SCAR CGA 4498 (Norway),3,"Fëdorova, lednik",
Fegley Glacier,-83.4,167.4167,glacier,SCAR CGA 4503 (United States of America),3,,
Fendley Glacier,-71.3,168.7833,glacier,SCAR CGA 4515 (United States of America),3,,
Fendorf Glacier,-79.5,-84.8167,glacier,SCAR CGA 4516 (United States of America),3,,
Fenton Glacier,-73.05,-61.8,glacier,SCAR CGA 4523 (United States of America),3,,
Fenwick Glacier,-77.2758,161.6931,glacier,SCAR CGA 18002 (United States of America),3,,
Ferguson Glacier,-77.4667,162.85,glacier,SCAR CGA 16839 (United States of America),3,,
Ferguson Glacier,-62.0833,-58.4,glacier,SCAR CGA 4527 (Poland),3,,
Fergusson Glacier,-69.6333,159.1667,glacier,SCAR CGA 4532 (United States of America),3,,
Ferrar Glacier,-77.7667,163.0,glacier,SCAR CGA 4539 (United States of America),3,,
Ferrigno Glacier,-78.1333,161.9833,glacier,SCAR CGA 4549 (United States of America),3,,
Field Glacier,-67.1333,-66.4,glacier,SCAR CGA 4565 (United States of America),3,"Field, glaciar",
Filchner Ice Shelf,-79.0,-40.0,iceshelf,SCAR CGA 4581 (United States of America),3,"Filchner, barrera de hielos|Filchner, Plataforma de Hielo|Filchnerschelfeis|Filchner Eisschelf",
Filchner-Ronne-Schelfeis,-79.0,-55.0,iceshelf,SCAR CGA 4584 (Germany),3,,
Fimbul Ice Shelf,-70.5,-0.1667,iceshelf,SCAR CGA 4597 (United States of America),3,Fimbulisen,
Finley Glacier,-73.5833,165.6333,glacier,SCAR CGA 4615 (United States of America),3,,
Finsterwalder Glacier,-67.3167,-66.3333,glacier,SCAR CGA 4618 (United States of America),3,,
Fireman Glacier,-77.7833,160.2667,glacier,SCAR CGA 4620 (United States of America),3,,
Fisher Glacier,-73.25,66.0,glacier,SCAR CGA 4631 (United States of America),3,,
Fitch Glacier,-72.0167,168.1167,glacier,SCAR CGA 4644 (United States of America),3,,
Fitzgerald Glacier,-73.55,166.25,glacier,SCAR CGA 4648 (United States of America),3,,
Fitzpatrick Glacier,-77.8217,160.1469,glacier,SCAR CGA 18983 (United States of America),3,,
Flagstaff Glacier,-62.0833,-58.4333,glacier,SCAR CGA 4671 (United States of America),3,,
Flanagan Glacier,-79.4833,-82.7,glacier,SCAR CGA 4676 (United States of America),3,,
Flask Glacier,-65.7833,-62.4167,glacier,SCAR CGA 4684 (United States of America),3,,
Fleece Glacier,-65.9,-63.1667,glacier,SCAR CGA 4701 (United States of America),3,,
Fleet Glacier,-64.3167,-57.8125,glacier,SCAR CGA 18120 (United Kingdom),3,,
Fleming Glacier,-69.4167,-66.6667,glacier,SCAR CGA 4706 (United States of America),3,"Fleming, glaciar|Fleming, Glaciar",
Fleming Summit,-84.3333,166.3,glacier,SCAR CGA 16675 (United States of America),3,,
Flint Glacier,-67.3333,-65.4167,glacier,SCAR CGA 4735 (United States of America),3,"Flint, glaciar|Yáñez, Glaciar",
Flogeken Glacier,-72.0667,4.4167,glacier,SCAR CGA 4741 (United States of America),3,Flogeken,
Flora Glacier,-63.4167,-57.0083,glacier,SCAR CGA 16948 (Poland),3,,
Flynn Glacier,-81.5167,159.35,glacier,SCAR CGA 4762 (United States of America),3,,
Foggydog Glacier,-79.7833,158.6667,glacier,SCAR CGA 4772 (United States of America),3,,
Foley Glacier,-71.9667,-101.1667,glacier,SCAR CGA 17474 (United States of America),3,,
Folgebreen,-72.127,19.356,glacier,SCAR CGA 19978 (Norway),3,,
Fonfon Glacier,-78.1833,-86.0306,glacier,SCAR CGA 19450 (Bulgaria),3,,
Foolsmate Glacier,-74.0167,161.9167,glacier,SCAR CGA 4790 (United States of America),3,,
Forbes Glacier,-67.8,-66.7333,glacier,SCAR CGA 4797 (United States of America),3,"Forbes, glaciar",
Forbes Glacier,-67.615,62.3639,glacier,SCAR CGA 4798 (Australia),3,,
Forecastle Summit,-76.7667,161.1333,glacier,SCAR CGA 4815 (United States of America),3,,
Forel Glacier,-67.4833,-66.5,glacier,SCAR CGA 4818 (United States of America),3,,
Foreman Glacier,-69.3,-71.3667,glacier,SCAR CGA 4820 (United States of America),3,,
Forman Glacier,-84.65,-177.1667,glacier,SCAR CGA 4827 (United States of America),3,,
Fortenberry Glacier,-70.8,166.95,glacier,SCAR CGA 4840 (United States of America),3,,
Foster Glacier,-78.4,162.8333,glacier,SCAR CGA 4855 (United States of America),3,,
Fountain Glacier,-77.6833,161.6333,glacier,SCAR CGA 17748 (United States of America),3,,
Fourcade Glacier,-62.2167,-58.6667,glacier,SCAR CGA 4871 (United States of America),3,,
Fowlie Glacier,-71.6667,168.0667,glacier,SCAR CGA 4881 (United States of America),3,,
Fox Glacier,-66.25,114.3333,glacier,SCAR CGA 4882 (United States of America),3,,
Frachat Glacier,-69.1333,-70.9667,glacier,SCAR CGA 4890 (United States of America),3,,
Franca Glacier,-68.3833,-65.5667,glacier,SCAR CGA 4905 (United States of America),3,,
Frank Newnes Glacier,-71.4667,169.3167,glacier,SCAR CGA 4917 (United States of America),3,,
Frankenfield Glacier,-71.8667,-98.2167,glacier,SCAR CGA 4918 (United States of America),3,,
Frankengletscher,-71.1167,165.95,glacier,SCAR CGA 4919 (Germany),3,,
Frazier Glacier,-77.0833,161.4167,glacier,SCAR CGA 4928 (United States of America),3,,
Freeman Glacier,-66.1667,132.4,glacier,SCAR CGA 4939 (United States of America),3,,
Freimanis Glacier,-72.0833,168.25,glacier,SCAR CGA 4946 (United States of America),3,,
Fricker Glacier,-67.05,-65.0,glacier,SCAR CGA 4956 (United States of America),3,"Fricker, glaciar|Fricker, Glaciar",
Friederichsen Glacier,-66.6333,-64.15,glacier,SCAR CGA 4962 (United States of America),3,"Friederichsen, glaciar",
Fritter Glacier,-77.1333,162.5833,glacier,SCAR CGA 16840 (United States of America),3,,
Frost Glacier,-67.0833,129.0,glacier,SCAR CGA 4986 (United States of America),3,,
Frostman Glacier,-75.1333,-137.95,glacier,SCAR CGA 4992 (United States of America),3,,
Frustration Dome,-68.0,64.55,dome,SCAR CGA 4996 (United States of America),3,,
Fry Glacier,-76.6333,162.3,glacier,SCAR CGA 4999 (United States of America),3,,
Fuchs Dome,-80.6,-27.8333,dome,SCAR CGA 5004 (United States of America),3,,
Fuerza Aérea Glacier,-62.5,-59.6333,glacier,SCAR CGA 5007 (United States of America),3,"Fuerza Aérea, Glaciar",
Fuller Dome,-86.6333,-156.3,dome,SCAR CGA 5017 (United States of America),3,,
Funk Glacier,-65.5667,-63.7667,glacier,SCAR CGA 5026 (United States of America),3,,
Furness Glacier,-61.1,-54.8667,glacier,SCAR CGA 5032 (United States of America),3,"Furness, glaciar|Furness, Glaciar",
Gabites Glacier,-77.3483,160.5417,glacier,SCAR CGA 18004 (United States of America),3,,
Gain Glacier,-71.0167,-61.4167,glacier,SCAR CGA 5060 (United States of America),3,,
Gair Glacier,-73.05,166.5333,glacier,SCAR CGA 5061 (United States of America),3,,
Gallup Glacier,-85.15,-177.8333,glacier,SCAR CGA 5085 (United States of America),3,,
Gamble Glacier,-81.1,156.75,glacier,SCAR CGA 17309 (United States of America),3,,
Gannutz Glacier,-70.4,162.1833,glacier,SCAR CGA 5105 (United States of America),3,,
Gardiner Glacier,-86.0167,-131.8,glacier,SCAR CGA 5121 (United States of America),3,,
Garfield Glacier,-74.95,-136.5833,glacier,SCAR CGA 5135 (United States of America),3,,
Garrard Glacier,-84.1167,169.5833,glacier,SCAR CGA 5144 (United States of America),3,,
Garwood Glacier,-78.0167,163.95,glacier,SCAR CGA 5147 (United States of America),3,,
Gatlin Glacier,-85.1667,-173.5,glacier,SCAR CGA 5165 (United States of America),3,,
Gauss Glacier,-77.9667,163.75,glacier,SCAR CGA 5174 (United States of America),3,,
Gaussiran Glacier,-80.0,159.1667,glacier,SCAR CGA 17065 (United States of America),3,,
Geikie Glacier,-75.55,163.0,glacier,SCAR CGA 5203 (New Zealand),3,,
Geneva Glacier,-74.92,-129.2,glacier,SCAR CGA 20434 (United Kingdom),3,,
Gentle Glacier,-76.7667,161.25,glacier,SCAR CGA 5222 (United States of America),3,,
Geodetic Glacier,-77.75,163.8,glacier,SCAR CGA 5228 (United States of America),3,,
Geoid Glacier,-77.8,163.7833,glacier,SCAR CGA 5240 (United States of America),3,,
George Glacier,-70.6833,164.25,glacier,SCAR CGA 5251 (United States of America),3,,
George VI Ice Shelf,-71.75,-68.0,iceshelf,SCAR CGA 5256 (United States of America),3,,
Gerasimou Glacier,-84.7,-177.05,glacier,SCAR CGA 5264 (United States of America),3,,
Gerila Glacier,-78.2069,-86.0333,glacier,SCAR CGA 19449 (Bulgaria),3,,
German Glacier,-83.4778,167.3342,glacier,SCAR CGA 20105 (New Zealand),3,,
Gerontius Glacier,-69.5167,-70.5667,glacier,SCAR CGA 5276 (United States of America),3,,
Gerry Glacier,-77.4,-152.0833,glacier,SCAR CGA 5279 (United States of America),3,,
Getz Ice Shelf,-74.25,-125.0,iceshelf,SCAR CGA 5286 (United States of America),3,,
Geysen Glacier,-73.5167,64.6,glacier,SCAR CGA 5289 (United States of America),3,,
Giaever Glacier,-72.6167,31.1333,glacier,SCAR CGA 5290 (United States of America),3,"Giaever, Glacier",
Gibbs Glacier,-68.4667,-66.0,glacier,SCAR CGA 5300 (United States of America),3,,
Gilbert Glacier,-70.0,-71.0,glacier,SCAR CGA 5316 (United States of America),3,,
Gilchrist Glacier,-66.1167,114.1,glacier,SCAR CGA 5319 (United States of America),3,,
Gildea Glacier,-78.6333,-85.65,glacier,SCAR CGA 18255 (United States of America),3,,
Giles Glacier,-78.6667,-84.7667,glacier,SCAR CGA 18256 (United States of America),3,,
Gillespie Glacier,-85.1833,-175.2,glacier,SCAR CGA 5322 (United States of America),3,,
Gillett Ice Shelf,-69.5833,159.7,iceshelf,SCAR CGA 5323 (United States of America),3,,
Gillock Glacier,-72.0,24.1333,glacier,SCAR CGA 5332 (United States of America),3,Gillockbreen,
Giridava Glacier,-61.2569,-54.1722,glacier,SCAR CGA 19526 (Bulgaria),3,,
Gjel Glacier,-71.8833,24.9167,glacier,SCAR CGA 5352 (United States of America),3,Gjelbreen,
"Glaciar Rocoso, Caleta del",-62.7139,-60.4064,glacier,SCAR CGA 5358 (Spain),3,,
Glacier Rise,-67.5333,166.95,glacier,SCAR CGA 5361 (Unknown),3,,
Glacier Strait,-73.4167,169.4,glacier,SCAR CGA 5362 (United States of America),3,,
Glasgow Glacier,-74.6,-115.36,glacier,SCAR CGA 20426 (United Kingdom),3,,
Glasser Glacier,-63.8767,-57.8656,glacier,SCAR CGA 19894 (United Kingdom),3,,
Glazunov Glacier,-72.4167,-71.6167,glacier,SCAR CGA 5374 (United States of America),3,"Glazunova, lednik",
Glee Glacier,-78.2667,163.0,glacier,SCAR CGA 5380 (United States of America),3,,
Glen Glacier,-80.7333,-25.2667,glacier,SCAR CGA 5382 (United States of America),3,,
Glenzer Glacier,-65.9667,103.25,glacier,SCAR CGA 5384 (United States of America),3,,
Glezen Glacier,-76.5333,162.3,glacier,SCAR CGA 16843 (United States of America),3,,
Glimpse Glacier,-78.2667,162.7667,glacier,SCAR CGA 5389 (United States of America),3,,
Glitrefonna Glacier,-71.95,25.55,glacier,SCAR CGA 5392 (United States of America),3,Glitrefonna,
"Gluhoj, lednik",-70.8,67.75,glacier,SCAR CGA 5417 (Russia),3,,
Gluvreklett Glacier,-72.2333,2.5833,glacier,SCAR CGA 5418 (United States of America),3,Gluvreklettbreen,
Gniezno Glacier,-62.0333,-58.1167,glacier,SCAR CGA 5432 (Poland),3,,
Godwit Glacier,-77.6,162.2,glacier,SCAR CGA 16844 (United States of America),3,,
Goetel Glacier,-62.0667,-58.3167,glacier,SCAR CGA 5444 (United States of America),3,,
Goff Glacier,-72.2333,-97.4333,glacier,SCAR CGA 17479 (United States of America),3,,
Goldman Glacier,-77.7,162.85,glacier,SCAR CGA 5454 (United States of America),3,,
Goldsmith Glacier,-78.9333,-27.7,glacier,SCAR CGA 5458 (United States of America),3,,
Golubiew Glacier,-62.05,-58.2333,glacier,SCAR CGA 5465 (Poland),3,,
Good Glacier,-84.2,177.8333,glacier,SCAR CGA 5480 (United States of America),3,,
Goodale Glacier,-85.5833,-156.4,glacier,SCAR CGA 5481 (United States of America),3,,
Goodell Glacier,-72.9167,-88.5,glacier,SCAR CGA 17480 (United States of America),3,,
Goodenough Glacier,-72.0,-66.6667,glacier,SCAR CGA 5484 (United States of America),3,"Goodenough, glaciar",
Goodspeed Glacier,-77.4833,162.45,glacier,SCAR CGA 5488 (United States of America),3,,
Goodwin Glacier,-65.1,-62.95,glacier,SCAR CGA 5490 (United States of America),3,"Goodwin, glaciar",
Gopher Glacier,-73.4667,-94.0,glacier,SCAR CGA 5499 (United States of America),3,,
Gordon Glacier,-80.2833,-26.15,glacier,SCAR CGA 5503 (United States of America),3,,
Gorichane Glacier,-64.2,-62.4278,glacier,SCAR CGA 19598 (Bulgaria),3,,
"Gornogo Instituta, lednik",-71.8333,10.8333,glacier,SCAR CGA 5518 (Russia),3,,
Gosiki Hyôga,-71.5333,35.6333,glacier,SCAR CGA 5522 (Japan),3,,
Gough Glacier,-84.7,-171.5833,glacier,SCAR CGA 5534 (United States of America),3,,
Gould Glacier,-66.7833,-64.65,glacier,SCAR CGA 5538 (United States of America),3,"Gould Este, glaciar|Valdivia, Glaciar",
Gourdon Glacier,-64.25,-57.3667,glacier,SCAR CGA 5546 (United States of America),3,"Gourdon, glaciar",
Gowan Glacier,-79.1167,-85.65,glacier,SCAR CGA 5556 (United States of America),3,,
Grace Ice Stream,-73.4,-71.3,glacier,SCAR CGA 20081 (United Kingdom),3,,
Gramada Glacier,-63.0347,-62.5761,glacier,SCAR CGA 18446 (Bulgaria),3,,
Gran Glacier,-76.9333,161.2333,glacier,SCAR CGA 5578 (United States of America),3,,
Granite Glacier,-64.8667,-62.7667,glacier,SCAR CGA 16954 (Poland),3,,
Graveson Glacier,-71.0,163.75,glacier,SCAR CGA 5617 (United States of America),3,,
Gray Glacier,-82.3833,159.5833,glacier,SCAR CGA 5621 (United States of America),3,,
Green Glacier,-79.7167,156.1667,glacier,SCAR CGA 5640 (United States of America),3,,
Green Glacier,-64.9667,-61.8667,glacier,SCAR CGA 5641 (United States of America),3,,
Greenall Glacier,-73.2206,68.2244,glacier,SCAR CGA 5650 (Australia),3,"Barhatistyj, lednik",
Greenwell Glacier,-71.3333,165.0,glacier,SCAR CGA 5661 (United States of America),3,,
Gregory Glacier,-64.1333,-60.8,glacier,SCAR CGA 5668 (United States of America),3,"Gregory, glaciar",
Gressitt Glacier,-71.5,161.25,glacier,SCAR CGA 5676 (United States of America),3,,
Griffith Glacier,-86.1833,-149.4,glacier,SCAR CGA 5685 (United States of America),3,,
Griffiths Glacier,-77.1667,162.3333,glacier,SCAR CGA 16845 (United States of America),3,,
Grimes Glacier,-79.2,-84.3667,glacier,SCAR CGA 5700 (United States of America),3,,
Grimley Glacier,-69.15,-64.6667,glacier,SCAR CGA 5702 (United States of America),3,,
Grotto Glacier,-70.75,-68.5833,glacier,SCAR CGA 5725 (United States of America),3,,
Grubb Glacier,-64.9333,-62.6333,glacier,SCAR CGA 5732 (United States of America),3,"Grubb, glaciar",
Gruendler Glacier,-72.6333,167.4667,glacier,SCAR CGA 5734 (United States of America),3,,
Gruening Glacier,-71.8667,-61.9167,glacier,SCAR CGA 5735 (United States of America),3,"Gruening, glaciar|Gruening, Ventisquero",
Guard Glacier,-71.0167,-62.1667,glacier,SCAR CGA 5751 (United States of America),3,,
Guerrero Glacier,-78.5333,-84.25,glacier,SCAR CGA 5768 (United States of America),3,,
Gunnestad Glacier,-72.05,23.8333,glacier,SCAR CGA 5795 (United States of America),3,Gunnestadbreen,
Gurling Glacier,-70.5667,-62.3333,glacier,SCAR CGA 5800 (United States of America),3,,
Gutenberg Glacier,-81.9667,158.5333,glacier,SCAR CGA 17316 (United States of America),3,,
Haas Glacier,-85.75,-164.9167,glacier,SCAR CGA 5831 (United States of America),3,,
Hadzhiev Glacier,-69.1778,-71.5389,glacier,SCAR CGA 19947 (Bulgaria),3,,
Haefeli Glacier,-67.3,-66.3833,glacier,SCAR CGA 5847 (United States of America),3,,
Haffner Glacier,-71.4667,169.4,glacier,SCAR CGA 5849 (United States of America),3,,
Haines Glacier,-73.35,-62.55,glacier,SCAR CGA 5869 (United States of America),3,,
Hale Glacier,-72.2167,-100.55,glacier,SCAR CGA 5878 (United States of America),3,,
Haley Glacier,-71.55,-61.8333,glacier,SCAR CGA 5880 (United States of America),3,,
Hall Glacier,-73.9,-76.3833,glacier,SCAR CGA 18258 (United States of America),3,,
Hall Glacier,-73.9,-76.3833,glacier,SCAR CGA 20371 (United Kingdom),3,,
Hamblin Glacier,-66.4,-65.1167,glacier,SCAR CGA 5923 (United States of America),3,,
Hamilton Glacier,-82.6667,160.25,glacier,SCAR CGA 5928 (United States of America),3,,
Hammond Glacier,-77.4167,-146.0,glacier,SCAR CGA 5937 (United States of America),3,,
Hampton Glacier,-69.3333,-70.0833,glacier,SCAR CGA 5946 (United States of America),3,"Hampton, glaciar",
Hand Glacier,-72.9667,168.0833,glacier,SCAR CGA 5951 (United States of America),3,,
Hannan Ice Shelf,-67.6,47.5833,iceshelf,SCAR CGA 5968 (United States of America),3,,
Hansen Glacier,-78.35,-84.55,glacier,SCAR CGA 5974 (United States of America),3,,
Harbord Glacier,-75.9167,162.4,glacier,SCAR CGA 5996 (United States of America),3,,
Harbour Glacier,-64.8167,-63.4333,glacier,SCAR CGA 5999 (United States of America),3,,
Harbour Glacier,-77.0326,162.9035,glacier,SCAR CGA 18260 (New Zealand),3,,
Harbour Glacier Tongue,-77.0167,162.95,glacier,SCAR CGA 6000 (New Zealand),3,,
Hargreaves Glacier,-69.7667,74.3333,glacier,SCAR CGA 6010 (United States of America),3,,
Hariot Glacier,-69.0,-66.3333,glacier,SCAR CGA 6012 (United States of America),3,,
Harlin Glacier,-70.8833,160.8333,glacier,SCAR CGA 6016 (United States of America),3,,
Harp Glacier,-77.5333,163.2333,glacier,SCAR CGA 16684 (United States of America),3,,
Harper Glacier,-73.8667,163.0833,glacier,SCAR CGA 6026 (United States of America),3,,
Harrison Glacier,-66.2333,131.25,glacier,SCAR CGA 6040 (United States of America),3,,
Hart Glacier,-77.5,162.3833,glacier,SCAR CGA 6054 (United States of America),3,,
Harvey Summit,-78.3144,162.3025,glacier,SCAR CGA 16688 (United States of America),3,,
Harwell Glacier,-84.95,-171.4833,glacier,SCAR CGA 6070 (United States of America),3,,
Haselton Glacier,-77.3542,160.75,glacier,SCAR CGA 18033 (United States of America),3,,
Haskell Glacier,-73.5667,-94.2167,glacier,SCAR CGA 6074 (United States of America),3,,
Hatherton Glacier,-79.9167,157.5833,glacier,SCAR CGA 6091 (United States of America),3,,
Havelgletscher,-74.2167,162.6667,glacier,SCAR CGA 6110 (Germany),3,,
Hawkes Glacier,-62.9333,-60.5167,glacier,SCAR CGA 16957 (Poland),3,,
Hawkins Glacier,-66.5667,107.5167,glacier,SCAR CGA 6127 (United States of America),3,,
Hayes Glacier,-67.6833,46.2833,glacier,SCAR CGA 6134 (Australia),3,,
Hayes Glacier,-76.2667,-27.9,glacier,SCAR CGA 6135 (United States of America),3,,
Haynes Glacier,-75.4167,-109.5,glacier,SCAR CGA 6141 (United States of America),3,,
Hays Glacier,-67.6667,46.3,glacier,SCAR CGA 6145 (United States of America),3,,
Hazukibreen,-69.1667,39.75,glacier,SCAR CGA 6154 (Norway),3,Hazuki Hyôga,
Heap Glacier,-79.05,159.3333,glacier,SCAR CGA 6160 (United States of America),3,,
Hearfield Glacier,-72.4333,167.7,glacier,SCAR CGA 6164 (United States of America),3,,
Hedblom Glacier,-76.5667,162.4,glacier,SCAR CGA 16850 (United States of America),3,,
Hedley Glacier,-77.8167,162.1167,glacier,SCAR CGA 6175 (United States of America),3,,
Heezen Glacier,-72.75,-61.3,glacier,SCAR CGA 6179 (United States of America),3,,
Hei Glacier,-72.4833,0.5833,glacier,SCAR CGA 6182 (United States of America),3,Heibreen,
Heidemann Glacier,-82.55,162.8333,glacier,SCAR CGA 6185 (United States of America),3,,
Heilman Glacier,-82.6167,160.7667,glacier,SCAR CGA 6188 (United States of America),3,,
Heim Glacier,-67.4667,-66.9167,glacier,SCAR CGA 6189 (United States of America),3,,
Heimdall Glacier,-77.5833,161.8333,glacier,SCAR CGA 6190 (United States of America),3,,
Heitô Hyôga,-69.2667,39.8167,glacier,SCAR CGA 6201 (Japan),3,,
Hektoria Glacier,-65.05,-61.5167,glacier,SCAR CGA 6206 (United States of America),3,,
Helava Glacier,-61.1333,-54.8,glacier,SCAR CGA 19901 (United Kingdom),3,,
Held Glacier,-84.7833,-177.0,glacier,SCAR CGA 6208 (United States of America),3,,
Helen Glacier,-66.6667,93.9167,glacier,SCAR CGA 6209 (United States of America),3,,
Helfferich Glacier,-70.5833,160.2,glacier,SCAR CGA 6215 (United States of America),3,,
Helm Glacier,-83.1167,162.5,glacier,SCAR CGA 6227 (United States of America),3,,
Helman Glacier,-72.2,168.4667,glacier,SCAR CGA 6230 (United States of America),3,,
Helmore Glacier,-73.0667,68.1478,glacier,SCAR CGA 6234 (Australia),3,"Krutoj, lednik",
Henderson Glacier,-79.7833,-82.4167,glacier,SCAR CGA 6246 (United States of America),3,,
Henryk Glacier,-64.7,-62.5,glacier,SCAR CGA 16959 (United States of America),3,,
Henson Glacier,-64.1,-60.1833,glacier,SCAR CGA 6275 (United States of America),3,,
Herbertson Glacier,-77.7,163.8,glacier,SCAR CGA 6282 (United States of America),3,,
Herbst Glacier,-75.6667,-132.1167,glacier,SCAR CGA 6283 (United States of America),3,,
Hercules Dome,-86.0,-105.0,dome,SCAR CGA 6284 (United States of America),3,,
Hermes Glacier,-68.9833,-65.25,glacier,SCAR CGA 6294 (United States of America),3,,
Hess Glacier,-67.2167,-65.0833,glacier,SCAR CGA 6324 (United States of America),3,"Hess, glaciar|Hess, Glaciar",
Hessengletscher,-70.7,164.5833,glacier,SCAR CGA 6328 (Germany),3,,
Hette Glacier,-71.7167,26.5833,glacier,SCAR CGA 6332 (United States of America),3,Hettebreen,
Hewitt Glacier,-83.2833,167.8333,glacier,SCAR CGA 6338 (United States of America),3,,
Hewson Glacier,-84.2,169.75,glacier,SCAR CGA 6339 (United States of America),3,,
Heywood Glacier,-72.75,-61.75,glacier,SCAR CGA 20320 (United Kingdom),3,,
Higashi-naga-iwa Glacier,-68.45,41.6333,glacier,SCAR CGA 6358 (United States of America),3,Higasi-naga-iwa Hyôga|Langknattbreen,
Highton Glacier,-61.2333,-54.05,glacier,SCAR CGA 6374 (United States of America),3,,
Hindley Glacier,-72.1667,-62.1917,glacier,SCAR CGA 20302 (United Kingdom),3,,
Hindmarsh Dome,-78.4111,-80.4222,dome,SCAR CGA 20308 (United Kingdom),3,,
Hinkley Glacier,-78.45,-85.3333,glacier,SCAR CGA 18262 (United States of America),3,,
Hinton Glacier,-80.05,157.1667,glacier,SCAR CGA 6403 (United States of America),3,,
Hippocrates Glacier,-64.3667,-62.3667,glacier,SCAR CGA 6406 (United States of America),3,"Hipócrates, glaciar",
Hlubeck Glacier,-72.5,-97.15,glacier,SCAR CGA 17490 (United States of America),3,,
Hobbs Glacier,-77.9,164.4,glacier,SCAR CGA 6435 (United States of America),3,,
Hobbs Glacier,-64.3,-57.4333,glacier,SCAR CGA 6434 (United States of America),3,"Hobbs, glaciar|Brant, Glaciar",
Hoek Glacier,-66.0,-65.0667,glacier,SCAR CGA 6456 (United States of America),3,"Hoek, glaciar",
Hoffman Glacier,-83.3667,167.6667,glacier,SCAR CGA 6458 (United States of America),3,,
Holcomb Glacier,-75.5833,-142.8,glacier,SCAR CGA 6496 (United States of America),3,,
Holdsworth Glacier,-86.5,-154.0,glacier,SCAR CGA 6500 (United States of America),3,,
Hollingsworth Glacier,-75.55,159.95,glacier,SCAR CGA 6511 (United States of America),3,,
Holman Dome,-66.45,98.9,dome,SCAR CGA 6516 (United States of America),3,,
Holmes Glacier,-66.7667,126.9,glacier,SCAR CGA 6521 (United States of America),3,,
Holmes Summit,-80.6667,-24.6667,glacier,SCAR CGA 6526 (United States of America),3,,
Holoviak Glacier,-71.3667,-72.15,glacier,SCAR CGA 6530 (United States of America),3,,
Holsteingletscher,-71.1,166.4167,glacier,SCAR CGA 6533 (Germany),3,,
Holt Glacier,-74.6667,-110.6,glacier,SCAR CGA 6534 (United States of America),3,,
Holzrichter Glacier,-84.8333,-172.5,glacier,SCAR CGA 6547 (United States of America),3,,
Honeycomb Glacier,-72.1167,169.8667,glacier,SCAR CGA 6556 (United States of America),3,,
Honnør Glacier,-69.3833,39.8333,glacier,SCAR CGA 6559 (United States of America),3,Honnør Hyôga|Honnørbreen,
Hood Glacier,-83.9167,173.1667,glacier,SCAR CGA 6566 (United States of America),3,,
Hooker Glacier,-78.0667,163.1,glacier,SCAR CGA 6571 (United States of America),3,,
Hooper Glacier,-64.7333,-63.6167,glacier,SCAR CGA 6577 (United States of America),3,,
Hopkins Glacier,-66.6,-65.7,glacier,SCAR CGA 6589 (United States of America),3,"Hopkins, glaciar",
Horatio Glacier,-62.2833,-58.9833,glacier,SCAR CGA 6590 (Poland),3,,
Horne Glacier,-71.2833,164.9333,glacier,SCAR CGA 6602 (United States of America),3,,
Horrall Glacier,-75.0,-114.4667,glacier,SCAR CGA 6615 (United States of America),3,,
Horteriset Dome,-72.0833,12.3667,dome,SCAR CGA 6631 (United States of America),3,Horteriset,
Horton Glacier,-67.55,-68.5,glacier,SCAR CGA 6632 (United States of America),3,,
Hoseason Glacier,-67.1,58.1167,glacier,SCAR CGA 6635 (United States of America),3,,
Hoshko Glacier,-71.8167,163.4,glacier,SCAR CGA 6637 (United States of America),3,,
Hotine Glacier,-65.1333,-63.8667,glacier,SCAR CGA 6642 (United States of America),3,,
Hough Glacier,-78.5333,-84.3333,glacier,SCAR CGA 6644 (United States of America),3,,
Houliston Glacier,-72.0,164.5667,glacier,SCAR CGA 6648 (United States of America),3,,
Hourihan Glacier,-80.1333,158.75,glacier,SCAR CGA 17072 (United States of America),3,,
Houston Glacier,-70.5667,-62.05,glacier,SCAR CGA 6654 (United States of America),3,,
Hovde Glacier,-69.25,76.9167,glacier,SCAR CGA 6657 (United States of America),3,,
Howard Glacier,-77.6667,163.0833,glacier,SCAR CGA 6668 (United States of America),3,,
Howarth Glacier,-64.3833,-57.3833,glacier,SCAR CGA 6676 (United States of America),3,,
Howchin Glacier,-78.2,163.3667,glacier,SCAR CGA 6677 (United States of America),3,,
Howe Glacier,-86.2333,-149.2,glacier,SCAR CGA 6681 (United States of America),3,,
"Hubert, Glaciar",-71.6667,-67.0,glacier,SCAR CGA 17648 (Chile),3,,
Hudman Glacier,-78.9,-84.2,glacier,SCAR CGA 6707 (United States of America),3,,
Hueneme Glacier,-85.8167,-131.25,glacier,SCAR CGA 6714 (United States of America),3,,
Hughes Glacier,-77.7333,162.45,glacier,SCAR CGA 6722 (United States of America),3,,
Hugi Glacier,-66.1833,-65.1167,glacier,SCAR CGA 6730 (United States of America),3,"Hugi, glaciar",
Huka Kapo Glacier,-77.4033,160.7167,glacier,SCAR CGA 18006 (United States of America),3,Huka kapo Glacier,
Hulbe Glacier,-73.7833,-125.9167,glacier,SCAR CGA 17496 (United States of America),3,,
Hull Glacier,-75.0833,-137.25,glacier,SCAR CGA 6739 (United States of America),3,,
Humboldtgraben,-71.75,11.9167,glacier,SCAR CGA 6749 (Germany),3,,
Humphries Glacier,-72.85,168.8333,glacier,SCAR CGA 6761 (United States of America),3,,
Hunt Glacier,-76.8667,162.4167,glacier,SCAR CGA 6772 (United States of America),3,,
Hunter Glacier,-71.7333,163.0,glacier,SCAR CGA 6777 (United States of America),3,,
Huntress Glacier,-62.6833,-60.2833,glacier,SCAR CGA 6780 (United States of America),3,"Huntress, glaciar",
Hurd Dome,-62.6833,-60.3833,dome,SCAR CGA 6785 (United States of America),3,"Hurd, Glaciar|Hurd Ice Cap",
Hurley Glacier,-67.5667,-68.5333,glacier,SCAR CGA 6786 (United States of America),3,,
Huron Glacier,-62.6333,-60.0333,glacier,SCAR CGA 6789 (United States of America),3,"Hurón, glaciar",
Hushen Glacier,-71.4333,-72.8667,glacier,SCAR CGA 6793 (United States of America),3,,
Husky Dome,-84.9,176.2833,dome,SCAR CGA 6794 (United States of America),3,,
Hyde Glacier,-79.8,-83.7,glacier,SCAR CGA 6821 (United States of America),3,,
Hålisen Glacier,-72.0333,8.85,glacier,SCAR CGA 5893 (United States of America),3,Hålisen,
Höflegletscher,-80.3333,-27.1667,glacier,SCAR CGA 6462 (Germany),3,,
Ice Gate Glacier,-64.9,-62.75,glacier,SCAR CGA 16963 (United States of America),3,,
Icebreaker Glacier,-73.6167,166.1667,glacier,SCAR CGA 6844 (United States of America),3,,
Ichime Glacier,-68.3833,42.1333,glacier,SCAR CGA 6848 (United States of America),3,Itime Hyôga|Torghattbreen,
Il Polo Glacier,-69.8333,74.9,glacier,SCAR CGA 6861 (United States of America),3,,
Iliad Glacier,-64.45,-63.45,glacier,SCAR CGA 6862 (United States of America),3,"Ilíada, glaciar",
Iliev Glacier,-69.4736,-71.5917,glacier,SCAR CGA 18564 (Bulgaria),3,,
Incheon Glacier,-74.61,-116.79,glacier,SCAR CGA 20427 (United Kingdom),3,,
Ineson Glacier,-64.0667,-58.3667,glacier,SCAR CGA 6889 (United States of America),3,,
Ingham Glacier,-72.8333,168.6333,glacier,SCAR CGA 6894 (United States of America),3,,
Ironside Glacier,-72.1333,169.6667,glacier,SCAR CGA 6932 (United States of America),3,,
Irvine Glacier,-74.7,-63.25,glacier,SCAR CGA 6934 (United States of America),3,,
Irving Glacier,-76.2167,160.2667,glacier,SCAR CGA 16857 (United States of America),3,,
Irwin Glacier,-71.1167,163.4167,glacier,SCAR CGA 6937 (United States of America),3,,
Isbrecht Glacier,-72.2333,-100.7667,glacier,SCAR CGA 17497 (United States of America),3,,
Ising Glacier,-72.4,0.95,glacier,SCAR CGA 6960 (United States of America),3,Isingbreen,
Iskar Glacier,-62.6333,-59.9833,glacier,SCAR CGA 17204 (United States of America),3,,
"Ivana Mana, lednik",-73.2833,-74.7833,glacier,SCAR CGA 6992 (Russia),3,,
Jaburg Glacier,-82.7,-53.4167,glacier,SCAR CGA 7013 (United States of America),3,,
Jackson Glacier,-74.7833,-135.75,glacier,SCAR CGA 7017 (United States of America),3,,
Jacobel Glacier,-77.7333,-148.2833,glacier,SCAR CGA 17498 (United States of America),3,,
Jacobsen Glacier,-82.9667,167.0833,glacier,SCAR CGA 7026 (United States of America),3,,
Jacoby Glacier,-75.8,-132.1,glacier,SCAR CGA 7028 (United States of America),3,,
"Jakubova, lednik",-81.5,160.8333,glacier,SCAR CGA 7046 (Russia),3,,
James Forbes Glacier,-69.2044,158.0133,glacier,SCAR CGA 18715 (Australia),3,,
Jeffries Glacier,-79.0333,-28.2,glacier,SCAR CGA 7096 (United States of America),3,,
Jeffryes Glacier,-67.0817,143.985,glacier,SCAR CGA 18718 (Australia),3,,
Jelbart Ice Shelf,-70.5,-4.5,iceshelf,SCAR CGA 7100 (United States of America),3,Jelbartisen,
Jenagletscher,-74.6833,162.6,glacier,SCAR CGA 7101 (Germany),3,,
Jenner Glacier,-64.45,-62.5833,glacier,SCAR CGA 7105 (United States of America),3,"Jenner, glaciar",
Jennings Glacier,-71.95,24.3667,glacier,SCAR CGA 7107 (United States of America),3,Jenningsbreen,
Jensen Glacier,-85.0833,170.8,glacier,SCAR CGA 7115 (United States of America),3,,
Jeroboam Glacier,-65.6333,-62.6667,glacier,SCAR CGA 7123 (United States of America),3,,
Jezek Glacier,-77.9833,162.2167,glacier,SCAR CGA 7131 (United States of America),3,,
John Glacier,-83.5967,-55.0,glacier,SCAR CGA 18883 (United Kingdom),3,,
Johns Glacier,-85.8,-136.5,glacier,SCAR CGA 7164 (United States of America),3,,
Johnson Glacier,-74.9167,-134.75,glacier,SCAR CGA 7170 (United States of America),3,,
Johnsons Glacier,-62.6667,-60.35,glacier,SCAR CGA 7183 (United States of America),3,"Johnsons, Glaciar",
Johnston Glacier,-74.4167,-62.3333,glacier,SCAR CGA 7185 (United States of America),3,"Hernandez, glaciar|Ferrada, Glaciar",
Johnstone Glacier,-71.8667,163.8833,glacier,SCAR CGA 7191 (United States of America),3,,
Jones Glacier,-66.6,91.5,glacier,SCAR CGA 7218 (United States of America),3,,
Jones Ice Shelf,-67.5167,-67.0167,iceshelf,SCAR CGA 7219 (United States of America),3,Jones Ice Shelf*,
Jorda Glacier,-81.3,159.8167,glacier,SCAR CGA 7229 (United States of America),3,,
Jorquera Glacier,-62.4667,-59.65,glacier,SCAR CGA 17738 (United States of America),3,,
Jorum Glacier,-65.2333,-62.05,glacier,SCAR CGA 7235 (United States of America),3,,
Jostebreen,-72.259,20.938,glacier,SCAR CGA 19986 (Norway),3,,
Jotneisen,-70.456,23.123,iceshelf,SCAR CGA 19987 (Norway),3,,
Joughin Glacier,-73.7333,-62.4833,glacier,SCAR CGA 18486 (United Kingdom),3,,
Joyce Glacier,-78.0167,163.7,glacier,SCAR CGA 7243 (United States of America),3,,
Judith Glacier,-80.4833,158.8167,glacier,SCAR CGA 7251 (United States of America),3,,
Jupiter Glacier,-70.95,-68.5,glacier,SCAR CGA 7272 (United States of America),3,,
Jutland Glacier,-71.9167,166.2,glacier,SCAR CGA 7284 (United States of America),3,,
Jutulstraumen Glacier,-71.5833,-0.5,glacier,SCAR CGA 7290 (United States of America),3,Jutulstraumen,
Jøkulhest Dome,-71.8667,6.7,dome,SCAR CGA 7206 (United States of America),3,Jøkulhest,
"Kalesnika, lednik",-82.0667,-41.4167,glacier,SCAR CGA 7315 (Russia),3,,
Kaliakra Glacier,-62.5833,-60.1667,glacier,SCAR CGA 7316 (United States of America),3,,
"Kaliningradskij, lednik",-74.0833,68.0,glacier,SCAR CGA 7318 (Russia),3,,
Kamb Glacier,-77.9167,162.65,glacier,SCAR CGA 7321 (United States of America),3,,
Kamchiya Glacier,-62.6228,-60.5167,glacier,SCAR CGA 17937 (Bulgaria),3,,
Kamp Glacier,-71.75,25.4,glacier,SCAR CGA 7336 (United States of America),3,Kampbreen,
Kannheiser Glacier,-72.1667,-101.7,glacier,SCAR CGA 7346 (United States of America),3,,
Kansas Glacier,-85.7,-134.5,glacier,SCAR CGA 7347 (United States of America),3,,
"Karandina, lednik",-79.1667,-28.6667,glacier,SCAR CGA 7358 (Russia),3,,
Karasura Glacier,-78.8117,-85.7972,glacier,SCAR CGA 19428 (Bulgaria),3,,
"Karlova, lednik",-81.6333,161.5833,glacier,SCAR CGA 7365 (Russia),3,,
Kasabova Glacier,-63.9389,-59.9083,glacier,SCAR CGA 18600 (Bulgaria),3,,
Kashin Glacier,-67.6389,-66.5861,glacier,SCAR CGA 19774 (Bulgaria),3,,
Kasumi Glacier,-68.3333,42.35,glacier,SCAR CGA 7381 (United States of America),3,Kasumi Hyôga|Disbreen,
Kauffman Glacier,-71.25,-61.3,glacier,SCAR CGA 7391 (United States of America),3,,
Kayabreen,-69.9667,37.2667,glacier,SCAR CGA 7399 (Norway),3,Kaya Hyôga,
Kehle Glacier,-78.9333,160.3,glacier,SCAR CGA 7413 (United States of America),3,,
Keith Glacier,-66.3167,-65.6167,glacier,SCAR CGA 19908 (United Kingdom),3,,
Kellogg Glacier,-71.85,-62.6833,glacier,SCAR CGA 7427 (United States of America),3,,
Kelly Glacier,-72.3167,168.9167,glacier,SCAR CGA 7428 (United States of America),3,,
Kelsey Glacier,-74.4167,-62.5833,glacier,SCAR CGA 7434 (Russia),3,,
Keltie Glacier,-84.8833,170.3333,glacier,SCAR CGA 7436 (United States of America),3,,
Kempe Glacier,-78.3,162.9,glacier,SCAR CGA 7445 (United States of America),3,,
Kennedy Glacier,-77.65,162.2,glacier,SCAR CGA 16707 (United States of America),3,,
Kenney Glacier,-63.4167,-57.0333,glacier,SCAR CGA 7463 (United States of America),3,,
Kent Glacier,-82.8333,163.1667,glacier,SCAR CGA 7467 (United States of America),3,,
Ketchum Glacier,-75.0,-63.75,glacier,SCAR CGA 7483 (United States of America),3,,
Keys Glacier,-74.8,-114.0,glacier,SCAR CGA 7491 (United States of America),3,,
Kichenside Glacier,-67.7667,47.6,glacier,SCAR CGA 7506 (United States of America),3,,
Kiel Glacier,-78.1333,-154.25,glacier,SCAR CGA 7512 (United States of America),3,,
King Dome,-76.9,-79.9167,dome,SCAR CGA 20306 (United Kingdom),3,,
King Glacier,-83.4833,170.3,glacier,SCAR CGA 7528 (United States of America),3,,
King Glacier,-73.2222,-62.075,glacier,SCAR CGA 20309 (United Kingdom),3,,
Kirk Glacier,-72.0333,169.15,glacier,SCAR CGA 7557 (United States of America),3,,
Kirkby Glacier,-70.7167,166.15,glacier,SCAR CGA 7558 (United States of America),3,,
Kirkpatrick Glacier,-75.15,-136.0,glacier,SCAR CGA 7563 (United States of America),3,,
"Kiselëva, lednik",-65.9,102.95,glacier,SCAR CGA 7572 (Russia),3,,
Kitticarrara Glacier,-77.7167,163.0333,glacier,SCAR CGA 7590 (United States of America),3,,
Klebelsberg Glacier,-67.3833,-66.3167,glacier,SCAR CGA 7616 (United States of America),3,,
Klein Glacier,-86.8,-150.0,glacier,SCAR CGA 7617 (United States of America),3,,
Kleiner Sledgersgletscher,-71.55,163.2,glacier,SCAR CGA 7618 (Germany),3,,
Kleptuza Glacier,-64.6,-63.2667,glacier,SCAR CGA 18573 (Bulgaria),3,,
Koch Glacier,-64.45,-62.5,glacier,SCAR CGA 7682 (United States of America),3,"Koch, glaciar",
Koerwitz Glacier,-85.7,-154.4,glacier,SCAR CGA 7688 (United States of America),3,,
Koettlitz Glacier,-78.25,164.25,glacier,SCAR CGA 7690 (United States of America),3,,
Kohler Dome,-76.0333,-134.2833,dome,SCAR CGA 7693 (United States of America),3,,
Kohler Glacier,-74.9167,-113.75,glacier,SCAR CGA 7694 (United States of America),3,,
Kom Glacier,-67.8944,-66.7306,glacier,SCAR CGA 19777 (Bulgaria),3,,
Koms Glacier,-72.05,25.3,glacier,SCAR CGA 7725 (United States of America),3,Komsbreen,
Kongur Glacier,-62.9064,-62.43,glacier,SCAR CGA 18448 (Bulgaria),3,,
Koriten Glacier,-66.7778,-66.4861,glacier,SCAR CGA 19721 (Bulgaria),3,,
Kornicker Glacier,-78.7167,-84.5833,glacier,SCAR CGA 18268 (United States of America),3,,
"Korolëva, Kupol",-70.4167,4.3333,dome,SCAR CGA 7758 (Russia),3,,
"Korotkij, lednik",-72.8333,68.1667,glacier,SCAR CGA 7761 (Russia),3,,
Kosco Glacier,-84.45,-178.0,glacier,SCAR CGA 7766 (United States of America),3,,
Koski Glacier,-85.2833,167.25,glacier,SCAR CGA 7770 (United States of America),3,,
"Kosmonavtov, lednik",-72.0,10.3333,glacier,SCAR CGA 7775 (Russia),3,,
Kovacs Glacier,-83.1833,-49.25,glacier,SCAR CGA 7785 (United States of America),3,,
Kovarvyj Glacier,-66.8001,89.9376,glacier,SCAR CGA 7786 (Australia),3,"Kovarvyj, lednik",
Krak Glacier,-62.1,-58.3333,glacier,SCAR CGA 7798 (United States of America),3,,
Krakowiak Glacier,-62.1375,-58.125,glacier,SCAR CGA 7802 (Poland),3,,
Kraków Dome,-62.1167,-58.25,dome,SCAR CGA 17740 (United States of America),3,"Kraków Icefield|Kraków Icefield (Dome,Peninsula)",
Krank Glacier,-83.1333,162.0833,glacier,SCAR CGA 7805 (United States of America),3,,
Kraus Glacier,-64.6,-63.2833,glacier,SCAR CGA 19903 (United Kingdom),3,,
Krebs Glacier,-64.6333,-61.5167,glacier,SCAR CGA 7819 (United States of America),3,"Krebs, glaciar",
Krebsgletscher,-70.9833,163.05,glacier,SCAR CGA 7821 (Germany),3,,
Kreitzer Glacier,-70.3667,72.6,glacier,SCAR CGA 7826 (United States of America),3,,
Krivodol Glacier,-62.9814,-62.4881,glacier,SCAR CGA 18450 (Bulgaria),3,,
"Kronshtadtskij, lednik",-71.75,71.5,glacier,SCAR CGA 7855 (Russia),3,,
Krout Glacier,-84.8833,-172.2,glacier,SCAR CGA 7860 (United States of America),3,,
Kubitza Glacier,-70.4,-63.1833,glacier,SCAR CGA 7881 (United States of America),3,,
"Kuchina, lednik",-66.5,114.5833,glacier,SCAR CGA 7885 (Russia),3,,
"Kuprijanova, lednik",-66.6,93.3333,glacier,SCAR CGA 7908 (Russia),3,,
Kyoto Glacier,-74.84,-124.34,glacier,SCAR CGA 20431 (United Kingdom),3,,
Köppengletscher,-80.3,-28.0,glacier,SCAR CGA 7755 (Germany),3,,
LaVergne Glacier,-85.3167,-170.75,glacier,SCAR CGA 8204 (United States of America),3,,
Lacroix Glacier,-77.6667,162.55,glacier,SCAR CGA 7991 (United States of America),3,,
Ladies Icefall,-62.15,-58.5333,glacier,SCAR CGA 7997 (United Kingdom),3,,
Ladkin Glacier,-73.1,-61.6417,glacier,SCAR CGA 20310 (United Kingdom),3,,
Lahngletscher,-73.85,162.8333,glacier,SCAR CGA 8020 (Germany),3,,
Laird Glacier,-84.9167,169.9167,glacier,SCAR CGA 8024 (United States of America),3,,
Laizure Glacier,-69.25,158.1167,glacier,SCAR CGA 8028 (United States of America),3,,
"Laktionova, lednik",-72.0,9.5833,glacier,SCAR CGA 8034 (Russia),3,,
Lambert Glacier,-71.0,70.0,glacier,SCAR CGA 8044 (United States of America),3,,
Lammers Glacier,-68.6167,-66.1667,glacier,SCAR CGA 8050 (United States of America),3,"Lammers, glaciar",
Lampe Glacier,-66.5375,-65.5833,glacier,SCAR CGA 19909 (United Kingdom),3,,
Lamykin Dome,-67.45,46.6667,dome,SCAR CGA 8056 (United States of America),3,"Lamykina, Kupol",
Land Glacier,-75.6667,-141.75,glacier,SCAR CGA 8063 (United States of America),3,,
Landau Glacier,-63.8878,-59.3197,glacier,SCAR CGA 18500 (United States of America),3,,
Landsat Ice Stream,-73.6,-79.05,glacier,SCAR CGA 20084 (United Kingdom),3,,
Lange Glacier,-62.1167,-58.5,glacier,SCAR CGA 8086 (United States of America),3,,
Langevad Glacier,-73.1333,168.8333,glacier,SCAR CGA 8091 (United States of America),3,,
Langflog Glacier,-72.1,4.2333,glacier,SCAR CGA 8092 (United States of America),3,Langflogbreen,
Langhovde Glacier,-69.2167,39.8,glacier,SCAR CGA 8097 (United States of America),3,Langhovde Hyôga|Langhovdebreen,
Langskavlen Glacier,-72.0167,14.4833,glacier,SCAR CGA 8108 (United States of America),3,Langskavlen,
Lann Glacier,-71.25,167.9,glacier,SCAR CGA 8112 (United States of America),3,,
Larsen Glacier,-75.1,162.4667,glacier,SCAR CGA 8147 (United States of America),3,,
Larsen Ice Shelf,-67.5,-62.5,iceshelf,SCAR CGA 8149 (United States of America),3,"Larsen, barrera de hielos|Larsen, Plataforma de Hielo",
Larson Glacier,-77.4667,-154.0,glacier,SCAR CGA 8156 (United States of America),3,,
Larter Glacier,-74.6917,-99.7805,glacier,SCAR CGA 20247 (United Kingdom),3,,
"Las Heras, glaciar",-70.1667,-61.4167,glacier,SCAR CGA 8160 (Argentina),3,,
Las Palmas Glacier,-62.6833,-60.4167,glacier,SCAR CGA 10846 (United States of America),3,"Las Palmas, Lóbulo",
Lashly Glacier,-77.95,159.8333,glacier,SCAR CGA 8166 (United States of America),3,,
Law Dome,-66.7333,112.8333,dome,SCAR CGA 8209 (United States of America),3,,
Law Glacier,-84.0833,161.0,glacier,SCAR CGA 8211 (United States of America),3,,
Lawrie Glacier,-66.0667,-64.6,glacier,SCAR CGA 8223 (United States of America),3,,
Laws Glacier,-60.6333,-45.6333,glacier,SCAR CGA 8224 (United States of America),3,"Laws, glaciar",
Lazarev Ice Shelf,-69.6167,14.75,iceshelf,SCAR CGA 8234 (United States of America),3,"Lazarevisen|Lazareva, shel'fovyj lednik",
"Lazareva, Kupol",-70.3,5.5,dome,SCAR CGA 8237 (Russia),3,,
Laënnec Glacier,-64.2,-62.2167,glacier,SCAR CGA 7999 (United States of America),3,,
Le Couteur Glacier,-84.7,-170.5,glacier,SCAR CGA 8241 (United States of America),3,,
Leander Glacier,-71.9333,167.6833,glacier,SCAR CGA 8253 (United States of America),3,,
Leap Year Glacier,-71.7,164.25,glacier,SCAR CGA 8254 (United States of America),3,,
Leay Glacier,-65.1667,-63.95,glacier,SCAR CGA 8256 (United States of America),3,,
"Ledenëva, lednik",-71.4167,12.8833,glacier,SCAR CGA 8270 (Russia),3,,
Lee Glacier,-81.25,159.1167,glacier,SCAR CGA 17323 (United States of America),3,,
Leigh Hunt Glacier,-85.0,174.1667,glacier,SCAR CGA 8297 (United States of America),3,,
"Lejtenanta Smidta, Kupol",-71.1167,-3.2833,dome,SCAR CGA 8305 (Russia),3,,
Leningradkollen,-70.1,12.75,dome,SCAR CGA 8320 (Norway),3,"Leningradskij, Kupol",
Lennon Glacier,-69.2,-71.9833,glacier,SCAR CGA 8325 (United States of America),3,,
Lennox-King Glacier,-83.4167,168.0,glacier,SCAR CGA 8326 (United States of America),3,,
Lensen Glacier,-72.3,166.8,glacier,SCAR CGA 8328 (United States of America),3,,
Leonardo Glacier,-64.7,-61.9667,glacier,SCAR CGA 8335 (United States of America),3,"Leonardo, glaciar",
Leppard Glacier,-65.9667,-62.5,glacier,SCAR CGA 8350 (United States of America),3,,
"Lepëhina, lednik",-72.3333,70.4167,glacier,SCAR CGA 8348 (Russia),3,,
Lerchenfeld Glacier,-77.9167,-34.25,glacier,SCAR CGA 8352 (United States of America),3,Lerchenfeldgletscher,
Letnitsa Glacier,-63.0497,-62.6033,glacier,SCAR CGA 18454 (Bulgaria),3,,
Lettner Glacier,-65.9708,-64.9667,glacier,SCAR CGA 18773 (United Kingdom),3,,
"Levashova, lednik",-71.75,-35.4167,glacier,SCAR CGA 8375 (Russia),3,,
Lever Glacier,-65.5,-63.6667,glacier,SCAR CGA 8378 (United States of America),3,"Lever, glaciar|Lever, Glaciar",
Leverett Glacier,-85.6333,-147.5833,glacier,SCAR CGA 8380 (United States of America),3,,
Levko Glacier,-72.4167,-96.0333,glacier,SCAR CGA 17507 (United States of America),3,,
Lewis Glacier,-67.75,-65.6667,glacier,SCAR CGA 8392 (United States of America),3,"Lewis, glaciar|Lewis, Glaciar",
"León, glaciar",-64.6667,-63.15,glacier,SCAR CGA 8340 (Argentina),3,"Jobet, Glaciar",
Liadov Glacier,-71.5333,-73.75,glacier,SCAR CGA 18269 (United States of America),3,,
Lieske Glacier,-80.0833,156.8333,glacier,SCAR CGA 8438 (United States of America),3,,
Lilienthal Glacier,-64.35,-60.8,glacier,SCAR CGA 8443 (United States of America),3,"Lilienthal, glaciar",
Lillie Glacier,-70.75,163.9167,glacier,SCAR CGA 8446 (United States of America),3,,
Lind Glacier,-65.3833,-64.0167,glacier,SCAR CGA 8460 (United States of America),3,,
Linder Glacier,-71.6833,163.05,glacier,SCAR CGA 8465 (United States of America),3,,
Lindworm Glacier,-69.8849,-70.0718,glacier,SCAR CGA 20363 (United Kingdom),3,,
Line Glacier,-72.9833,167.8333,glacier,SCAR CGA 8474 (United States of America),3,,
Linehan Glacier,-83.25,162.6833,glacier,SCAR CGA 8476 (United States of America),3,,
"Liotard, Glacier",-66.6167,139.5,glacier,SCAR CGA 8498 (France),3,,
"Lisjanskogo, shel'fovyj lednik",-69.45,-35.7,glacier,SCAR CGA 8512 (Russia),3,,
Lister Glacier,-77.9833,163.0833,glacier,SCAR CGA 8516 (United States of America),3,,
Lister Glacier,-64.0833,-62.3167,glacier,SCAR CGA 8515 (United States of America),3,"Lister, glaciar",
Liston Glacier,-77.6539,161.0744,glacier,SCAR CGA 19016 (United States of America),3,,
Litz Glacier,-72.1167,-99.0667,glacier,SCAR CGA 17510 (United States of America),3,,
Liv Glacier,-84.9167,-168.0,glacier,SCAR CGA 8545 (United States of America),3,,
"Ljadova, lednik",-71.5333,-73.75,glacier,SCAR CGA 8556 (Russia),3,,
Lliboutry Glacier,-67.5,-66.7667,glacier,SCAR CGA 8560 (United States of America),3,,
Lobeck Glacier,-77.2208,161.7667,glacier,SCAR CGA 18389 (United States of America),3,,
Loftus Glacier,-77.55,162.7667,glacier,SCAR CGA 8585 (United States of America),3,,
Lofty Promenade,-77.5167,168.8667,glacier,SCAR CGA 17090 (New Zealand),3,,
Logie Glacier,-85.3,-175.3333,glacier,SCAR CGA 8586 (United States of America),3,,
Long Glacier,-72.5,-96.7167,glacier,SCAR CGA 8603 (United States of America),3,,
Lookalike Glacier,-63.9317,-57.9414,glacier,SCAR CGA 19895 (United Kingdom),3,,
Lookout Dome,-83.05,156.45,dome,SCAR CGA 8630 (United States of America),3,,
Lord Glacier,-75.2,-138.6833,glacier,SCAR CGA 17512 (United States of America),3,,
Lotzegletscher,-70.75,162.85,glacier,SCAR CGA 8657 (Germany),3,,
Lovejoy Glacier,-70.8,160.1667,glacier,SCAR CGA 8666 (United States of America),3,,
Lowe Glacier,-82.9667,160.4167,glacier,SCAR CGA 8680 (United States of America),3,,
Lower Jaw Glacier,-78.3667,162.95,glacier,SCAR CGA 8681 (United States of America),3,,
Lower Staircase,-78.4167,161.75,glacier,SCAR CGA 8683 (United States of America),3,,
Lowery Glacier,-82.5833,163.25,glacier,SCAR CGA 8684 (United States of America),3,,
Lucchitta Glacier,-74.4,-99.9333,glacier,SCAR CGA 17514 (United States of America),3,,
Lucy Glacier,-82.4,158.4167,glacier,SCAR CGA 8704 (United States of America),3,,
Ludeman Glacier,-84.45,172.6667,glacier,SCAR CGA 8705 (United States of America),3,,
Ludvig Glacier,-70.75,166.15,glacier,SCAR CGA 8707 (United States of America),3,,
Lugger Glacier,-76.9667,160.8333,glacier,SCAR CGA 8711 (United States of America),3,,
Luke Glacier,-65.7,-64.0333,glacier,SCAR CGA 8717 (United States of America),3,,
Lunde Glacier,-71.8833,6.25,glacier,SCAR CGA 8727 (United States of America),3,Lundebreen,
Lurabee Glacier,-69.25,-63.6167,glacier,SCAR CGA 8737 (United States of America),3,,
Maaske Dome,-85.9667,-144.0,dome,SCAR CGA 8773 (United States of America),3,,
MacKinnon Glacier,-71.5333,163.2167,glacier,SCAR CGA 8817 (United States of America),3,,
MacNamara Glacier,-84.3333,-63.6667,glacier,SCAR CGA 8827 (United States of America),3,,
Mackay Glacier,-76.9667,162.0,glacier,SCAR CGA 8800 (United States of America),3,,
Mackellar Glacier,-83.7833,167.25,glacier,SCAR CGA 8806 (United States of America),3,,
Mackenzie Glacier,-64.2833,-62.2667,glacier,SCAR CGA 8812 (United States of America),3,"Mackenzie, glaciar",
Macy Glacier,-62.7167,-60.15,glacier,SCAR CGA 8832 (United States of America),3,,
Magura Glacier,-62.6667,-60.0,glacier,SCAR CGA 17210 (United States of America),3,,
Mahaffey Glacier,-72.3,-96.4333,glacier,SCAR CGA 17516 (United States of America),3,,
Maitland Glacier,-68.7167,-65.0,glacier,SCAR CGA 8880 (United States of America),3,"Maitland, glaciar",
"Maksimova, lednik",-72.8333,66.25,glacier,SCAR CGA 8887 (Russia),3,,
Malpighi Glacier,-64.2667,-62.25,glacier,SCAR CGA 8905 (United States of America),3,"Malpighi, glaciar",
Man-o-War Glacier,-72.0667,168.05,glacier,SCAR CGA 8920 (United States of America),3,,
Manhaul Glacier,-72.4,169.75,glacier,SCAR CGA 8940 (United States of America),3,,
Mann Ice Stream,-76.8153,-30.2444,glacier,SCAR CGA 19271 (United Kingdom),3,,
Manna Glacier,-69.75,159.6667,glacier,SCAR CGA 8945 (United States of America),3,,
Manning Glacier,-73.1822,68.2061,glacier,SCAR CGA 8949 (Australia),3,"Kalesnika, lednik",
Manolov Glacier,-69.3139,-71.9361,glacier,SCAR CGA 19946 (Bulgaria),3,,
Mapple Glacier,-65.4167,-62.25,glacier,SCAR CGA 8966 (United States of America),3,,
"Marangunic, Glaciar",-63.45,-56.0833,glacier,SCAR CGA 17673 (Chile),3,,
Marchetti Glacier,-77.1833,161.55,glacier,SCAR CGA 18390 (United States of America),3,,
Marck Glacier,-72.2667,-97.0333,glacier,SCAR CGA 17517 (United States of America),3,,
Marin Glacier,-76.0667,162.3667,glacier,SCAR CGA 8996 (United States of America),3,,
Mariner Glacier,-73.25,167.5,glacier,SCAR CGA 9000 (United States of America),3,,
Marks Summit,-82.4683,-50.8364,glacier,SCAR CGA 18312 (United Kingdom),3,,
Marr Glacier,-77.7167,162.7333,glacier,SCAR CGA 9027 (United States of America),3,,
Marret Glacier,-66.4333,137.7333,glacier,SCAR CGA 9030 (United States of America),3,,
Mars Glacier,-71.9,-68.3833,glacier,SCAR CGA 9033 (United States of America),3,,
Marsa Glacier,-78.0306,-85.6944,glacier,SCAR CGA 19451 (Bulgaria),3,,
Marsh Glacier,-82.8667,158.5,glacier,SCAR CGA 9037 (United States of America),3,,
Marston Glacier,-76.9,162.5,glacier,SCAR CGA 9053 (United States of America),3,,
Martin Dome,-83.3,157.2,dome,SCAR CGA 9061 (United States of America),3,,
Martin Glacier,-68.4833,-66.8833,glacier,SCAR CGA 9063 (United States of America),3,"Martín, glaciar",
Martinigletscher,-71.0333,163.3,glacier,SCAR CGA 9078 (Germany),3,,
Marvodol Glacier,-67.7167,-66.6167,glacier,SCAR CGA 19775 (Bulgaria),3,,
Mason Glacier,-78.8833,161.6833,glacier,SCAR CGA 9106 (United States of America),3,,
Massam Glacier,-84.55,-175.2,glacier,SCAR CGA 9112 (United States of America),3,,
Massey Glacier,-71.8833,168.4,glacier,SCAR CGA 9115 (United States of America),3,,
Matataua Glacier,-78.1,162.05,glacier,SCAR CGA 8975 (United States of America),3,,
Matheson Glacier,-70.7833,-62.0833,glacier,SCAR CGA 9131 (United States of America),3,,
Matterhorn Glacier,-77.6833,162.45,glacier,SCAR CGA 9150 (United States of America),3,,
Matthes Glacier,-67.5,-65.6667,glacier,SCAR CGA 9152 (United States of America),3,"Matthes, glaciar|Matthes, Glaciar",
Matthews Glacier,-75.75,-65.5,glacier,SCAR CGA 9153 (United States of America),3,,
Matusevich Glacier,-69.3333,157.45,glacier,SCAR CGA 9159 (United States of America),3,"Matusevicha, Glacier",
"Matz, Ghiacciaio",-74.6667,162.3333,glacier,SCAR CGA 17186 (Italy),3,,
Maury Glacier,-72.7,-61.6667,glacier,SCAR CGA 9174 (United States of America),3,Glaciar Maury,
Mawson Glacier,-76.2167,162.0833,glacier,SCAR CGA 9183 (United States of America),3,,
May Glacier,-66.2167,130.5,glacier,SCAR CGA 9189 (United States of America),3,,
McArthur Glacier,-71.3333,-67.4833,glacier,SCAR CGA 9210 (United States of America),3,,
McCance Glacier,-66.7167,-65.9167,glacier,SCAR CGA 9219 (United States of America),3,"McCance, glaciar",
McCann Glacier,-71.55,164.55,glacier,SCAR CGA 9220 (United States of America),3,,
McCarthy Glacier,-86.0667,-127.4,glacier,SCAR CGA 9224 (United States of America),3,,
McCarty Glacier,-72.1,-99.4,glacier,SCAR CGA 17522 (United States of America),3,,
McClary Glacier,-68.0667,-67.0,glacier,SCAR CGA 9238 (United States of America),3,,
McCleary Glacier,-79.55,156.8333,glacier,SCAR CGA 9240 (United States of America),3,,
McClinton Glacier,-74.6667,-114.0,glacier,SCAR CGA 9242 (United States of America),3,,
McCraw Glacier,-80.1167,156.5833,glacier,SCAR CGA 9250 (United States of America),3,,
McCuistion Glacier,-84.8167,-175.5,glacier,SCAR CGA 9256 (United States of America),3,,
McDermott Glacier,-78.3333,162.0667,glacier,SCAR CGA 16724 (United States of America),3,,
McElroy Glacier,-70.9667,166.9667,glacier,SCAR CGA 9267 (United States of America),3,,
McGregor Glacier,-85.1333,-174.8333,glacier,SCAR CGA 9280 (United States of America),3,,
McKellar Glacier,-72.2,167.1167,glacier,SCAR CGA 9293 (United States of America),3,,
McKinnon Glacier,-70.6333,67.75,glacier,SCAR CGA 9308 (United States of America),3,,
McLay Glacier,-81.0333,158.8167,glacier,SCAR CGA 17333 (United States of America),3,,
McLean Glacier,-70.9833,164.75,glacier,SCAR CGA 9317 (United States of America),3,,
McLeod Glacier,-69.3667,158.3667,glacier,SCAR CGA 9325 (United States of America),3,,
McLeod Glacier,-60.7333,-45.6333,glacier,SCAR CGA 9326 (United States of America),3,,
McLin Glacier,-71.2,163.45,glacier,SCAR CGA 9331 (United States of America),3,,
McMahon Glacier,-70.75,165.75,glacier,SCAR CGA 9332 (United States of America),3,,
McManus Glacier,-69.4667,-71.45,glacier,SCAR CGA 9335 (United States of America),3,,
McMorrin Glacier,-67.9833,-67.1667,glacier,SCAR CGA 9337 (United States of America),3,,
McMurdo Ice Shelf,-78.0,166.5,iceshelf,SCAR CGA 9340 (United States of America),3,,
McNeile Glacier,-63.9,-59.4333,glacier,SCAR CGA 9349 (United States of America),3,"Mc Neile, glaciar",
Meander Glacier,-73.2667,166.9167,glacier,SCAR CGA 9359 (United States of America),3,,
Medea Dome,-66.1833,-62.05,dome,SCAR CGA 9365 (United States of America),3,,
Medven Glacier,-62.5461,-60.7094,glacier,SCAR CGA 17931 (Bulgaria),3,,
Mefjell Glacier,-71.9667,25.0,glacier,SCAR CGA 9379 (United States of America),3,Mefjellbreen,
Meiklejohn Glacier,-70.55,-67.7333,glacier,SCAR CGA 9389 (United States of America),3,,
Meinardus Glacier,-73.3667,-61.9167,glacier,SCAR CGA 9390 (United States of America),3,,
Mellor Glacier,-73.5,66.5,glacier,SCAR CGA 9409 (United States of America),3,,
Melville Glacier,-65.4667,-62.1667,glacier,SCAR CGA 9413 (United States of America),3,,
Mendeleyev Glacier,-71.9167,14.55,glacier,SCAR CGA 9423 (United States of America),3,"Mendeleevbreen|Mendeleeva, Glacier",
Mendelssohn Ice Shelf,-71.35,-72.8167,iceshelf,SCAR CGA 9425 (United Kingdom),3,,
Mercury Glacier,-79.5577,157.2885,glacier,SCAR CGA 9452 (New Zealand),3,,
Mercury Glacier,-71.5667,-68.2333,glacier,SCAR CGA 9453 (United States of America),3,,
Meridian Glacier,-68.75,-66.6167,glacier,SCAR CGA 9457 (United States of America),3,,
Merrick Glacier,-80.2167,158.8667,glacier,SCAR CGA 9463 (United States of America),3,,
Mertz Glacier,-67.5,144.75,glacier,SCAR CGA 9469 (United States of America),3,,
Meserve Glacier,-77.5167,162.2833,glacier,SCAR CGA 9474 (United States of America),3,,
Midship Glacier,-76.8667,161.5,glacier,SCAR CGA 9519 (United States of America),3,,
Midway Glacier,-72.1667,166.8333,glacier,SCAR CGA 9521 (United States of America),3,,
Miers Glacier,-78.0833,163.6667,glacier,SCAR CGA 9524 (United States of America),3,,
Miethe Glacier,-64.9333,-63.1,glacier,SCAR CGA 9528 (United States of America),3,"Miethe, glaciar",
"Mihaila Ravicha, Kupol",-74.6167,-121.6667,dome,SCAR CGA 9537 (Russia),3,,
Mikado Glacier,-69.8833,-70.6667,glacier,SCAR CGA 9541 (United States of America),3,,
Mill Glacier,-85.1667,168.5,glacier,SCAR CGA 9561 (United States of America),3,,
Mill Stream Glacier,-85.3333,171.0,glacier,SCAR CGA 9566 (United States of America),3,,
Miller Glacier,-77.2,162.0,glacier,SCAR CGA 9571 (United States of America),3,,
Millett Glacier,-70.6167,-67.6667,glacier,SCAR CGA 9588 (United States of America),3,,
Millington Glacier,-84.5333,178.0,glacier,SCAR CGA 9589 (United States of America),3,,
Mills Glacier,-77.3833,-75.6167,glacier,SCAR CGA 17735 (United Kingdom),3,,
Mime Glacier,-77.6167,161.75,glacier,SCAR CGA 9601 (United States of America),3,,
Mincer Glacier,-72.1667,-97.9167,glacier,SCAR CGA 17526 (United States of America),3,,
Mincey Glacier,-84.95,-177.5,glacier,SCAR CGA 9616 (United States of America),3,,
Minerva Glacier,-79.57,157.25,glacier,SCAR CGA 9618 (United States of America),3,,
Minnesota Glacier,-79.0,-83.0,glacier,SCAR CGA 9626 (United States of America),3,,
"Mira, Kupol",-70.4167,10.5,dome,SCAR CGA 9644 (Russia),3,,
Mirinae Glacier,-62.1972,-58.725,glacier,"SCAR CGA 19343 (Korea, Republic of)",3,,
Mitchell Glacier,-77.95,163.05,glacier,SCAR CGA 9672 (United States of America),3,,
Mitterling Glacier,-66.8333,-64.3,glacier,SCAR CGA 9684 (United States of America),3,,
Mjell Glacier,-72.1167,26.1,glacier,SCAR CGA 9696 (United States of America),3,Mjellbreen,
Moa Glacier,-77.7,162.7667,glacier,SCAR CGA 16876 (United States of America),3,,
Moczydlowski Glacier,-62.2245,-58.7527,glacier,SCAR CGA 9707 (United Kingdom),3,,
Moffett Glacier,-85.8667,-161.0,glacier,SCAR CGA 9712 (United States of America),3,,
Moider Glacier,-67.7167,-67.6333,glacier,SCAR CGA 9719 (United States of America),3,,
"Mokryj, lednik",-70.4167,72.6667,glacier,SCAR CGA 9722 (Russia),3,,
Molle Glacier,-67.5167,47.1667,glacier,SCAR CGA 9736 (United States of America),3,,
Mollweide Glacier,-77.95,163.75,glacier,SCAR CGA 9742 (United States of America),3,,
Mondor Glacier,-63.4667,-57.1333,glacier,SCAR CGA 9752 (United States of America),3,,
Montecchi Glacier,-72.0667,167.5833,glacier,SCAR CGA 9771 (United States of America),3,,
Montgolfier Glacier,-64.7833,-62.25,glacier,SCAR CGA 9777 (United States of America),3,"Montgolfier, glaciar",
Montgomerie Glacier,-83.7833,166.9167,glacier,SCAR CGA 9778 (United States of America),3,Montgomery Glacier,
Montigny Glacier,-71.0833,163.4,glacier,SCAR CGA 9779 (United States of America),3,,
Moody Glacier,-84.5,165.8,glacier,SCAR CGA 9790 (United States of America),3,,
Moore Dome,-74.3333,-111.3333,dome,SCAR CGA 9803 (United States of America),3,,
Moran Glacier,-69.2333,-70.2667,glacier,SCAR CGA 9826 (United States of America),3,,
Morelli Glacier,-72.9833,-102.6333,glacier,SCAR CGA 9829 (United States of America),3,,
Morgan Glacier,-73.2922,68.2478,glacier,SCAR CGA 9839 (Australia),3,,
Morley Glacier,-71.2,162.75,glacier,SCAR CGA 9849 (United States of America),3,,
Morning Glacier,-78.4594,163.7914,glacier,SCAR CGA 16729 (United States of America),3,,
Morris Glacier,-67.8929,-66.722,glacier,SCAR CGA 20311 (United Kingdom),3,,
Morris Glacier,-84.7667,-169.5,glacier,SCAR CGA 9858 (United States of America),3,,
Morrison Glacier,-66.1667,-63.5,glacier,SCAR CGA 9866 (United States of America),3,"Morrison, glaciar|Morrison, Glaciar",
Morse Glacier,-66.35,130.0833,glacier,SCAR CGA 9877 (United States of America),3,,
Morton Glacier,-83.2,168.0,glacier,SCAR CGA 9881 (United States of America),3,,
Mosby Glacier,-73.15,-61.6667,glacier,SCAR CGA 9884 (United States of America),3,,
Moscow University Ice Shelf,-67.0,121.0,iceshelf,SCAR CGA 9889 (United States of America),3,"Moskovskogo Universiteta, shel'fovyj lednik",
Moser Glacier,-64.85,-62.3667,glacier,SCAR CGA 9885 (United States of America),3,"Moser, glaciar",
"Moskovskij, Kupol",-70.15,1.4167,dome,SCAR CGA 9887 (Russia),3,,
Mosley Ice Stream,-77.36,-33.2286,glacier,SCAR CGA 19272 (United Kingdom),3,,
Moubray Glacier,-71.8667,170.3,glacier,SCAR CGA 9908 (United States of America),3,,
Moubray Piedmont Glacier,-71.9167,170.3333,glacier,SCAR CGA 9909 (United States of America),3,,
Mouillard Glacier,-64.3,-60.8833,glacier,SCAR CGA 9910 (United States of America),3,"Mouillard, glaciar",
Mozgovitsa Glacier,-69.0694,-71.1278,glacier,SCAR CGA 19867 (Bulgaria),3,,
Muck Glacier,-84.65,177.5,glacier,SCAR CGA 9934 (United States of America),3,,
Mulebreen,-67.4667,59.35,glacier,SCAR CGA 9948 (United States of America),3,Dovers Glacier,
Mulock Glacier,-79.0,160.0,glacier,SCAR CGA 9958 (United States of America),3,,
Muninisen,-70.34,20.34,iceshelf,SCAR CGA 19997 (Norway),3,,
Murgash Glacier,-62.4969,-59.8814,glacier,SCAR CGA 17962 (Bulgaria),3,,
Murphy Glacier,-66.9,-66.3333,glacier,SCAR CGA 9987 (United States of America),3,"Murphy, glaciar",
Murray Dome,-70.7,67.2,dome,SCAR CGA 9993 (United States of America),3,,
Murray Glacier,-71.65,170.0,glacier,SCAR CGA 9996 (United States of America),3,,
Murrish Glacier,-71.0333,-61.75,glacier,SCAR CGA 10005 (United States of America),3,,
Musala Glacier,-62.5325,-59.6136,glacier,SCAR CGA 17974 (Bulgaria),3,,
Mushketov Glacier,-71.3333,14.9167,glacier,SCAR CGA 10013 (United States of America),3,"Mushketovbreen|Mushketova, lednik",
"Mushroom, Ghiacciaio",-74.1569,163.0264,glacier,SCAR CGA 17188 (Italy),3,,
Muus Glacier,-71.4333,-61.6,glacier,SCAR CGA 10025 (United States of America),3,,
Myers Glacier,-72.2667,-100.1167,glacier,SCAR CGA 10027 (United States of America),3,,
Möllereisstrom,-82.0,-63.0,glacier,SCAR CGA 9738 (Germany),3,,
Müller Glacier,-72.2667,166.4,glacier,SCAR CGA 9952 (United States of America),3,,
Müller Ice Shelf,-67.25,-66.8667,iceshelf,SCAR CGA 9954 (United States of America),3,,
Naess Glacier,-70.3667,-67.9167,glacier,SCAR CGA 10040 (United States of America),3,,
Namako Hyôga,-72.5667,31.2667,glacier,SCAR CGA 10058 (Japan),3,,
Nameless Glacier,-71.6333,170.3,glacier,SCAR CGA 10059 (United States of America),3,,
"Namuncura, glaciar",-74.8167,-61.8667,glacier,SCAR CGA 10062 (Argentina),3,"Huneeus, Glaciar",
Narechen Glacier,-69.575,-71.6722,glacier,SCAR CGA 18565 (Bulgaria),3,,
Narezne Glacier,-67.1847,-66.275,glacier,SCAR CGA 19766 (Bulgaria),3,,
Nascent Glacier,-73.3667,167.6167,glacier,SCAR CGA 10089 (United States of America),3,,
Nash Glacier,-71.25,168.1667,glacier,SCAR CGA 10090 (United States of America),3,,
Nature Conservation Glacier,-62.175,-58.3,glacier,SCAR CGA 10102 (Poland),3,,
Nemesis Glacier,-70.5333,67.5,glacier,SCAR CGA 10150 (United States of America),3,,
Nemo Glacier,-67.7167,-67.3667,glacier,SCAR CGA 10153 (United States of America),3,,
Neny Glacier,-68.25,-66.4167,glacier,SCAR CGA 10157 (United States of America),3,,
Neptune Glacier,-71.7333,-68.2833,glacier,SCAR CGA 10162 (United States of America),3,"Neptuno, glaciar",
Nereson Glacier,-73.9333,-124.4,glacier,SCAR CGA 17532 (United States of America),3,,
New Glacier,-77.0333,162.4,glacier,SCAR CGA 10201 (United States of America),3,,
Newall Glacier,-77.5,162.8333,glacier,SCAR CGA 10212 (United States of America),3,,
Newcomer Glacier,-77.7833,-85.45,glacier,SCAR CGA 10217 (United States of America),3,,
Newnes Glacier,-71.6833,170.2333,glacier,SCAR CGA 10223 (United States of America),3,,
Nickerson Ice Shelf,-75.75,-145.0,iceshelf,SCAR CGA 10249 (United States of America),3,,
Nielsen Glacier,-71.5167,169.6833,glacier,SCAR CGA 10258 (United States of America),3,,
Nikitin Glacier,-73.8,-75.6,glacier,SCAR CGA 100 (United States of America),3,"Afanasija Nikitina, lednik",
Nils Larsen Glacier,-68.7333,-90.65,glacier,SCAR CGA 10273 (United States of America),3,"Nils Larsen, Glaciar|Nils Larsenbreen",
Nimitz Glacier,-78.9167,-85.1667,glacier,SCAR CGA 10283 (United States of America),3,,
Nimrod Glacier,-82.35,163.0,glacier,SCAR CGA 10284 (United States of America),3,,
Nimrod Ice Stream,-83.3333,154.5,glacier,SCAR CGA 10285 (Australia),3,,
Ninnis Glacier,-68.3667,147.0,glacier,SCAR CGA 10289 (United States of America),3,,
Nipe Glacier,-71.8667,25.25,glacier,SCAR CGA 10291 (United States of America),3,Nipebreen,
Nishi-naga-iwa Glacier,-68.5167,41.3,glacier,SCAR CGA 10297 (United States of America),3,Nisi-naga-iwa Hyôga|Darumabreen,
Niépce Glacier,-65.1167,-63.3667,glacier,SCAR CGA 10260 (United States of America),3,,
Nobile Glacier,-64.5333,-61.4667,glacier,SCAR CGA 10318 (United States of America),3,"Nobile, glaciar",
Noble Glacier,-62.0667,-58.4333,glacier,SCAR CGA 10319 (United States of America),3,,
Noll Glacier,-69.55,159.15,glacier,SCAR CGA 10339 (United States of America),3,,
Norfolk Glacier,-85.8833,-130.3,glacier,SCAR CGA 10363 (United States of America),3,,
Norman Glacier,-71.4167,-67.5,glacier,SCAR CGA 10365 (United States of America),3,,
Norris Glacier,-77.6667,162.2,glacier,SCAR CGA 16879 (United States of America),3,,
Norsk Polarinstitutt Glacier,-72.5667,31.2667,glacier,SCAR CGA 10377 (United States of America),3,"Norsk Polarinstitutt, Glacier",
Northcliffe Glacier,-66.6667,98.8667,glacier,SCAR CGA 10396 (United States of America),3,,
Northeast Glacier,-68.15,-66.9667,glacier,SCAR CGA 10399 (United States of America),3,"Nordeste, glaciar",
Northwind Glacier,-76.6667,161.3,glacier,SCAR CGA 10407 (United States of America),3,,
Norway Glacier,-86.5,-164.0,glacier,SCAR CGA 10416 (United States of America),3,,
Nosei Glacier,-62.9347,-62.3972,glacier,SCAR CGA 19741 (Bulgaria),3,,
Nottarp Glacier,-82.6167,162.9,glacier,SCAR CGA 10423 (United States of America),3,,
Novosilskogo Dome,-65.8258,100.7114,dome,SCAR CGA 10432 (Australia),3,"Novosil'skogo, Kupol",
Nueve de Julio Glacier,-68.4333,-66.8667,glacier,SCAR CGA 10442 (United States of America),3,"Nueve de Julio, glaciar",
Nursery Glacier,-81.2667,160.5,glacier,SCAR CGA 10454 (United States of America),3,,
Nye Glacier,-67.4667,-67.5167,glacier,SCAR CGA 10460 (United States of America),3,,
Nylen Glacier,-77.6833,161.4833,glacier,SCAR CGA 17743 (United States of America),3,,
O'Hara Glacier,-70.8167,166.6667,glacier,SCAR CGA 10476 (United States of America),3,,
O'Kane Glacier,-74.4333,163.1,glacier,SCAR CGA 10479 (United States of America),3,,
Oakley Glacier,-73.7,166.1333,glacier,SCAR CGA 10492 (United States of America),3,,
Oates Piedmont Glacier,-76.4167,162.5833,glacier,SCAR CGA 10496 (United States of America),3,,
Oberst Glacier,-72.05,27.0667,glacier,SCAR CGA 10511 (United States of America),3,Oberstbreen,
"Obrucheva, lednik",-66.5333,99.6667,glacier,SCAR CGA 10520 (Russia),3,,
Ochs Glacier,-76.5,-145.5833,glacier,SCAR CGA 10536 (United States of America),3,,
Odell Glacier,-76.7333,159.9167,glacier,SCAR CGA 10544 (United States of America),3,,
Odin Glacier,-77.5833,161.6,glacier,SCAR CGA 10546 (United States of America),3,,
"Oktjabr'skoj Revoljucii, lednik",-71.5167,12.3333,glacier,SCAR CGA 10576 (Russia),3,,
Oku-iwa Glacier,-68.7,40.7667,glacier,SCAR CGA 10578 (United States of America),3,Oku-iwa Hyôga|Indrebergbreen,
Olentangy Glacier,-86.0,-127.3333,glacier,SCAR CGA 10592 (United States of America),3,,
Oliver Glacier,-82.5667,163.75,glacier,SCAR CGA 10597 (United States of America),3,,
Olson Glacier,-72.8167,166.6833,glacier,SCAR CGA 10608 (United States of America),3,,
Olstad Glacier,-68.8333,-90.6833,glacier,SCAR CGA 10613 (United States of America),3,Olstadbreen,
Omega Glacier,-68.6167,41.0167,glacier,SCAR CGA 10619 (United States of America),3,Omega Hyôga|Omegabreen,
Ommanney Glacier,-71.5333,169.4833,glacier,SCAR CGA 10630 (United States of America),3,,
Orcho Glacier,-61.2,-54.0778,glacier,SCAR CGA 19534 (Bulgaria),3,,
Orestes Glacier,-77.45,161.8833,glacier,SCAR CGA 16736 (United States of America),3,,
Orr Glacier,-71.6,162.8667,glacier,SCAR CGA 10691 (United States of America),3,,
Orwell Glacier,-60.7167,-45.6333,glacier,SCAR CGA 10701 (United States of America),3,,
Oselna Glacier,-69.2847,-71.975,glacier,SCAR CGA 19847 (Bulgaria),3,,
Oshane Glacier,-64.0917,-62.4667,glacier,SCAR CGA 19605 (Bulgaria),3,,
Osicki Glacier,-84.6833,170.75,glacier,SCAR CGA 10711 (United States of America),3,,
Osuga Glacier,-72.5667,166.9167,glacier,SCAR CGA 10729 (United States of America),3,,
Otago Glacier,-82.5333,161.1667,glacier,SCAR CGA 10730 (United States of America),3,,
Otlet Glacier,-65.8,-64.6333,glacier,SCAR CGA 10741 (United States of America),3,,
Ovech Glacier,-62.9617,-62.4444,glacier,SCAR CGA 18466 (Bulgaria),3,,
Overflow Glacier,-77.7833,163.1833,glacier,SCAR CGA 10772 (United States of America),3,,
Overturn Glacier,-79.9,157.25,glacier,SCAR CGA 10778 (United States of America),3,,
Packard Glacier,-77.35,162.1667,glacier,SCAR CGA 10807 (United States of America),3,,
Padala Glacier,-78.0444,-85.5167,glacier,SCAR CGA 19452 (Bulgaria),3,,
Palais Glacier,-78.0333,161.3167,glacier,SCAR CGA 10832 (United States of America),3,,
Palestrina Glacier,-69.35,-71.5833,glacier,SCAR CGA 10837 (United States of America),3,,
Palilula Glacier,-64.1861,-62.475,glacier,SCAR CGA 19599 (Bulgaria),3,,
Pan Glacier,-68.8,-64.4,glacier,SCAR CGA 10864 (United States of America),3,,
Panega Glacier,-62.5403,-60.1136,glacier,SCAR CGA 17941 (Bulgaria),3,,
Paris Glacier,-74.6,-117.6,glacier,SCAR CGA 20428 (United Kingdom),3,,
Parizhskaya Kommuna Glacier,-71.6333,12.0667,glacier,SCAR CGA 10900 (United States of America),3,"Parisbreen|Parizhskoj Kommuny, lednik",
Park Glacier,-74.35,-110.8333,glacier,SCAR CGA 10901 (United States of America),3,,
Parker Glacier,-73.7833,165.55,glacier,SCAR CGA 10903 (United States of America),3,,
Parks Glacier,-77.1167,-125.9167,glacier,SCAR CGA 10912 (United States of America),3,,
Paré Glacier,-64.1333,-62.2167,glacier,SCAR CGA 10894 (United States of America),3,,
Paschal Glacier,-75.9,-140.6667,glacier,SCAR CGA 10928 (United States of America),3,,
Pascoe Glacier,-76.7667,161.0167,glacier,SCAR CGA 10929 (United States of America),3,,
Pastra Glacier,-63.7667,-60.7333,glacier,SCAR CGA 18588 (Bulgaria),3,,
Paternostro Glacier,-69.4,158.6167,glacier,SCAR CGA 10947 (United States of America),3,,
Patton Glacier,-78.2667,-85.4167,glacier,SCAR CGA 10962 (United States of America),3,,
Paulus Glacier,-69.4,-70.55,glacier,SCAR CGA 10973 (United States of America),3,,
Pautalia Glacier,-62.6289,-59.8642,glacier,SCAR CGA 17894 (Bulgaria),3,,
Pavlak Glacier,-82.9667,163.2,glacier,SCAR CGA 10980 (United States of America),3,,
Payne Glacier,-71.9167,-96.7,glacier,SCAR CGA 17538 (United States of America),3,,
Pearce Dome,-71.3167,-68.3333,dome,SCAR CGA 16606 (United States of America),3,,
Pearl Harbor Glacier,-72.25,167.6667,glacier,SCAR CGA 11003 (United States of America),3,,
Peckham Glacier,-80.35,157.4167,glacier,SCAR CGA 11014 (United States of America),3,,
Pedalling Ice Field,-77.25,159.9167,glacier,SCAR CGA 16737 (New Zealand),3,,
Pelter Glacier,-71.95,-98.3667,glacier,SCAR CGA 11039 (United States of America),3,,
Penck Glacier,-77.95,-34.7,glacier,SCAR CGA 11050 (United States of America),3,Penckgletscher,
Penckmulde,-73.0,-3.0,glacier,SCAR CGA 11052 (Germany),3,,
Penderecki Glacier,-62.1833,-58.2833,glacier,SCAR CGA 11056 (Poland),3,,
Pequod Glacier,-65.5,-62.05,glacier,SCAR CGA 11095 (United States of America),3,,
Perez Glacier,-84.1,177.0,glacier,SCAR CGA 11112 (United States of America),3,,
Perk Summit,-77.5833,162.9,glacier,SCAR CGA 16740 (United States of America),3,,
Perkins Glacier,-74.9,-136.6167,glacier,SCAR CGA 11120 (United States of America),3,,
Perkos Dome,-64.2419,-60.5561,dome,SCAR CGA 19545 (Bulgaria),3,,
"Persej, Kupol",-70.1667,7.3333,dome,SCAR CGA 11132 (Russia),3,,
Perunika Glacier,-62.6,-60.2,glacier,SCAR CGA 11138 (United States of America),3,,
Perutz Glacier,-67.6,-66.55,glacier,SCAR CGA 11139 (United States of America),3,"Perutz, glaciar",
Peshtera Glacier,-62.7,-60.3,glacier,SCAR CGA 17214 (United States of America),3,,
Peter Glacier,-73.3333,-1.15,glacier,SCAR CGA 11147 (United States of America),3,Peterbreen,
Peter Glacier,-66.625,-66.25,glacier,SCAR CGA 19910 (United Kingdom),3,,
Peterman Glacier,-72.1552,167.7087,glacier,SCAR CGA 20107 (New Zealand),3,,
Peterson Glacier,-66.4167,110.7333,glacier,SCAR CGA 11161 (United States of America),3,,
Petkovic Glacier,-72.9658,68.1522,glacier,SCAR CGA 11173 (Australia),3,,
Petrel Glacier,-77.2333,166.4667,glacier,SCAR CGA 11180 (New Zealand),3,,
Pettus Glacier,-63.8,-59.0667,glacier,SCAR CGA 11193 (United States of America),3,,
Peyna Glacier,-66.8958,-66.1569,glacier,SCAR CGA 19719 (Bulgaria),3,,
Philippa Glacier,-66.6667,-66.0833,glacier,SCAR CGA 18778 (United Kingdom),3,,
Philippi Glacier,-66.75,88.3333,glacier,SCAR CGA 11210 (United States of America),3,,
Phleger Dome,-85.8667,-138.4,dome,SCAR CGA 11223 (United States of America),3,,
Piglet Glacier,-75.2275,-101.4364,glacier,SCAR CGA 20444 (United Kingdom),3,,
Pilot Glacier,-73.3833,165.05,glacier,SCAR CGA 11266 (United States of America),3,,
Pine Island Glacier,-75.1667,-100.0,glacier,SCAR CGA 11280 (United States of America),3,,
Pionerskiy Dome,-73.9833,73.1333,dome,SCAR CGA 11306 (United States of America),3,"Pionerskij, Kupol",
Pipecleaner Glacier,-78.2333,162.85,glacier,SCAR CGA 11310 (United States of America),3,,
Pipkov Glacier,-69.2347,-71.9361,glacier,SCAR CGA 19943 (Bulgaria),3,,
Pirogov Glacier,-64.2778,-62.475,glacier,SCAR CGA 18576 (Bulgaria),3,,
Pitkevitch Glacier,-71.3833,168.8667,glacier,SCAR CGA 11324 (United States of America),3,,
Pitzman Glacier,-70.6833,160.1667,glacier,SCAR CGA 11330 (United States of America),3,,
Plane Table Glacier,-77.5667,161.4833,glacier,SCAR CGA 16742 (United States of America),3,,
Plata Glacier,-72.0667,166.1833,glacier,SCAR CGA 11344 (United States of America),3,,
Pleystor Glacier,-64.055,-62.0097,glacier,SCAR CGA 19365 (Bulgaria),3,,
Plummer Glacier,-79.9667,-81.5,glacier,SCAR CGA 11374 (United States of America),3,,
Plummet Glacier,-77.7833,161.9,glacier,SCAR CGA 11375 (United States of America),3,,
Pluto Glacier,-71.1167,-68.3667,glacier,SCAR CGA 11378 (United States of America),3,"Plutón, glaciar",
Pluton Glacier,-64.8833,-62.8,glacier,SCAR CGA 16987 (Poland),3,,
Podayva Glacier,-64.0403,-62.425,glacier,SCAR CGA 19610 (Bulgaria),3,,
Poetry Glacier,-61.9333,-57.8,glacier,SCAR CGA 11395 (United States of America),3,,
Polar Club Glacier,-62.2333,-58.5333,glacier,SCAR CGA 11408 (United States of America),3,,
Polar Committee Icefall,-62.1333,-58.5,glacier,SCAR CGA 11409 (United Kingdom),3,,
Polar Friendship Glacier,-62.15,-58.8333,glacier,SCAR CGA 11410 (Poland),3,,
Polar Record Glacier,-69.75,75.5,glacier,SCAR CGA 11411 (United States of America),3,,
Polar Times Glacier,-69.7667,74.5833,glacier,SCAR CGA 11414 (United States of America),3,,
Polarforschung Glacier,-69.8333,75.1167,glacier,SCAR CGA 11417 (United States of America),3,,
Polaris Glacier,-64.2333,-59.5167,glacier,SCAR CGA 11419 (United States of America),3,"Polaris, glaciar",
Polarårboken Glacier,-69.6,76.0,glacier,SCAR CGA 11415 (United States of America),3,Polarärboken Glacier,
Pollard Glacier,-65.8167,-64.2167,glacier,SCAR CGA 11437 (United States of America),3,,
Polonia Piedmont Glacier,-62.0448,-58.1121,glacier,SCAR CGA 11446 (United Kingdom),3,Polonia Glacier,
Pope Glacier,-75.3167,-111.3667,glacier,SCAR CGA 11470 (United States of America),3,,
Porphyry Glacier,-64.8833,-62.8667,glacier,SCAR CGA 16990 (Poland),3,,
Porter Ice Shelf,-67.0,49.3333,iceshelf,SCAR CGA 11491 (Australia),3,,
Posadowsky Glacier,-66.8333,89.4167,glacier,SCAR CGA 11499 (United States of America),3,,
Potsdamgletscher,-70.8333,12.6667,glacier,SCAR CGA 16633 (Germany),3,,
Potter Glacier,-78.3833,162.2,glacier,SCAR CGA 11522 (United States of America),3,,
Potts Glacier,-72.9667,166.8333,glacier,SCAR CGA 11527 (United States of America),3,,
Poulter Glacier,-86.8333,-153.5,glacier,SCAR CGA 11530 (United States of America),3,,
Pourquoi Pas Glacier,-66.25,135.9167,glacier,SCAR CGA 11532 (United States of America),3,"Pourquoi Pas? Glacier|Pourquoi Pas, Glacier du",
Poznan Glacier,-62.025,-58.15,glacier,SCAR CGA 11551 (Poland),3,,
Prebble Glacier,-84.2667,164.5,glacier,SCAR CGA 11560 (United States of America),3,,
Prespa Glacier,-62.7167,-60.2167,glacier,SCAR CGA 17216 (United States of America),3,,
Priddy Glacier,-77.9333,164.0167,glacier,SCAR CGA 11592 (United States of America),3,,
Priestley Glacier,-74.3333,163.3667,glacier,SCAR CGA 11594 (United States of America),3,,
Prince Edward Glacier,-82.7667,159.5333,glacier,SCAR CGA 11613 (United States of America),3,,
Prince Gustav Ice Shelf,-64.25,-58.5,iceshelf,SCAR CGA 11616 (United States of America),3,Prince Gustav Ice Shelf*,
Prince Philip Glacier,-82.35,159.9167,glacier,SCAR CGA 11621 (United States of America),3,,
Prince of Wales Glacier,-82.7333,160.1667,glacier,SCAR CGA 11618 (United States of America),3,,
Princess Anne Glacier,-82.9833,159.3333,glacier,SCAR CGA 11622 (United States of America),3,,
Prion Glacier,-77.3333,166.5833,glacier,SCAR CGA 11630 (New Zealand),3,,
"Priozërnyj, lednik",-70.8667,67.75,glacier,SCAR CGA 11637 (Russia),3,,
Professor Glacier,-62.0917,-58.3167,glacier,SCAR CGA 11647 (Poland),3,,
Prospect Glacier,-69.5333,-67.3333,glacier,SCAR CGA 11663 (United States of America),3,,
Pryor Glacier,-70.0833,160.1667,glacier,SCAR CGA 11680 (United States of America),3,Prior Glacier,
Przheval'skijbreen,-71.6667,11.3333,glacier,SCAR CGA 11683 (Norway),3,"Przheval'skogo, lednik",
Puanu Glacier,-77.3917,160.9778,glacier,SCAR CGA 18010 (United States of America),3,,
Publications Ice Shelf,-69.6333,75.3333,iceshelf,SCAR CGA 11690 (United States of America),3,Publication Ice Shelf,
Punchbowl Glacier,-65.1833,-61.95,glacier,SCAR CGA 11707 (United States of America),3,,
Pyke Glacier,-64.25,-59.6,glacier,SCAR CGA 11725 (United States of America),3,"Pyke, glaciar",
Pyne Glacier,-77.0667,162.3,glacier,SCAR CGA 16886 (United States of America),3,,
Quar Ice Shelf,-71.3333,-11.0,iceshelf,SCAR CGA 11761 (United States of America),3,Quarisen,
Quartermain Glacier,-67.0167,-65.15,glacier,SCAR CGA 11764 (United States of America),3,,
"Quinteros, glaciar",-85.5833,-37.75,glacier,SCAR CGA 11794 (Argentina),3,,
Quito Glacier,-62.45,-59.7833,glacier,SCAR CGA 16621 (United States of America),3,"Quito, Glaciar",
Quonset Glacier,-85.3167,-127.0833,glacier,SCAR CGA 11798 (United States of America),3,,
Rabot Glacier,-83.1833,160.1667,glacier,SCAR CGA 11804 (United States of America),3,,
"Rabot, glaciar",-64.2833,-57.3333,glacier,SCAR CGA 11807 (Argentina),3,"Rabot, Glaciar",
Rachel Glacier,-65.6167,-62.1667,glacier,SCAR CGA 11810 (United States of America),3,,
Rachmaninoff Glacier,-72.5,-72.5833,glacier,SCAR CGA 18278 (United States of America),3,,
Radian Glacier,-78.2167,163.0,glacier,SCAR CGA 11814 (United States of America),3,,
Ragle Glacier,-76.4667,-145.5333,glacier,SCAR CGA 11829 (United States of America),3,,
Ragotzkie Glacier,-80.0333,157.75,glacier,SCAR CGA 11830 (United States of America),3,,
"Rahmaninova, lednik",-72.5,-72.5833,glacier,SCAR CGA 11832 (Russia),3,,
Rainey Glacier,-73.6667,163.1,glacier,SCAR CGA 11835 (United States of America),3,,
Rakuda Glacier,-68.05,43.9,glacier,SCAR CGA 11840 (United States of America),3,Rakuda Hyôga|Kamelbreen,
Ralitsa Glacier,-64.1194,-62.4889,glacier,SCAR CGA 19604 (Bulgaria),3,,
Rameau Ice Shelf,-71.7667,-75.2167,iceshelf,SCAR CGA 11853 (United States of America),3,,
Ramorino Glacier,-78.4,-85.6333,glacier,SCAR CGA 18280 (United States of America),3,,
Ramp Ice Stream,-82.0,-23.0,glacier,SCAR CGA 11719 (United Kingdom),3,"Pushkina, lednik",
Ramseier Glacier,-80.5,156.3,glacier,SCAR CGA 11867 (United States of America),3,,
Ramsey Glacier,-84.4,179.3333,glacier,SCAR CGA 11869 (United States of America),3,,
Rankin Glacier,-71.6833,-62.25,glacier,SCAR CGA 11877 (United States of America),3,,
Ranvik Glacier,-69.1667,77.6667,glacier,SCAR CGA 11881 (United States of America),3,Ranvikbreen,
Rastorfer Glacier,-71.8333,167.1,glacier,SCAR CGA 11889 (United States of America),3,,
Rastorguev Glacier,-70.95,163.5,glacier,SCAR CGA 11890 (United States of America),3,,
Rawle Glacier,-71.8333,164.6667,glacier,SCAR CGA 11904 (United States of America),3,,
Rayner Glacier,-67.6667,48.4167,glacier,SCAR CGA 11910 (United States of America),3,,
"Razdeljajushchij, lednik",-73.5833,66.6833,glacier,SCAR CGA 11916 (Russia),3,,
Rebuff Glacier,-73.9667,163.2,glacier,SCAR CGA 11933 (United States of America),3,,
Recoil Glacier,-73.7667,163.0833,glacier,SCAR CGA 11943 (United States of America),3,,
Recovery Glacier,-81.1667,-28.0,glacier,SCAR CGA 11945 (United States of America),3,,
Reedy Glacier,-85.5,-134.0,glacier,SCAR CGA 11976 (United States of America),3,,
Reeves Glacier,-74.75,162.25,glacier,SCAR CGA 11982 (United States of America),3,,
Reid Glacier,-67.4833,-67.2667,glacier,SCAR CGA 12002 (United States of America),3,"Reid, glaciar",
Reid Glacier,-66.5,98.6667,glacier,SCAR CGA 12003 (United States of America),3,,
Remenchus Glacier,-66.0333,101.5833,glacier,SCAR CGA 12027 (United States of America),3,,
Remington Glacier,-78.5667,-84.3,glacier,SCAR CGA 12029 (United States of America),3,,
Remus Glacier,-68.3333,-66.7167,glacier,SCAR CGA 12034 (United States of America),3,"Remo, glaciar",
Renard Glacier,-64.6667,-61.6333,glacier,SCAR CGA 12035 (United States of America),3,"Renard, glaciar",
Renaud Glacier,-67.7167,-65.5833,glacier,SCAR CGA 12037 (United States of America),3,,
Renegar Glacier,-78.3667,163.1333,glacier,SCAR CGA 12041 (United States of America),3,,
Rennell Glacier,-79.3833,-84.2,glacier,SCAR CGA 12044 (United States of America),3,,
Rennick Glacier,-70.5,160.75,glacier,SCAR CGA 12047 (United States of America),3,"Rennick, lednik",
"Rennick, shel'fovyi lednik",-70.3333,161.5833,glacier,SCAR CGA 12050 (Russia),3,,
Repeater Glacier,-77.4836,162.8439,glacier,SCAR CGA 16888 (United States of America),3,,
Reuning Glacier,-71.4333,-72.6833,glacier,SCAR CGA 12066 (United States of America),3,,
Reusch Glacier,-71.4833,169.4833,glacier,SCAR CGA 12067 (United States of America),3,,
Rexford Glacier,-72.0833,-100.0667,glacier,SCAR CGA 17545 (United States of America),3,,
Reynolds Glacier,-77.6333,-145.9167,glacier,SCAR CGA 12076 (United States of America),3,,
Rhesus Glacier,-64.5264,-63.2833,glacier,SCAR CGA 18569 (Bulgaria),3,,
Rhone Glacier,-77.7,162.2333,glacier,SCAR CGA 12099 (United States of America),3,,
Richardson Glacier,-70.4667,-63.7,glacier,SCAR CGA 12110 (United States of America),3,,
Richter Glacier,-77.1667,-155.4167,glacier,SCAR CGA 12119 (United States of America),3,,
Ricker Dome,-82.0667,162.7167,dome,SCAR CGA 12124 (United States of America),3,,
Rickmers Glacier,-66.25,-64.9167,glacier,SCAR CGA 12126 (United States of America),3,,
Ridgeway Glacier,-73.4,167.2333,glacier,SCAR CGA 12133 (United States of America),3,,
Rignot Glacier,-73.1,-102.0,glacier,SCAR CGA 17546 (United States of America),3,,
Riiser-Larsen Ice Shelf,-72.6667,-16.0,iceshelf,SCAR CGA 12146 (United States of America),3,Riiser-Larsenisen,
Riley Glacier,-70.05,-68.3333,glacier,SCAR CGA 12149 (United States of America),3,,
Rim Glacier,-77.2167,160.4167,glacier,SCAR CGA 16753 (United States of America),3,,
Ringer Glacier,-77.25,161.85,glacier,SCAR CGA 16754 (United States of America),3,,
Rio Glacier,-74.86,-128.0,glacier,SCAR CGA 20433 (United Kingdom),3,,
Rippon Glacier,-66.6667,56.4833,glacier,SCAR CGA 12171 (United States of America),3,,
Ritya Glacier,-62.9208,-62.375,glacier,SCAR CGA 19738 (Bulgaria),3,,
Rivard Glacier,-78.0667,163.9167,glacier,SCAR CGA 12190 (United States of America),3,,
Rjadovoj Glacier,-66.8161,89.7753,glacier,SCAR CGA 12196 (Australia),3,"Rjadovoj, lednik",
Roald Glacier,-60.65,-45.2167,glacier,SCAR CGA 12199 (United States of America),3,,
Robb Glacier,-82.6333,165.0,glacier,SCAR CGA 12203 (United States of America),3,,
Robbins Glacier,-72.1667,-98.6833,glacier,SCAR CGA 17547 (United States of America),3,,
Robert Glacier,-67.1667,56.3,glacier,SCAR CGA 12208 (United States of America),3,,
Robertson Glacier,-71.05,165.3833,glacier,SCAR CGA 12223 (United States of America),3,,
Robillard Glacier,-68.3,-65.5833,glacier,SCAR CGA 12235 (United States of America),3,"Robillard, glaciar",
Robilliard Glacier,-70.2167,159.9333,glacier,SCAR CGA 12236 (United States of America),3,,
Robinson Glacier,-66.5,107.2667,glacier,SCAR CGA 12242 (United States of America),3,,
Robison Glacier,-86.4833,-148.2,glacier,SCAR CGA 12250 (United States of America),3,,
Robson Glacier,-77.0833,162.1833,glacier,SCAR CGA 12254 (United States of America),3,,
Rochray Glacier,-72.1833,-101.1667,glacier,SCAR CGA 12263 (United States of America),3,,
Roe Glacier,-85.6,-151.4333,glacier,SCAR CGA 12282 (United States of America),3,,
Rofe Glacier,-72.89,68.1844,glacier,SCAR CGA 12286 (Australia),3,"Vetvistyj, lednik",
Rogers Glacier,-69.9833,73.0667,glacier,SCAR CGA 12289 (United States of America),3,,
Rogstad Glacier,-72.35,1.3167,glacier,SCAR CGA 12296 (United States of America),3,Rogstadbreen,
Romulus Glacier,-68.3833,-66.9167,glacier,SCAR CGA 12329 (United States of America),3,"Rómulo, glaciar",
Ronne Ice Shelf,-78.5,-61.0,iceshelf,SCAR CGA 12341 (United States of America),3,"Edith Ronne, Tierra",
Roos Glacier,-75.2833,-110.95,glacier,SCAR CGA 12347 (United States of America),3,,
Ropotamo Glacier,-62.6486,-59.93,glacier,SCAR CGA 17422 (Bulgaria),3,,
Rosanova Glacier,-73.25,-97.9167,glacier,SCAR CGA 17548 (United States of America),3,,
Roscoe Glacier,-66.5,95.3333,glacier,SCAR CGA 12362 (United States of America),3,,
Rose Valley Glacier,-62.5075,-60.1022,glacier,SCAR CGA 17940 (Bulgaria),3,,
Rosenberg Glacier,-75.7333,-132.55,glacier,SCAR CGA 12369 (United States of America),3,,
Ross Ice Shelf,-81.5,-175.0,iceshelf,SCAR CGA 12380 (United States of America),3,,
Rosselin Glacier,-69.2667,-70.8833,glacier,SCAR CGA 12386 (United States of America),3,,
Rotch Dome,-62.6333,-60.8833,dome,SCAR CGA 12395 (United States of America),3,"Rotch, monte",
Rotunda Glacier,-78.0,161.6333,glacier,SCAR CGA 12403 (United States of America),3,,
Rotz Glacier,-69.2833,-65.7167,glacier,SCAR CGA 12404 (United States of America),3,,
Roundel Dome,-65.6333,-63.25,dome,SCAR CGA 12415 (United States of America),3,,
Rowland Glacier,-82.7667,163.1667,glacier,SCAR CGA 12430 (United States of America),3,,
Rowles Glacier,-71.2833,167.65,glacier,SCAR CGA 12431 (United States of America),3,,
Rozier Glacier,-64.75,-62.2167,glacier,SCAR CGA 12442 (United States of America),3,,
Rubble Glacier,-71.3333,-68.3,glacier,SCAR CGA 16612 (United States of America),3,,
Rubey Glacier,-75.1833,-137.1167,glacier,SCAR CGA 12448 (United States of America),3,,
Rudolph Glacier,-64.9,-62.4333,glacier,SCAR CGA 12459 (United States of America),3,"Rudolph, glaciar",
Rudolph Glacier,-72.5333,167.8833,glacier,SCAR CGA 12460 (United States of America),3,,
Ruecroft Glacier,-78.2167,161.6667,glacier,SCAR CGA 16758 (United States of America),3,,
Runcorn Glacier,-72.05,-62.7,glacier,SCAR CGA 12494 (United States of America),3,,
Rupite Glacier,-63.0011,-62.5069,glacier,SCAR CGA 18471 (Bulgaria),3,,
Rush Glacier,-64.3833,-62.6167,glacier,SCAR CGA 12512 (United States of America),3,"Rush, glaciar",
Russell East Glacier,-63.7333,-58.3333,glacier,SCAR CGA 12518 (United States of America),3,"Russel del Este, Glaciar",
Russell West Glacier,-63.6667,-58.8333,glacier,SCAR CGA 12520 (United States of America),3,"Arcondo, glaciar|Russel del Weste, Glaciar",
Rutgers Glacier,-78.2333,161.9167,glacier,SCAR CGA 12537 (United States of America),3,,
Rutkowski Glacier,-85.1833,166.35,glacier,SCAR CGA 12542 (United States of America),3,,
Rybak Glacier,-62.1611,-58.3,glacier,SCAR CGA 12546 (Poland),3,,
Ryder Glacier,-71.1167,-67.3333,glacier,SCAR CGA 12552 (United States of America),3,,
Sabazios Glacier,-77.85,-85.8,glacier,SCAR CGA 19462 (Bulgaria),3,,
Sabine Glacier,-63.9167,-59.7833,glacier,SCAR CGA 12576 (United States of America),3,,
"Sadko, Kupol",-70.1667,7.3333,dome,SCAR CGA 12589 (Russia),3,,
Sal Glacier,-72.05,25.5167,glacier,SCAR CGA 12614 (United States of America),3,Salbreen,
Salient Glacier,-78.1,163.0833,glacier,SCAR CGA 12620 (United States of America),3,,
Sally Glacier,-62.6979,-60.4144,glacier,SCAR CGA 12637 (United Kingdom),3,"Sally Rocks, Lóbulo",
Salmon Glacier,-77.9667,164.0833,glacier,SCAR CGA 12641 (United States of America),3,,
Saltzman Glacier,-78.65,-84.85,glacier,SCAR CGA 18283 (United States of America),3,,
San Martín Glacier,-82.4,-42.2333,glacier,SCAR CGA 12672 (United States of America),3,,
Sanctuary Glacier,-86.0,-150.4167,glacier,SCAR CGA 12686 (United States of America),3,,
Sandford Glacier,-66.6667,129.8333,glacier,SCAR CGA 12704 (United States of America),3,,
Sandhøhallet Glacier,-71.8667,9.8333,glacier,SCAR CGA 12707 (United States of America),3,Sandhøhallet,
Sandy Glacier,-77.4833,161.95,glacier,SCAR CGA 12720 (United States of America),3,,
Saparevo Glacier,-62.8967,-62.3889,glacier,SCAR CGA 18472 (Bulgaria),3,,
Sargent Glacier,-85.3833,-163.8333,glacier,SCAR CGA 12743 (United States of America),3,,
Saturn Glacier,-72.0,-68.5833,glacier,SCAR CGA 12752 (United States of America),3,"Saturno, glaciar",
Saussure Glacier,-67.1833,-67.0,glacier,SCAR CGA 12764 (United States of America),3,,
Savage Glacier,-72.4667,-96.15,glacier,SCAR CGA 12765 (United States of America),3,,
Sayce Glacier,-65.0833,-62.9833,glacier,SCAR CGA 12778 (United States of America),3,"Sayce, glaciar",
Scambos Glacier,-77.7333,-149.4167,glacier,SCAR CGA 17551 (United States of America),3,,
Schanz Glacier,-79.75,-83.6667,glacier,SCAR CGA 12801 (United States of America),3,,
Schimper Glacier,-80.3,-25.0833,glacier,SCAR CGA 12817 (United States of America),3,,
Schindewolfgletscher,-71.4667,164.4833,glacier,SCAR CGA 12818 (Germany),3,,
Schlatter Glacier,-77.6833,161.45,glacier,SCAR CGA 12826 (United States of America),3,,
Schmidt Glacier,-79.25,-83.7,glacier,SCAR CGA 12832 (United States of America),3,,
Schneider Glacier,-79.4833,-84.2833,glacier,SCAR CGA 12843 (United States of America),3,,
Schoeling Glacier,-63.9,-59.35,glacier,SCAR CGA 19906 (United Kingdom),3,,
Schultz Glacier,-77.3167,162.3333,glacier,SCAR CGA 12869 (United States of America),3,,
Schutt Glacier,-78.2667,161.5167,glacier,SCAR CGA 16764 (United States of America),3,,
Schwabengletscher,-70.8833,165.8333,glacier,SCAR CGA 12881 (Germany),3,,
Schweitzer Glacier,-77.8333,-34.6667,glacier,SCAR CGA 12888 (United States of America),3,Schweitzergletscher,
Schytt Glacier,-71.5833,-3.6667,glacier,SCAR CGA 12891 (United States of America),3,Schyttbreen,
Scoble Glacier,-67.3833,60.45,glacier,SCAR CGA 12892 (United States of America),3,,
Scott Glacier,-66.5,100.3333,glacier,SCAR CGA 12902 (United States of America),3,,
Scott Glacier,-85.75,-153.0,glacier,SCAR CGA 12903 (United States of America),3,Robert Scott Glacier,
Scott Keltie Glacier,-71.5333,169.8167,glacier,SCAR CGA 12906 (United States of America),3,,
Scrivener Glacier,-76.95,161.6167,glacier,SCAR CGA 12919 (United States of America),3,,
Scudding Glacier,-76.9,160.75,glacier,SCAR CGA 12924 (United States of America),3,,
Scylla Glacier,-70.3333,67.0,glacier,SCAR CGA 12930 (United States of America),3,,
Sea Lion Glacier,-62.6333,-60.3667,glacier,SCAR CGA 12933 (United States of America),3,,
Seafarer Glacier,-72.9,166.5667,glacier,SCAR CGA 12938 (United States of America),3,,
Seal Glacier,-79.8833,-81.8333,glacier,SCAR CGA 12942 (United States of America),3,,
Seaton Glacier,-66.7167,56.4333,glacier,SCAR CGA 12956 (United States of America),3,,
"Section Peak, Ghiacciaio",-73.2667,161.95,glacier,SCAR CGA 17189 (Italy),3,,
Sedgwick Glacier,-69.85,-69.3667,glacier,SCAR CGA 12972 (United States of America),3,,
Sefton Glacier,-80.75,156.8667,glacier,SCAR CGA 12985 (United States of America),3,,
Seller Glacier,-69.3167,-66.4,glacier,SCAR CGA 12997 (United States of America),3,,
Sennet Glacier,-80.2,158.7,glacier,SCAR CGA 13014 (United States of America),3,,
Sentinel Ice Stream,-73.6333,-73.2333,glacier,SCAR CGA 20082 (United Kingdom),3,,
Serrat Glacier,-70.4,161.0667,glacier,SCAR CGA 13044 (United States of America),3,,
Sessums Glacier,-72.0,-100.55,glacier,SCAR CGA 17555 (United States of America),3,,
Sestrimo Glacier,-63.5,-58.1333,glacier,SCAR CGA 18596 (Bulgaria),3,,
Severinghaus Glacier,-78.6667,-85.25,glacier,SCAR CGA 18287 (United States of America),3,,
"Severnyj, lednik",-72.7,68.3667,glacier,SCAR CGA 13054 (Russia),3,,
Shabica Glacier,-70.35,-62.75,glacier,SCAR CGA 13062 (United States of America),3,,
Shackleton Glacier,-84.5833,-176.3333,glacier,SCAR CGA 13065 (United States of America),3,,
Shackleton Ice Shelf,-66.0,100.0,iceshelf,SCAR CGA 13066 (United States of America),3,,
Shambles Glacier,-67.3333,-68.2167,glacier,SCAR CGA 13082 (United States of America),3,"Shambles, glaciar",
Shanklin Glacier,-84.6167,176.6667,glacier,SCAR CGA 13086 (United States of America),3,,
Shanklin Glacier,-74.2083,-61.625,glacier,SCAR CGA 20315 (United Kingdom),3,,
Shark Fin Glacier,-78.3833,162.9167,glacier,SCAR CGA 13095 (United States of America),3,,
Sharp Glacier,-67.3333,-66.45,glacier,SCAR CGA 13099 (United States of America),3,,
Sharpend Glacier,-76.8667,160.9333,glacier,SCAR CGA 13103 (United States of America),3,,
"Shcheglova, lednik",-81.3333,159.1667,glacier,SCAR CGA 13113 (Russia),3,,
Shearwater Glacier,-77.3167,166.5167,glacier,SCAR CGA 13124 (New Zealand),3,,
Sheathbill Glacier,-77.3,166.6,glacier,SCAR CGA 13126 (New Zealand),3,,
Sheehan Glacier,-70.9333,162.4,glacier,SCAR CGA 13127 (United States of America),3,,
Sheldon Glacier,-67.5,-68.3833,glacier,SCAR CGA 13138 (United States of America),3,,
Shell Glacier,-77.2667,166.4167,glacier,SCAR CGA 13139 (United States of America),3,,
Shennong Glacier,-69.5031,76.0331,glacier,SCAR CGA 13148 (United States of America),3,Shennong Bingchuan,
Shepherd Dome,-74.8667,-99.55,dome,SCAR CGA 13152 (United States of America),3,,
Sheraton Glacier,-73.4478,68.3297,glacier,SCAR CGA 13156 (Australia),3,,
Shinnan Glacier,-67.9167,44.6333,glacier,SCAR CGA 13176 (United States of America),3,Sinnan Hyôga|Carnebreen,
Shipley Glacier,-71.4333,169.2,glacier,SCAR CGA 13183 (United States of America),3,,
Shirase Glacier,-70.0833,38.75,glacier,SCAR CGA 13189 (United States of America),3,Shirase Hyôga|Shirasebreen,
Shoemaker Glacier,-73.7833,164.75,glacier,SCAR CGA 13207 (United States of America),3,,
Shoesmith Glacier,-67.85,-67.2,glacier,SCAR CGA 13209 (United States of America),3,,
Shterna Glacier,-63.9958,-61.8861,glacier,SCAR CGA 19371 (Bulgaria),3,,
Shuman Glacier,-75.25,-139.5,glacier,SCAR CGA 17557 (United States of America),3,,
Sibelius Glacier,-69.9167,-70.0833,glacier,SCAR CGA 13238 (United States of America),3,,
Siege Dome,-84.2667,172.3667,dome,SCAR CGA 13252 (United States of America),3,,
Siegfried Glacier,-69.55,-72.4667,glacier,SCAR CGA 13253 (United States of America),3,,
Siemiatkowski Glacier,-75.9,-144.2,glacier,SCAR CGA 13256 (United States of America),3,,
Sigmen Glacier,-64.0167,-61.9333,glacier,SCAR CGA 18582 (Bulgaria),3,,
Sigyn Glacier,-71.8667,8.6,glacier,SCAR CGA 13270 (United States of America),3,Sigynbreen,
Sikorski Glacier,-71.8167,-98.4,glacier,SCAR CGA 13272 (United States of America),3,,
Sikorsky Glacier,-64.2,-60.8833,glacier,SCAR CGA 13273 (United States of America),3,"Sikorsky, glaciar",
Silk Glacier,-81.15,158.9167,glacier,SCAR CGA 13274 (United States of America),3,,
Simmons Glacier,-75.0,-113.6,glacier,SCAR CGA 13287 (United States of America),3,,
Simpson Glacier,-71.2833,168.6333,glacier,SCAR CGA 13300 (United States of America),3,,
Singer Glacier,-74.2667,-113.95,glacier,SCAR CGA 13315 (United States of America),3,,
Siple Dome,-81.6667,-148.8333,dome,SCAR CGA 16768 (United States of America),3,,
Sirocco Glacier,-69.4167,-68.5167,glacier,SCAR CGA 13338 (United States of America),3,,
Sivjee Glacier,-81.95,159.3833,glacier,SCAR CGA 17347 (United States of America),3,,
Sjögren Glacier,-64.2333,-59.0,glacier,SCAR CGA 13349 (United States of America),3,"Sjogren, Glaciar",
Skaklya Glacier,-77.85,-86.0333,glacier,SCAR CGA 19459 (Bulgaria),3,,
Skallen Glacier,-69.6667,39.55,glacier,SCAR CGA 13365 (United States of America),3,Skallen Hyôga|Skallebreen,
Skaplizo Glacier,-61.2806,-54.1833,glacier,SCAR CGA 19523 (Bulgaria),3,,
Skarsbrotet Glacier,-71.8333,11.75,glacier,SCAR CGA 13377 (United States of America),3,Skarsbrotet,
Skarskvervet Glacier,-71.75,11.5,glacier,SCAR CGA 13382 (United States of America),3,Skarskvervet,
Skellerup Glacier,-81.6333,155.7,glacier,SCAR CGA 17348 (United States of America),3,,
Skelton Glacier,-78.5833,161.5,glacier,SCAR CGA 13400 (New Zealand),3,,
Skinner Glacier,-70.2333,-68.0,glacier,SCAR CGA 13415 (United States of America),3,,
"Skrytyj, lednik",-67.1833,100.0,glacier,SCAR CGA 13446 (Russia),3,,
Skua Glacier,-82.9167,157.6667,glacier,SCAR CGA 13449 (United States of America),3,,
Sladen Summit,-78.1167,162.3833,glacier,SCAR CGA 13467 (United States of America),3,,
Slava Ice Shelf,-68.8167,154.7333,iceshelf,SCAR CGA 13474 (United States of America),3,,
Sledgers Glacier,-71.4333,162.8,glacier,SCAR CGA 13476 (United States of America),3,,
Sleipnir Glacier,-66.4833,-63.9833,glacier,SCAR CGA 13479 (United States of America),3,"Sleipnir, glaciar|Sleipnir, Glaciar",
Slessor Glacier,-79.8333,-28.5,glacier,SCAR CGA 13480 (United States of America),3,Slessorbreen,
Sloket Glacier,-71.9833,4.9,glacier,SCAR CGA 13490 (United States of America),3,Sloket,
Sloman Glacier,-67.6833,-68.55,glacier,SCAR CGA 13493 (United States of America),3,,
Slone Glacier,-71.9333,170.05,glacier,SCAR CGA 13495 (United States of America),3,,
Smaug Glacier,-69.9281,-70.0901,glacier,SCAR CGA 20359 (United Kingdom),3,,
Smith Glacier,-75.0833,-112.0,glacier,SCAR CGA 13527 (United States of America),3,,
Smith Glacier,-65.75,-64.3,glacier,SCAR CGA 19905 (United Kingdom),3,,
Smithson Glacier,-71.25,163.8667,glacier,SCAR CGA 13545 (United States of America),3,,
Snakeskin Glacier,-84.95,170.6667,glacier,SCAR CGA 13561 (United States of America),3,,
Snedeker Glacier,-66.4667,106.8,glacier,SCAR CGA 13565 (United States of America),3,,
Snowshoe Glacier,-68.3167,-66.5833,glacier,SCAR CGA 13594 (United States of America),3,,
Snuggerud Glacier,-72.1167,7.8667,glacier,SCAR CGA 13599 (United States of America),3,Snuggerudbreen,
Snøhetta Dome,-72.1833,-2.8,dome,SCAR CGA 13577 (United States of America),3,Snøhetta,
Socks Glacier,-83.7,170.0833,glacier,SCAR CGA 13607 (United States of America),3,,
Sohm Glacier,-66.1167,-64.8167,glacier,SCAR CGA 13618 (United States of America),3,"Sohm, glaciar",
Solis Glacier,-62.5167,-59.7667,glacier,SCAR CGA 13634 (United States of America),3,"Solís, Glaciar",
Sollas Glacier,-77.7167,162.6,glacier,SCAR CGA 13639 (United States of America),3,,
Solomon Glacier,-78.3833,162.5,glacier,SCAR CGA 13642 (United States of America),3,,
Somero Glacier,-85.0,-167.2,glacier,SCAR CGA 13655 (United States of America),3,,
Somers Glacier,-65.3667,-63.5167,glacier,SCAR CGA 13656 (United States of America),3,,
Somigliana Glacier,-67.0,-67.15,glacier,SCAR CGA 13659 (United States of America),3,,
"Somova, lednik",-71.4333,12.5833,glacier,SCAR CGA 13662 (Russia),3,,
Sorenson Glacier,-74.4667,-111.3667,glacier,SCAR CGA 13683 (United States of America),3,,
Soto Glacier,-71.5167,-61.7667,glacier,SCAR CGA 13708 (United States of America),3,,
Souchez Glacier,-86.2833,-154.0,glacier,SCAR CGA 13714 (United States of America),3,,
South America Glacier,-77.8167,161.7833,glacier,SCAR CGA 13716 (United States of America),3,,
Sowers Glacier,-78.6167,-84.9833,glacier,SCAR CGA 18292 (United States of America),3,,
Spartan Glacier,-71.05,-68.3333,glacier,SCAR CGA 13773 (United States of America),3,,
Spear Glacier,-75.9167,-68.25,glacier,SCAR CGA 13785 (United States of America),3,,
Sphinx Glacier,-62.1889,-58.4583,glacier,SCAR CGA 13808 (Poland),3,,
Spiess Glacier,-72.2,-61.3,glacier,SCAR CGA 13822 (United States of America),3,,
Splettstoesser Glacier,-66.2167,-65.5,glacier,SCAR CGA 19907 (United Kingdom),3,,
Splettstoesser Glacier,-79.2,-84.15,glacier,SCAR CGA 13846 (United States of America),3,,
Spreegletscher,-74.0167,162.7,glacier,SCAR CGA 13863 (Germany),3,,
Spring Glacier,-77.9167,163.1,glacier,SCAR CGA 13867 (United States of America),3,,
Sprocket Glacier,-77.2,160.5667,glacier,SCAR CGA 16771 (United States of America),3,,
Squires Glacier,-73.9667,-62.5833,glacier,SCAR CGA 13880 (United States of America),3,,
Sreburna Glacier,-62.6833,-60.0333,glacier,SCAR CGA 17228 (United States of America),3,Srebarna Glacier|Srebúrna Glacier,
Srite Glacier,-76.0,-69.0,glacier,SCAR CGA 13887 (United States of America),3,,
Stadium Glacier,-61.1167,-54.7333,glacier,SCAR CGA 19899 (United Kingdom),3,,
"Staduhina, lednik",-77.6667,-82.5,glacier,SCAR CGA 13897 (Russia),3,,
Stafford Glacier,-72.5,168.25,glacier,SCAR CGA 13900 (United States of America),3,,
Stagnant Glacier,-70.5,68.55,glacier,SCAR CGA 13902 (Russia),3,,
Staircase Glacier,-72.2667,168.7167,glacier,SCAR CGA 13907 (United States of America),3,,
Stancomb-Wills Glacier,-75.3,-19.0,glacier,SCAR CGA 13916 (United States of America),3,,
Stange Ice Shelf,-73.25,-76.5,iceshelf,SCAR CGA 13925 (United States of America),3,,
"Stanjukovicha, shel'fovyj lednik",-69.5833,31.0833,glacier,SCAR CGA 13927 (Russia),3,,
Stapleton Glacier,-72.9333,-102.5,glacier,SCAR CGA 17562 (United States of America),3,,
Starbuck Glacier,-65.6333,-62.15,glacier,SCAR CGA 13938 (United States of America),3,,
Starshot Glacier,-81.3333,160.3333,glacier,SCAR CGA 13947 (United States of America),3,,
Steagall Glacier,-85.6333,-161.9,glacier,SCAR CGA 13963 (United States of America),3,,
Steingardbreen,-71.47,16.43,glacier,SCAR CGA 20008 (Norway),3,,
Stenhouse Glacier,-62.0667,-58.4167,glacier,SCAR CGA 14002 (United States of America),3,,
Steuri Glacier,-76.3833,-112.4,glacier,SCAR CGA 14022 (United States of America),3,,
Stevenson Glacier,-70.1,72.8,glacier,SCAR CGA 14026 (United States of America),3,,
Stewart Glacier,-77.4833,-151.4167,glacier,SCAR CGA 14032 (United States of America),3,,
Stockholm Glacier,-74.84,-120.2,glacier,SCAR CGA 20429 (United Kingdom),3,,
Stocking Glacier,-77.7,161.8333,glacier,SCAR CGA 14053 (United States of America),3,,
Strahan Glacier,-67.6333,64.6167,glacier,SCAR CGA 14110 (United States of America),3,,
Strandline Glacier,-74.7083,164.0167,glacier,SCAR CGA 14113 (New Zealand),3,,
Strandzha Glacier,-62.6389,-59.9061,glacier,SCAR CGA 17426 (Bulgaria),3,,
Strange Glacier,-74.8333,-63.6667,glacier,SCAR CGA 14117 (United States of America),3,,
Stratton Glacier,-80.3667,-29.0,glacier,SCAR CGA 14122 (United States of America),3,,
Strauss Glacier,-77.3333,-139.6667,glacier,SCAR CGA 14127 (United States of America),3,,
Stringfellow Glacier,-64.1667,-60.3,glacier,SCAR CGA 14144 (United States of America),3,,
Strom Glacier,-85.1667,-164.5,glacier,SCAR CGA 14150 (United States of America),3,,
Struma Glacier,-62.6069,-60.1167,glacier,SCAR CGA 17427 (Bulgaria),3,,
Stubb Glacier,-65.6833,-62.1667,glacier,SCAR CGA 14162 (United States of America),3,,
Stuckless Glacier,-78.2667,166.2,glacier,SCAR CGA 16906 (United States of America),3,,
Stuttflog Glacier,-71.9333,4.75,glacier,SCAR CGA 14174 (United States of America),3,Stuttflogbreen,
Styles Glacier,-72.5536,68.4203,glacier,SCAR CGA 14181 (Australia),3,"Loshkina, lednik",
Styx Glacier,-74.0333,163.85,glacier,SCAR CGA 14184 (United States of America),3,,
Suess Glacier,-77.6333,162.6667,glacier,SCAR CGA 14205 (United States of America),3,,
Sullivan Glacier,-69.7,-70.75,glacier,SCAR CGA 14214 (United States of America),3,,
Sullivan Glacier,-71.5,162.4167,glacier,SCAR CGA 14215 (New Zealand),3,,
Sultan Glacier,-61.1333,-55.35,glacier,SCAR CGA 14222 (United States of America),3,"Sultan, glaciar",
Sulzberger Ice Shelf,-77.0,-148.0,iceshelf,SCAR CGA 14227 (United States of America),3,,
Summers Glacier,-72.2167,167.4667,glacier,SCAR CGA 14230 (United States of America),3,,
Sumner Glacier,-68.8833,-65.6667,glacier,SCAR CGA 14235 (United States of America),3,,
Sunfix Glacier,-69.2667,-64.5,glacier,SCAR CGA 14244 (United States of America),3,,
Sunshine Glacier,-67.4042,-68.14,glacier,SCAR CGA 18996 (United Kingdom),3,,
Sunshine Glacier,-60.6333,-45.5,glacier,SCAR CGA 14249 (United States of America),3,,
Support Force Glacier,-82.75,-46.5,glacier,SCAR CGA 14251 (United States of America),3,,
Suter Glacier,-73.5167,167.1667,glacier,SCAR CGA 14270 (United States of America),3,,
Suvorov Glacier,-69.9333,160.0,glacier,SCAR CGA 14277 (United States of America),3,"Suvorova, lednik",
Suárez Glacier,-64.9333,-62.9333,glacier,SCAR CGA 14189 (United States of America),3,"Suárez, Ventisquero|Petzval Glacier",
Svartbreen,-71.96,18.56,glacier,SCAR CGA 20009 (Norway),3,,
Svea Glacier,-72.1333,1.8833,glacier,SCAR CGA 14296 (United States of America),3,Sveabreen,
Svendsen Glacier,-70.35,160.0,glacier,SCAR CGA 14300 (United States of America),3,,
Svetovrachene Glacier,-64.2583,-62.1833,glacier,SCAR CGA 19592 (Bulgaria),3,,
Swann Glacier,-73.8833,-61.8,glacier,SCAR CGA 14317 (United States of America),3,"Swann, glaciar",
Swanson Glacier,-71.5,160.4,glacier,SCAR CGA 14318 (United States of America),3,,
Swift Glacier,-64.3667,-57.7667,glacier,SCAR CGA 14330 (United States of America),3,"Swift, glaciar",
Swinburne Ice Shelf,-77.1667,-153.9167,iceshelf,SCAR CGA 14332 (United States of America),3,,
Swinford Glacier,-84.75,164.1667,glacier,SCAR CGA 14334 (United States of America),3,,
Swithinbank Glacier,-67.9333,-66.7667,glacier,SCAR CGA 14337 (United States of America),3,,
Swope Glacier,-77.3333,-145.8333,glacier,SCAR CGA 14341 (United States of America),3,,
Sykes Glacier,-77.5833,161.5333,glacier,SCAR CGA 14344 (United States of America),3,,
Sylwester Glacier,-84.2333,159.8,glacier,SCAR CGA 14345 (United States of America),3,,
Sölch Glacier,-67.0667,-66.3833,glacier,SCAR CGA 13629 (United States of America),3,,
Sør-Rondanebreen,-71.86,29.13,glacier,SCAR CGA 20010 (Norway),3,,
Sørsdal Glacier,-68.6833,78.25,glacier,SCAR CGA 13698 (United States of America),3,Sørsdalbreen,
Tait Glacier,-64.3667,-58.0333,glacier,SCAR CGA 14384 (United States of America),3,"Tait, glaciar",
Talbot Glacier,-65.2,-63.2333,glacier,SCAR CGA 14397 (United States of America),3,,
Talos Dome,-73.0,158.0,dome,SCAR CGA 14405 (United States of America),3,,
Tama Glacier,-68.7833,40.3667,glacier,SCAR CGA 14408 (United States of America),3,Tama Hyôga|Perlebreen,
"Taneeva, lednik",-71.4,-72.75,glacier,SCAR CGA 14414 (Russia),3,,
Targovishte Glacier,-62.5489,-59.6431,glacier,SCAR CGA 17972 (Bulgaria),3,,
Tate Glacier,-85.9,-160.8333,glacier,SCAR CGA 14446 (United States of America),3,,
Tatsu Glacier,-69.9179,-70.0581,glacier,SCAR CGA 20362 (United Kingdom),3,,
Taylor Dome,-77.6667,157.6667,dome,SCAR CGA 14455 (United States of America),3,,
Taylor Glacier,-77.7333,162.1667,glacier,SCAR CGA 14457 (United States of America),3,,
Taylor Glacier,-67.45,60.8333,glacier,SCAR CGA 14456 (United States of America),3,,
Tedrow Glacier,-77.9667,161.8333,glacier,SCAR CGA 14481 (United States of America),3,,
"Tekuchij, lednik",-69.8333,68.25,glacier,SCAR CGA 14490 (Russia),3,,
Telemeter Glacier,-77.8,160.2,glacier,SCAR CGA 14495 (United States of America),3,,
Telen Glacier,-69.6333,39.7,glacier,SCAR CGA 14496 (United States of America),3,Telen Hyôga|Telebreen|Telen,
Temple Glacier,-64.0,-60.0167,glacier,SCAR CGA 14510 (United States of America),3,,
Tern Glacier,-77.2833,166.5333,glacier,SCAR CGA 14545 (New Zealand),3,,
Terra Nova Glacier,-77.45,167.7,glacier,SCAR CGA 16908 (United States of America),3,,
Terror Glacier,-77.6167,168.05,glacier,SCAR CGA 14566 (United States of America),3,,
Teteven Glacier,-62.4606,-59.8725,glacier,SCAR CGA 17944 (Bulgaria),3,,
Thamyris Glacier,-64.5667,-63.325,glacier,SCAR CGA 18571 (Bulgaria),3,,
The Slot,-82.6667,155.0833,glacier,SCAR CGA 13498 (New Zealand),3,,
The Stadium,-61.1167,-54.7,glacier,SCAR CGA 13895 (United States of America),3,"Estadio, glaciar",
Thomas Glacier,-78.6667,-84.0,glacier,SCAR CGA 14610 (United States of America),3,,
Thomas Glacier,-72.85,-61.15,glacier,SCAR CGA 20322 (United Kingdom),3,,
Thompson Glacier,-66.75,123.65,glacier,SCAR CGA 14625 (United States of America),3,,
Thomson Glacier,-73.45,-80.2167,glacier,SCAR CGA 17567 (United States of America),3,,
Thomson Summit,-75.2667,-72.4333,glacier,SCAR CGA 14643 (United States of America),3,,
Thunder Glacier,-64.8333,-63.4,glacier,SCAR CGA 14679 (United States of America),3,,
Thurston Glacier,-73.3,-125.3,glacier,SCAR CGA 14683 (United States of America),3,,
Thwaites Glacier,-75.5,-106.75,glacier,SCAR CGA 14685 (United States of America),3,,
Thwaites Glacier Tongue,-75.0051,-106.8334,glacier,SCAR CGA 14686 (New Zealand),3,,
Thyer Glacier,-67.7167,48.75,glacier,SCAR CGA 14689 (United States of America),3,,
Tillite Glacier,-83.85,166.0,glacier,SCAR CGA 14720 (United States of America),3,,
Tingey Glacier,-73.5614,68.3581,glacier,SCAR CGA 14734 (Australia),3,,
Tinker Glacier,-74.0,164.8333,glacier,SCAR CGA 14739 (United States of America),3,,
Tinsel Dome,-63.7333,-58.9167,dome,SCAR CGA 14741 (United States of America),3,,
Titan Dome,-88.5,165.0,dome,SCAR CGA 14746 (United States of America),3,,
Tocci Glacier,-72.1667,168.3,glacier,SCAR CGA 14760 (United States of America),3,,
Todd Glacier,-68.05,-67.05,glacier,SCAR CGA 14761 (United States of America),3,,
Tofani Glacier,-68.35,-65.5833,glacier,SCAR CGA 14770 (United States of America),3,,
Tofte Glacier,-68.8,-90.7,glacier,SCAR CGA 14771 (United States of America),3,"Tofte, Glaciar|Toftebreen",
Tomilin Glacier,-69.5,159.0,glacier,SCAR CGA 14790 (United States of America),3,"Tomilina, lednik",
Topside Glacier,-76.7,160.95,glacier,SCAR CGA 14815 (United States of America),3,,
Tordenbreen,-71.21,21.78,glacier,SCAR CGA 20011 (Norway),3,,
Torii Glacier,-71.3167,35.6333,glacier,SCAR CGA 14827 (United States of America),3,"Torii, Glacier",
Torlegård Glacier,-67.95,-54.875,glacier,SCAR CGA 19904 (United Kingdom),3,,
Toro Mazote Glacier,-64.8167,-62.85,glacier,SCAR CGA 14832 (United Kingdom),3,"Toro Mazote, Glaciar",
Totten Glacier,-67.0,116.3333,glacier,SCAR CGA 14847 (United States of America),3,,
Touchdown Glacier,-79.8,158.1667,glacier,SCAR CGA 14852 (United States of America),3,,
Tower Glacier,-62.2083,-58.4583,glacier,SCAR CGA 14861 (Poland),3,,
Towle Glacier,-76.6333,161.0833,glacier,SCAR CGA 14866 (United States of America),3,,
Towles Glacier,-72.4167,169.0833,glacier,SCAR CGA 14868 (United States of America),3,,
Toynbee Glacier,-69.5833,-69.5833,glacier,SCAR CGA 14870 (United States of America),3,,
Tracy Glacier,-65.95,102.3333,glacier,SCAR CGA 14873 (United States of America),3,,
Trafalgar Glacier,-72.4667,168.4167,glacier,SCAR CGA 14875 (United States of America),3,,
Trail Glacier,-73.5667,61.5833,glacier,SCAR CGA 14878 (United States of America),3,,
Trainer Glacier,-72.5667,167.4833,glacier,SCAR CGA 14881 (United States of America),3,,
Transition Glacier,-70.4333,-68.8167,glacier,SCAR CGA 14889 (United States of America),3,,
Tranter Glacier,-82.5333,161.75,glacier,SCAR CGA 14893 (United States of America),3,,
Tranter Glacier,-66.9667,-66.4667,glacier,SCAR CGA 20323 (United Kingdom),3,,
Traub Glacier,-62.4667,-59.7833,glacier,SCAR CGA 14896 (United States of America),3,"Traub, Gran Glaciar",
Traversegletscher,-70.7333,162.2,glacier,SCAR CGA 14898 (Germany),3,,
Trench Glacier,-70.2,-69.1833,glacier,SCAR CGA 14905 (United States of America),3,"Trench, glaciar",
Trepetlika Glacier,-64.2556,-60.8472,glacier,SCAR CGA 19549 (Bulgaria),3,,
Trepidation Glacier,-78.7667,162.35,glacier,SCAR CGA 14913 (United States of America),3,,
Treskavets Glacier,-61.2167,-54.0833,glacier,SCAR CGA 19533 (Bulgaria),3,,
Triangular Glacier,-63.8583,-57.8533,glacier,SCAR CGA 19896 (United Kingdom),3,,
Trio Glacier,-71.35,-68.3833,glacier,SCAR CGA 17856 (United Kingdom),3,,
Trooz Glacier,-65.3333,-63.9667,glacier,SCAR CGA 14991 (United States of America),3,"Trooz, Glaciar",
True Glacier,-74.6333,-111.75,glacier,SCAR CGA 15002 (United States of America),3,,
Trögergletscher,-70.7,162.95,glacier,SCAR CGA 14977 (Germany),3,,
Tucker Glacier,-72.5333,169.25,glacier,SCAR CGA 15028 (United States of America),3,,
Tulaczyk Glacier,-78.5833,-85.8833,glacier,SCAR CGA 18295 (United States of America),3,,
Tumble Glacier,-69.95,-69.3333,glacier,SCAR CGA 15044 (United States of America),3,,
Tundzha Glacier,-62.5917,-60.5083,glacier,SCAR CGA 17933 (Bulgaria),3,,
Turk Glacier,-73.3525,68.3236,glacier,SCAR CGA 15060 (Australia),3,"Krichaka, lednik",
Turnabout Glacier,-77.7667,160.7167,glacier,SCAR CGA 15066 (United States of America),3,,
Turnback Dome,-76.08,65.361,dome,SCAR CGA 18728 (Australia),3,,
Turner Glacier,-67.6167,-68.4833,glacier,SCAR CGA 15072 (United States of America),3,,
Tverregg Glacier,-73.45,-3.6,glacier,SCAR CGA 15107 (United States of America),3,Tverreggbreen,
Twin Pinnacles,-62.1333,-58.1,glacier,SCAR CGA 15127 (United States of America),3,"Mellizos, glaciar|Mellizos, Islote",
Twombley Glacier,-80.5833,157.75,glacier,SCAR CGA 15139 (United States of America),3,,
Tyler Glacier,-72.25,168.5833,glacier,SCAR CGA 15141 (United States of America),3,,
Tôtyaku Hyôga,-71.3333,35.75,glacier,SCAR CGA 14850 (Japan),3,,
Tønnesen Glacier,-72.0667,3.4667,glacier,SCAR CGA 14802 (United States of America),3,Tønnesenbreen,
Ueda Glacier,-75.25,-64.5833,glacier,SCAR CGA 15156 (United States of America),3,,
Underwood Glacier,-66.5833,108.0,glacier,SCAR CGA 15183 (United States of America),3,,
Union Glacier,-79.75,-82.5,glacier,SCAR CGA 15189 (United States of America),3,,
"Universitetskij, Kupol",-69.8167,13.0333,dome,SCAR CGA 15191 (Russia),3,,
"Unkovskogo, lednik",-77.1667,-81.8333,glacier,SCAR CGA 15194 (Russia),3,,
Upper Jaw Glacier,-78.35,162.95,glacier,SCAR CGA 15202 (United States of America),3,,
Upper Staircase,-78.25,161.0,glacier,SCAR CGA 15203 (United States of America),3,,
Uranus Glacier,-71.4,-68.3333,glacier,SCAR CGA 15207 (United States of America),3,"Urano, glaciar",
Urbanek Icefall,-62.1333,-58.5167,glacier,SCAR CGA 15211 (United Kingdom),3,,
Urdoviza Glacier,-62.5244,-60.7256,glacier,SCAR CGA 17932 (Bulgaria),3,,
Usher Glacier,-62.0333,-58.6167,glacier,SCAR CGA 15233 (United States of America),3,,
Uspallata Glacier,-68.1833,-66.8667,glacier,SCAR CGA 15239 (United States of America),3,"Uspallata, glaciar",
Utopia Glacier,-71.85,-68.2667,glacier,SCAR CGA 16618 (United States of America),3,,
Utstikkar Glacier,-67.5456,61.3003,glacier,SCAR CGA 19809 (Australia),3,,
Utstikkar Glacier,-67.55,61.3333,glacier,SCAR CGA 15257 (United States of America),3,Jelbart Glacier,
Vacchi Piedmont Glacier,-74.5667,164.6333,glacier,SCAR CGA 18083 (United States of America),3,Vacchi Ice Piedmont,
Valhalla Glacier,-77.5667,161.9667,glacier,SCAR CGA 15278 (United States of America),3,,
Valkyrie Dome,-77.5,37.5,dome,SCAR CGA 15284 (United States of America),3,Valkyrjedomen,
Vallot Glacier,-67.3,-67.5,glacier,SCAR CGA 15288 (United States of America),3,"Vallot, glaciar",
Van Loon Glacier,-71.0167,163.4,glacier,SCAR CGA 15303 (United States of America),3,,
Van Reeth Glacier,-86.4167,-148.0,glacier,SCAR CGA 15306 (United States of America),3,,
Van der Veen Ice Stream,-84.0326,-133.3901,glacier,SCAR CGA 17570 (New Zealand),3,,
Vandament Glacier,-85.3167,167.1667,glacier,SCAR CGA 15312 (United States of America),3,,
Vanderford Glacier,-66.5833,110.4333,glacier,SCAR CGA 15314 (United States of America),3,,
Vane Glacier,-75.25,-110.3167,glacier,SCAR CGA 15316 (United States of America),3,,
Vangengeym Glacier,-71.2833,13.8,glacier,SCAR CGA 15317 (United States of America),3,"Vangengejmbreen|Vangengejma, Glacier",
Varlamov Glacier,-71.6667,-73.4167,glacier,SCAR CGA 15333 (United States of America),3,"Varlamova, lednik",
Vaughan Glacier,-85.9167,-153.2,glacier,SCAR CGA 15347 (United States of America),3,,
Velasco Glacier,-74.2667,-101.1833,glacier,SCAR CGA 17571 (United States of America),3,,
Venable Ice Shelf,-73.05,-87.3333,iceshelf,SCAR CGA 15375 (United States of America),3,,
Venture Dome,-68.6,62.2167,dome,SCAR CGA 15388 (United States of America),3,,
Venus Glacier,-71.6333,-68.25,glacier,SCAR CGA 15390 (United States of America),3,"Venus, glaciar",
Venzke Glacier,-75.0,-134.4,glacier,SCAR CGA 15391 (United States of America),3,,
Verdi Ice Shelf,-71.6,-74.5,iceshelf,SCAR CGA 15395 (United States of America),3,,
Vereyken Glacier,-78.4167,163.95,glacier,SCAR CGA 16785 (United States of America),3,,
Verila Glacier,-62.6042,-60.6872,glacier,SCAR CGA 17934 (Bulgaria),3,,
Vestre Orvinbreen,-70.95,7.03,glacier,SCAR CGA 20015 (Norway),3,,
Vestreskorve Glacier,-71.95,5.0833,glacier,SCAR CGA 15451 (United States of America),3,"Skorvebreen, vestre",
Veststraumen Glacier,-74.25,-15.0,glacier,SCAR CGA 15454 (United States of America),3,Veststraumen|Endurance Glacier,
Vetrino Glacier,-62.935,-62.5,glacier,SCAR CGA 18482 (Bulgaria),3,,
Vicha Glacier,-77.6833,-85.8333,glacier,SCAR CGA 19469 (Bulgaria),3,,
Victoria Lower Glacier,-77.3,162.6667,glacier,SCAR CGA 15478 (United States of America),3,Lower Victoria Glacier,
Victoria Upper Glacier,-77.2667,161.4167,glacier,SCAR CGA 15480 (United States of America),3,,
Victory Glacier,-63.8167,-58.4167,glacier,SCAR CGA 15484 (United States of America),3,"Victoria, glaciar|Vivar, Glaciar",
Vidaurrazaga Glacier,-64.8167,-62.8333,glacier,SCAR CGA 15490 (United Kingdom),3,"Vidaurrazaga, Glaciar",
Vidbol Glacier,-64.6667,-62.4944,glacier,SCAR CGA 18597 (Bulgaria),3,,
Vidisen,-70.55,4.452,iceshelf,SCAR CGA 20017 (Norway),3,,
Vidul Glacier,-77.8028,-86.1778,glacier,SCAR CGA 19460 (Bulgaria),3,,
Vindegghallet Glacier,-71.8167,11.25,glacier,SCAR CGA 15526 (United States of America),3,Vindegghallet,
Vinje Glacier,-71.9167,8.0,glacier,SCAR CGA 15529 (United States of America),3,Vinjebreen,
Vit Ice Piedmont,-77.9,-85.1917,glacier,SCAR CGA 19465 (Bulgaria),3,,
Vivaldi Glacier,-70.7833,-69.8333,glacier,SCAR CGA 15551 (United States of America),3,,
Vivallos Glacier,-64.8667,-62.8,glacier,SCAR CGA 15553 (United States of America),3,"Vivallos, Ventisquero",
"Viéville, glaciar",-62.1667,-58.3333,glacier,SCAR CGA 15503 (Argentina),3,"Vieville, Glaciar",
"Vladimira Chelomeja, lednik",-74.1667,-9.0,glacier,SCAR CGA 15561 (Russia),3,,
"Voejkova, shel'fovyj lednik",-66.3333,124.5,glacier,SCAR CGA 15566 (Russia),3,,
Vogel Glacier,-65.0,-63.1667,glacier,SCAR CGA 15567 (United States of America),3,"Vogel, glaciar",
Von Guerard Glacier,-77.65,163.3333,glacier,SCAR CGA 16788 (United States of America),3,,
Vornberger Glacier,-73.9167,-125.0667,glacier,SCAR CGA 17572 (United States of America),3,,
Voyeykov Ice Shelf,-66.3333,124.6333,iceshelf,SCAR CGA 15606 (United States of America),3,,
Vrana Dome,-69.8833,73.4667,dome,SCAR CGA 15608 (United States of America),3,,
"Vstrechnyj, lednik",-80.6167,-49.0,glacier,SCAR CGA 15610 (Russia),3,,
Waddington Glacier,-78.05,161.45,glacier,SCAR CGA 15629 (United States of America),3,,
Wager Glacier,-69.8,-69.3833,glacier,SCAR CGA 15635 (United States of America),3,,
Wahl Glacier,-83.9833,165.1,glacier,SCAR CGA 15641 (United States of America),3,,
Walcott Glacier,-78.2333,163.25,glacier,SCAR CGA 15656 (United States of America),3,,
Waldron Glacier,-66.5167,130.0,glacier,SCAR CGA 15666 (United States of America),3,,
Wales Glacier,-77.6167,163.5167,glacier,SCAR CGA 15670 (United States of America),3,,
Walk Glacier,-73.6333,-94.3,glacier,SCAR CGA 15675 (United States of America),3,,
Walker Glacier,-77.3333,160.6208,glacier,SCAR CGA 18016 (United States of America),3,,
Wallend Glacier,-64.9667,-62.2167,glacier,SCAR CGA 15694 (United States of America),3,,
Wallis Glacier,-71.2333,168.25,glacier,SCAR CGA 15696 (United States of America),3,,
Walsh Glacier,-69.55,158.75,glacier,SCAR CGA 15703 (United States of America),3,,
Walter Glacier,-69.2833,-70.35,glacier,SCAR CGA 15708 (United States of America),3,,
Wanda Glacier,-62.1083,-58.3583,glacier,SCAR CGA 15715 (Poland),3,,
Ward Glacier,-78.1578,163.4711,glacier,SCAR CGA 15724 (New Zealand),3,,
Ward Glacier,-67.2333,-67.4,glacier,SCAR CGA 15723 (United States of America),3,"Ward, glaciar",
Warning Glacier,-71.5333,170.35,glacier,SCAR CGA 15742 (United States of America),3,,
Warr Glacier,-72.1833,-98.3167,glacier,SCAR CGA 17576 (United States of America),3,,
Warszawa Dome,-62.2,-58.5833,dome,SCAR CGA 15753 (United States of America),3,"Warszawa Icefield (Dome, Peninsula)|Warszawa Icefield",
Watkins Glacier,-72.95,-60.85,glacier,SCAR CGA 20324 (United Kingdom),3,,
Watts Summit,-83.2,-50.5167,glacier,SCAR CGA 15788 (United States of America),3,,
Waverly Glacier,-74.0167,-61.6333,glacier,SCAR CGA 15795 (United States of America),3,,
Weatherwax Glacier,-77.6333,163.6,glacier,SCAR CGA 17157 (United States of America),3,,
Webb Glacier,-77.3167,160.75,glacier,SCAR CGA 15806 (United States of America),3,,
Webster Glacier,-79.1,-86.1833,glacier,SCAR CGA 15823 (United States of America),3,,
Wehrle Dome,-76.0333,65.4167,dome,SCAR CGA 15851 (Australia),3,,
Weir Glacier,-66.0667,-64.7,glacier,SCAR CGA 15857 (United States of America),3,,
Wellman Glacier,-64.4833,-61.4333,glacier,SCAR CGA 15878 (United States of America),3,"Wellman, glaciar",
Wells Glacier,-73.5333,-61.1833,glacier,SCAR CGA 15881 (United States of America),3,,
Wessbecher Glacier,-78.8833,-84.3,glacier,SCAR CGA 15896 (United States of America),3,,
West Ice Shelf,-66.6667,85.0,iceshelf,SCAR CGA 15908 (United States of America),3,,
Westeis,-66.3333,87.5,iceshelf,SCAR CGA 15919 (Germany),3,,
Westfalengletscher,-70.7,164.1667,glacier,SCAR CGA 15922 (Germany),3,,
Westliches Hochfeld,-71.8333,11.5,glacier,SCAR CGA 6489 (Germany),3,,
Wetmore Glacier,-74.6333,-63.5833,glacier,SCAR CGA 15929 (United States of America),3,"Wetmore, glaciar",
Weyerhaeuser Glacier,-68.75,-65.5333,glacier,SCAR CGA 15934 (United States of America),3,"Weyerhaeuser, glaciar",
Wheatstone Glacier,-64.7333,-62.5167,glacier,SCAR CGA 15946 (United States of America),3,,
Whewell Glacier,-72.0667,169.7833,glacier,SCAR CGA 15954 (United States of America),3,,
Whiplash Glacier,-72.2667,167.7,glacier,SCAR CGA 15958 (United States of America),3,,
Whisky Glacier,-63.9417,-58.0333,glacier,SCAR CGA 18144 (United Kingdom),3,,
White Eagle Glacier,-62.1389,-58.1333,glacier,SCAR CGA 15970 (Poland),3,,
White Glacier,-75.75,-140.8333,glacier,SCAR CGA 15972 (United States of America),3,,
Whitecloud Glacier,-63.9167,-59.5333,glacier,SCAR CGA 15984 (United States of America),3,"Whitecloud, glaciar",
Whitehall Glacier,-72.7167,169.4167,glacier,SCAR CGA 15986 (United States of America),3,,
Whitney Glacier,-85.65,-160.0,glacier,SCAR CGA 15998 (United States of America),3,,
Whittle Glacier,-66.3667,114.2167,glacier,SCAR CGA 16004 (United States of America),3,,
Widdowson Glacier,-66.7167,-65.7667,glacier,SCAR CGA 16009 (United States of America),3,"Widdowson, glaciar",
Wiedenmanngletscher,-78.15,-35.5,glacier,SCAR CGA 16017 (Germany),3,,
Wiggins Glacier,-65.2333,-64.05,glacier,SCAR CGA 16024 (United States of America),3,,
Wildwind Glacier,-76.8667,161.1667,glacier,SCAR CGA 16039 (United States of America),3,,
Wilhelm Glacier,-72.7667,166.6167,glacier,SCAR CGA 16046 (United States of America),3,,
Wilkins Ice Shelf,-70.25,-73.0,iceshelf,SCAR CGA 16057 (United States of America),3,,
Wilkinson Glacier,-66.8333,-66.3333,glacier,SCAR CGA 16061 (United States of America),3,"Wilkinson, glaciar",
Willey Glacier,-70.4167,-67.8333,glacier,SCAR CGA 16070 (United States of America),3,,
William Glacier,-64.7167,-63.45,glacier,SCAR CGA 16072 (United States of America),3,"Tolosa, glaciar|William, Glaciar",
Williams Glacier,-78.1,162.3,glacier,SCAR CGA 16078 (United States of America),3,,
Williams Glacier,-68.4017,149.5936,glacier,SCAR CGA 18716 (Australia),3,,
Williams Ice Stream,-73.25,-88.45,glacier,SCAR CGA 17578 (United States of America),3,,
Williamson Glacier,-66.6667,114.1,glacier,SCAR CGA 16090 (United States of America),3,,
Willis Glacier,-77.2667,162.0833,glacier,SCAR CGA 16101 (United States of America),3,,
Wilma Glacier,-67.2,56.0,glacier,SCAR CGA 16105 (United States of America),3,,
Wilson Glacier,-66.7667,56.4167,glacier,SCAR CGA 16108 (United States of America),3,,
Wilson Piedmont Glacier,-77.25,163.1667,glacier,SCAR CGA 16115 (United States of America),3,,
Wimple Dome,-63.6333,-58.85,dome,SCAR CGA 16128 (United States of America),3,,
Windy Glacier,-62.15,-58.475,glacier,SCAR CGA 16140 (Poland),3,,
Winklergletscher,-70.6167,162.9333,glacier,SCAR CGA 16146 (Germany),3,,
Wirdnam Glacier,-78.4167,162.0333,glacier,SCAR CGA 16153 (United States of America),3,,
Withrow Glacier,-77.4,-156.4167,glacier,SCAR CGA 16170 (United States of America),3,,
Wood Glacier,-72.4833,166.7,glacier,SCAR CGA 16192 (United States of America),3,,
Woodberry Glacier,-75.1,161.6333,glacier,SCAR CGA 16197 (United States of America),3,,
Woodbury Glacier,-64.7833,-62.3333,glacier,SCAR CGA 16199 (United States of America),3,,
Worcester Summit,-82.6,-52.3667,glacier,SCAR CGA 16213 (United States of America),3,,
Wordie Ice Shelf,-69.25,-67.75,iceshelf,SCAR CGA 16215 (United States of America),3,"Wordie, barrera de hielos|Wordie Ice Shelf*|Wordie, Barrera de Hielos",
Wotkyns Glacier,-86.0667,-131.4167,glacier,SCAR CGA 16228 (United States of America),3,,
Wright Lower Glacier,-77.4167,163.0,glacier,SCAR CGA 16235 (United States of America),3,,
Wright Upper Glacier,-77.5333,160.5833,glacier,SCAR CGA 16241 (United States of America),3,Upper Wright Glacier,
Wubbold Glacier,-69.3333,-71.5833,glacier,SCAR CGA 16250 (United States of America),3,,
Wulfila Glacier,-62.5442,-59.7422,glacier,SCAR CGA 17967 (Bulgaria),3,,
Wunderlichgletscher,-72.9167,168.0,glacier,SCAR CGA 16254 (Germany),3,,
Wyatt Glacier,-68.3,-66.1667,glacier,SCAR CGA 16263 (United States of America),3,,
Wyckoff Glacier,-84.1833,164.6667,glacier,SCAR CGA 16270 (United States of America),3,,
Wyers Ice Shelf,-67.1833,49.9,iceshelf,SCAR CGA 16271 (United States of America),3,,
Wylde Glacier,-73.5333,166.7,glacier,SCAR CGA 16274 (United States of America),3,,
Yablanitsa Glacier,-62.9464,-62.5172,glacier,SCAR CGA 18483 (Bulgaria),3,,
Yakoruda Glacier,-62.475,-59.9436,glacier,SCAR CGA 17953 (Bulgaria),3,,
Yamato Glacier,-71.4167,35.5833,glacier,SCAR CGA 16339 (United States of America),3,"Yamato, Glacier",
Yamen Glacier,-77.6389,-85.5167,glacier,SCAR CGA 19470 (Bulgaria),3,,
Yancey Glacier,-80.2333,158.5,glacier,SCAR CGA 16342 (United States of America),3,,
Yates Glacier,-70.8167,-62.2,glacier,SCAR CGA 16356 (United States of America),3,,
Yeats Glacier,-85.0167,-175.0,glacier,SCAR CGA 16360 (United States of America),3,,
Yoder Glacier,-75.1167,-114.4,glacier,SCAR CGA 16376 (United States of America),3,,
Young Glacier,-78.0667,-84.8167,glacier,SCAR CGA 16380 (United States of America),3,,
Yozola Glacier,-69.4417,-71.3972,glacier,SCAR CGA 18563 (Bulgaria),3,,
Zalewski Glacier,-62.1833,-58.6333,glacier,SCAR CGA 16427 (Poland),3,,
Zaneveld Glacier,-85.4333,-176.4167,glacier,SCAR CGA 16432 (United States of America),3,,
Zapol Glacier,-78.5833,-85.85,glacier,SCAR CGA 18302 (United States of America),3,,
Zbelsurd Glacier,-64.0319,-61.9917,glacier,SCAR CGA 19358 (Bulgaria),3,,
Zbyszek Glacier,-62.075,-57.9333,glacier,SCAR CGA 16458 (Poland),3,,
Zeller Glacier,-80.9167,156.5,glacier,SCAR CGA 16471 (United States of America),3,,
Zenith Glacier,-71.8667,163.75,glacier,SCAR CGA 16472 (United States of America),3,,
Zephyr Glacier,-69.4667,-68.6,glacier,SCAR CGA 16475 (United States of America),3,,
Zetland Glacier,-78.0167,163.8167,glacier,SCAR CGA 16480 (United States of America),3,,
Zhenda Glacier,-77.8833,-86.0,glacier,SCAR CGA 19457 (Bulgaria),3,,
Zheravna Glacier,-62.5472,-59.6822,glacier,SCAR CGA 17970 (Bulgaria),3,,
Zinberg Glacier,-72.35,-96.0667,glacier,SCAR CGA 17582 (United States of America),3,,
Zlatiya Glacier,-64.3444,-62.5167,glacier,SCAR CGA 19572 (Bulgaria),3,,
Znosko Glacier,-62.1,-58.4833,glacier,SCAR CGA 16516 (United Kingdom),3,,
Zoller Glacier,-77.8833,162.3,glacier,SCAR CGA 16518 (United States of America),3,,
Zonda Glacier,-69.55,-68.5,glacier,SCAR CGA 16520 (United States of America),3,,
Zotikov Glacier,-85.0333,-169.25,glacier,SCAR CGA 16522 (United States of America),3,,
Zubchatyy Ice Shelf,-67.2167,49.0833,iceshelf,SCAR CGA 16527 (United States of America),3,"Zubchatyj, shel'fovyj lednik",
Zuniga Glacier,-74.5667,-111.85,glacier,SCAR CGA 16540 (United States of America),3,,
Zwally Glacier,-71.2122,165.1367,glacier,SCAR CGA 18985 (United States of America),3,,
Zybkij Glacier,-66.7992,89.0817,glacier,SCAR CGA 16547 (Australia),3,"Zybkij, lednik",
Zykov Glacier,-70.6167,164.7667,glacier,SCAR CGA 16548 (United States of America),3,"Zykova, lednik",
Zélée Glacier,-66.8667,141.1667,glacier,SCAR CGA 16465 (United States of America),3,"Zélée, Glacier de la",
Škorpil Glacier,-66.6306,-66.2667,glacier,SCAR CGA 18776 (Bulgaria),3,,
